market_date,top100|DG-GMV,top100|DG-Asym,top100|DG-HRP,top100|DG-Shrink,top100|gerber_c0.5,top100|ledoit_wolf,top100|ans,top100|hrp,top100|equal_weight,top400|DG-GMV,top400|DG-Asym,top400|DG-HRP,top400|DG-Shrink,top400|gerber_c0.5,top400|ledoit_wolf,top400|ans,top400|hrp,top400|equal_weight
2017-01-04,1.0024641368638392,1.0022595923937259,1.003784350208208,1.0022215788492488,0.9999889625105488,1.0006285608005472,1.001015211726099,1.0036391685938253,1.005381867661384,0.9951202239970577,0.9949973647141305,1.006311741027856,0.9913696103265826,0.9931939946071109,0.9908100348037091,0.9943202693398102,1.006495855181721,1.008674797934661
2017-01-05,1.0046128841373358,1.0044469912734446,1.0050269092089292,1.0047716385314365,1.0011311127817917,1.0024702971510606,1.0031364100233602,1.0051203674148177,1.0048418406834596,0.995173276854509,0.9959182594847277,1.0048711082601725,0.9954914175443399,0.9964636452812184,0.9942067306025408,0.9977386763728338,1.0053069005391337,1.0052904077586684
2017-01-06,1.003760029407409,1.0040985220216305,1.0091635971739,1.0046964607971909,1.0017662405854222,1.0043545420902724,1.005346433791455,1.0091660081417742,1.010219967578514,0.9966468131577061,0.9983259156124825,1.0075895847053613,0.998859035546862,0.9995548701460367,0.9995814417242694,1.0031475909331184,1.0078794548496526,1.0084251692104624
2017-01-09,1.0010335323014752,1.0010811912249138,1.0060663548644948,1.0020150051140628,0.9980757903364408,1.0024103832215894,1.0034375021355364,1.0060304485219038,1.0071467245003756,0.9934094038521138,0.9962546307961101,1.002224783108796,0.9970604340209211,0.996041363427797,0.9999713410036464,1.003725130488836,1.0025098586495964,1.0026999511511643
2017-01-10,0.9976382674119361,0.9978570012020269,1.004638536888362,0.9992693147347943,0.9934673615332584,1.0005390967273153,1.0013046384240647,1.004764885401,1.006671645020399,0.9923391728654338,0.9932771793813778,1.002074728854799,0.9941060494491126,0.9928240755543157,0.9929241234845463,0.9990722134749311,1.0024368565642816,1.004177002676236
2017-01-11,0.9964689336059925,0.9971538051854808,1.0060493612975205,0.9979736039926647,0.995196188816939,0.9968891119525911,0.9981724875844868,1.005901833071309,1.009487553666987,0.9910284697019304,0.9918223856710725,1.0045468064507668,0.9916848214090314,0.9900747536539712,0.9895852185318846,0.9965417605789563,1.0051325438300576,1.0076325904385324
2017-01-12,0.9968890724220505,0.9972264999727827,1.0046290005426017,0.997789360974157,0.9933530326411991,0.9968056584139031,0.9980185275454988,1.0046893599689652,1.0070908426211818,0.99234452785396,0.9926524976787936,1.0034821620251217,0.9959631762981711,0.9961570756043526,0.9926522878913205,0.999217478349086,1.004165531619048,1.0054718069595316
2017-01-13,0.9973568371190831,0.9979465115721295,1.0055172529831238,0.9982540053334626,0.994110644840133,0.9976088915993857,0.9984572209101381,1.0054516628268861,1.0087578855040333,0.9925485106564079,0.9934391945046254,1.0049108562053877,0.9970403137867926,0.9970814756673245,0.9922609432378902,0.9989832850671786,1.0055728944883782,1.0072354213448493
2017-01-17,1.0019404915635173,1.0023862612401906,1.006764284731483,1.0035196192956175,0.997865580704749,1.005304631761502,1.0061020364334303,1.0071126287639818,1.0060894433058483,0.9933360357663551,0.9940730531548169,1.0059522919890485,0.9988118902936107,0.9991806450589752,0.9962557808357385,1.002086194053424,1.0065399535312074,1.0049532913073025
2017-01-18,1.0023056910188286,1.0031313991019064,1.008160899752589,1.0037730381743282,0.9988366537526235,1.0053133991016043,1.0056418154563134,1.0081957958713235,1.0086762543203218,0.9940584518791945,0.9960503333925341,1.0080065566512715,0.999385169220073,1.0006758736737305,0.9980327747316677,1.003174395984469,1.0083328396481752,1.00777321986567
2017-01-19,0.9980942971372112,0.9991136545356282,1.0046563887922015,0.999792527555006,0.9926567206501057,1.00146385153268,1.0018771965585342,1.0047644662962165,1.0056082075086665,0.9839635110883447,0.987356671099453,1.0030480631668806,0.994422394045597,0.996855561304983,0.9947716497615579,0.9990381440006968,1.0032393547516059,1.0029189330331152
2017-01-20,1.0019621842702762,1.0042289745508235,1.007238867157301,1.0026165921891155,0.9966000933008842,1.0005737320222703,1.0011201898990019,1.00676792820961,1.0080147785910407,0.9854451837027282,0.9885672551973917,1.0064173718477112,0.9944412237067977,0.999467513483914,0.991108850669135,0.9959036110365163,1.0061284080346329,1.0069434904896248
2017-01-23,0.9994173420164959,1.0020205216283844,1.0033319674242236,1.0008837646734214,0.9921066112675628,1.0012666424770669,1.0019020629812498,1.0030539786646082,1.0031409696443396,0.9823835088865461,0.9862863439295294,1.0036768137390069,0.9939061705675197,0.9974592342901727,0.9960830037083901,0.9976225629498618,1.0031023732227184,1.0037429650910856
2017-01-24,0.9959974717602126,0.9990037194566208,1.005403544337682,0.9966454901642506,0.9915345769010031,0.9934307964729284,0.9945579891622097,1.0050283342074067,1.0091728843361154,0.9830713120587578,0.9876628053732402,1.0105942650609283,0.9951087533832843,0.9990536832039609,0.9971374150352186,0.9974063682511803,1.0098679115831728,1.0131149567514228
2017-01-25,0.9974571189887944,1.0010000350475843,1.0099286651139714,0.9968875265155746,0.9924038889080871,0.9896936761351763,0.9918206665020903,1.0091136783068937,1.01637772446014,0.989575808636697,0.9926928186195528,1.0161277015941095,1.0016355141123556,1.0037039975399644,1.0065639150142862,1.0048002106613838,1.01505427294659,1.0209104841708831
2017-01-26,0.9975686792225906,1.0010705985657231,1.009145290945875,0.997371004476367,0.9909940579187538,0.9912418462063145,0.9936398197651816,1.0084348124200897,1.0158494500479758,0.9887995726780264,0.9926966205727087,1.0132802425773937,1.003580614932679,1.0022693570885088,1.013435186486161,1.007080073247426,1.0128103259172099,1.0183410177009469
2017-01-27,0.9968938075875613,0.9999167296676317,1.008719225288243,0.9978687239761982,0.9925730645659115,0.9942772385279082,0.9951401644352229,1.00766237021999,1.0148541735391055,0.9907828204943754,0.9955847235495096,1.0118756011892645,1.010027283789683,1.0110985851452945,1.018017273503859,1.0106159575835678,1.0115221336515463,1.016255214901421
2017-01-30,0.9974885128196481,1.0001363322148156,1.0054481937689408,0.9988729598219948,0.9924865329407638,0.9953707742461974,0.9966702831015009,1.0045763045151603,1.0093090284647224,0.9854456342430008,0.9908285504782102,1.0082008998541159,1.0065841720409523,1.0108607807383416,1.0132562597007988,1.0064866323772232,1.0078507189270947,1.0107820250696002
2017-01-31,0.9932664421289438,0.9961265333051109,1.0050722793432494,0.9941266597740062,0.9853215478702273,0.9877377543742903,0.9900192339196959,1.00471706618139,1.0084830088236971,0.9828850939616262,0.987366468757938,1.009474122073737,1.0029909404947217,1.0069754925658672,1.0079440443328742,1.0040462286739997,1.009472955427884,1.0116487495720323
2017-02-01,0.9835795700340269,0.9878695557154604,0.99998222233059,0.9846547524917783,0.9726722188786118,0.9753146159498409,0.9793791022444942,1.0002182474477732,1.0060574803358169,0.978398523884241,0.977949877778458,1.0044003823616194,0.9958736901632369,0.9934738449437464,1.0159665401197038,1.0072458957317,1.004459937385435,1.0083599350975607
2017-02-02,0.9866209682835637,0.9907913914432415,1.0009631260762064,0.9867875047710248,0.9774838973409561,0.9748489235877495,0.9799529559390255,1.0019059636603598,1.0052146547025667,0.9830665939508839,0.9808776372086101,1.0078115184036978,1.0005138853167297,1.000598256287914,1.01302192366334,1.0076197256387356,1.0083234607289968,1.0101493815777378
2017-02-03,0.9854116728943815,0.9901260816796487,1.0069607263510583,0.9850103670770854,0.9780712818379566,0.9719322670564018,0.9772257918374692,1.0084250375558625,1.0142682525167892,0.9802576401899855,0.980069427749857,1.0134024241677724,0.9998320654500115,0.9997926517973869,1.009058279047736,1.0061245219088664,1.014026368825167,1.0174197417891557
2017-02-06,0.9837662574544105,0.9884475161800333,1.0048308744126269,0.9834520608959211,0.9757048249359509,0.9711502518417024,0.9768521864902112,1.006010228992896,1.0120681047935953,0.9812184264470705,0.9803276204730047,1.0107797937165424,0.9989341571222837,0.9999471344794933,1.0130832829917056,1.009314790255762,1.01158341990528,1.0148802565667538
2017-02-07,0.984803204028827,0.9894529565299578,1.0064720206906108,0.9846559332699789,0.975551987618519,0.9738595987615015,0.9795800466870266,1.0073447128332453,1.012575652142022,0.98011502948933,0.9790756785727022,1.0117195236712118,0.9980200060854032,0.9978261314533543,1.0116542400543194,1.009089633523452,1.0124438815575558,1.0149294222132472
2017-02-08,0.9858069041685941,0.990523750870731,1.0082952616547531,0.9864409299674033,0.9769127290538038,0.977021684763569,0.9826500928376881,1.0087901534084094,1.0131496835621145,0.982171573998119,0.9823111947000133,1.0151301460049333,1.0015691423251412,1.0016474497853318,1.0125271614463693,1.0099896976452827,1.0153968919463334,1.0173157471707626
2017-02-09,0.9892581541494606,0.9935006628418555,1.0121556865347203,0.9900641040449891,0.979545552512505,0.9808202156172987,0.9864191796472199,1.0126862425637204,1.017974208788235,0.9848006287254999,0.9846235500270225,1.0207325758874861,1.0022600918867326,1.0078480303643347,1.0087855619904018,1.0088378446944521,1.021201652167063,1.0242870234797277
2017-02-10,0.9926881304849464,0.9969311062107387,1.0164878574296334,0.9933674424408196,0.9851383807966206,0.9850775069729725,0.9900985924405306,1.0174595863686655,1.0222496544021058,0.988163230628735,0.9890334116022887,1.0253535805215546,1.0086865970255146,1.016616311705153,1.01607908505077,1.0141865140290633,1.0258733866483964,1.0293467464073944
2017-02-13,0.9967531976170165,1.0013945106543682,1.0215225950143143,0.9975122332818468,0.9910718086718621,0.9895324453714169,0.994396836866174,1.0225424710162312,1.0278004423152851,0.9931982894118349,0.992962049094204,1.0293560891976021,1.0129385715182508,1.0210680463678055,1.018342778455749,1.0165112054905903,1.0301772358627057,1.0341686029419654
2017-02-14,1.0005607786359683,1.0052391142924253,1.0256838222653955,1.0015587666508121,0.9946569597191783,0.9936515210640924,0.998927998589302,1.0264640471763762,1.0331079520054214,0.9961756087149546,0.9949925687372162,1.031316043762315,1.0140337075971126,1.0213954207087603,1.0218164408698354,1.0211518377374105,1.032165539615461,1.037004976530894
2017-02-15,1.0028953523851365,1.0076287974226084,1.0301751501211447,1.0044517162263518,0.9994340845724736,0.9989288712861767,1.003162327024672,1.030674136271434,1.0380546469985474,0.9997935984162767,0.9993334596138259,1.0354372892493386,1.0202292625899554,1.0264628693914162,1.0301584745674317,1.02772937452137,1.0370449232128454,1.0414105719277647
2017-02-16,1.0108691763654336,1.015760492781355,1.0317030890797494,1.0134910292267607,1.0075592621095288,1.0112530591126068,1.0149004951719154,1.0321504542034672,1.0372322814160724,1.008516483592153,1.0084058770928148,1.0352504882144304,1.031528158262969,1.0351478939881424,1.0432971877570403,1.037245652098989,1.0367423472054813,1.0391578907878605
2017-02-17,1.0114595526227277,1.0158750328345771,1.034876106969858,1.0128511053501137,1.0050085812127099,1.0108881174128816,1.0138653969240032,1.03559999153885,1.0395514541183375,1.0147016639722373,1.0147147111085382,1.0389406671962496,1.0358989891630932,1.035960460085269,1.0443404758648505,1.0397123888011703,1.040441203946507,1.04143317247725
2017-02-21,1.0178844691569158,1.0226047143638155,1.0417632706346247,1.019066799420314,1.0087939453882948,1.0148148872006255,1.017538982288533,1.0427319163727953,1.04663824061961,1.020435530799912,1.0210254937116505,1.0456412034759404,1.041582043420167,1.041922883536804,1.0510270449403876,1.046112660883956,1.0468968806234245,1.0481818778399408
2017-02-22,1.0210675789585553,1.0256498604818658,1.0422473595169357,1.0225812662932603,1.0110263054469486,1.0191768932191323,1.0218005789322244,1.0429281476981398,1.045887645736259,1.0231471209037095,1.0242525840032612,1.0439133931226432,1.0444415879370708,1.0445967451594507,1.0533235366453477,1.0474382208041146,1.0451034729761806,1.045624349388158
2017-02-23,1.0268326666900942,1.031879525139234,1.0451786011835629,1.0284564460359091,1.0169903826885425,1.0257434784896118,1.0280035718994285,1.0457718824600943,1.0463601521658383,1.0277823836097675,1.0301148630737456,1.0435543472128785,1.0486908298284336,1.051289680546005,1.053494149369956,1.0482037623498492,1.0447054064740728,1.0434748755116527
2017-02-24,1.0326736433121269,1.0376041067960358,1.0490585758168383,1.035035636959454,1.023751561216259,1.0331723950797522,1.0354196283248904,1.0501829821931308,1.0479445304111443,1.0330850007796697,1.0352285806405328,1.0486395996766018,1.053767350203039,1.056473397570088,1.0599489688965618,1.0546857875532851,1.0499847574048438,1.0467692986044024
2017-02-27,1.0315025351036695,1.0367709025693599,1.0481317108048986,1.0346742394596626,1.023943182150276,1.0344024943101868,1.0362627365458212,1.0492487969710191,1.0491258813308726,1.0307333086561088,1.0327737485402078,1.047955025109805,1.0543382997404478,1.0560556564056696,1.0602658355859245,1.0528566457103392,1.04913522951147,1.0483056285188963
2017-02-28,1.0308812521768875,1.0354018872957995,1.0470150248158205,1.0337382617087276,1.022885701684853,1.0335592878749076,1.0351420146315986,1.0476373111925066,1.0468739489164132,1.0302591050501724,1.033854300273253,1.0456347100202952,1.0546996396969828,1.0592496754635357,1.0590634010724327,1.0511169272648095,1.04651652640927,1.0450408859435294
2017-03-01,1.0408540286571695,1.0458853203197311,1.0579127262584471,1.044799791914532,1.0349396902817807,1.0467619878009529,1.047723563403621,1.0580527687479142,1.0615150556542048,1.0396805968799818,1.0438674004834994,1.0564935628700902,1.0644611338100953,1.0706001816539512,1.0705296817988357,1.0612077128326933,1.057412687307977,1.0585807404804692
2017-03-02,1.041058889505911,1.0459276375623532,1.0552695430174455,1.0437313300548154,1.0337049551923272,1.0434170421208298,1.0441877085248386,1.0553106322102006,1.055983638068865,1.0347566997962927,1.0394074913851883,1.0520003682021584,1.0581625005091486,1.063370168841898,1.0610564900745993,1.0528302188969223,1.0528628793547135,1.05154419258236
2017-03-03,1.0383317265441423,1.0438437134555951,1.0536676744611209,1.0411278806545152,1.0327508571468638,1.0412585001864574,1.041664881853933,1.0538151576204076,1.055885835615061,1.0315086188973288,1.0367128579457972,1.0508004897788514,1.0546342151131152,1.0603978300352237,1.058670986375382,1.050188184545025,1.0511617069845838,1.051520790369105
2017-03-06,1.0357453134127672,1.0412536083041306,1.0513479150260967,1.039247152989318,1.030708113984505,1.0398662710804383,1.0405412208694742,1.0516164601131825,1.053326650047769,1.0309799644504076,1.0358298543536932,1.0470118324590576,1.0541977875612585,1.0613383712921642,1.0578026425113316,1.0498377464209547,1.0473843908211953,1.046982127257374
2017-03-07,1.0354271754739264,1.0411157861347764,1.04973331991157,1.0394760787754307,1.0313530738264018,1.0405454683420803,1.0413114636401823,1.050168036376303,1.0512543151650824,1.0289417916158108,1.033715343188299,1.043175600852501,1.0522909088727164,1.0594661281699878,1.0565338771347148,1.0487918550997317,1.043602123030128,1.042828036629381
2017-03-08,1.0329427546934133,1.038829572814334,1.0470621451867816,1.037211013350969,1.0269366922729124,1.0378302633957501,1.0381879890453112,1.0480312974655162,1.0484508621356659,1.0267318146677262,1.0308335815244263,1.0413274106334554,1.0500917993907228,1.056581370191603,1.0525113056713928,1.0451164706053333,1.0418334693027467,1.0397514284991953
2017-03-09,1.0339464300691443,1.0399559299147085,1.0478631427570675,1.0385004160779734,1.0289832429671248,1.0385544838737273,1.0387961837374602,1.049122919092042,1.0491470456799563,1.0282896370884749,1.0320448539027418,1.040924924479306,1.0530181803261742,1.0575290450722528,1.0552264925836923,1.047376910115356,1.0414814088962965,1.0385948592496184
2017-03-10,1.0360367170082627,1.0426483002971723,1.051091069939168,1.0405564188855208,1.03243393481955,1.0405229845357733,1.0404306890513249,1.0523626681575053,1.052282705137553,1.029188396316818,1.0330761260107848,1.0451037709590243,1.0549705904437736,1.0631596798016254,1.0556424857399824,1.0475776069418965,1.0458079711533208,1.0425165817357929
2017-03-13,1.0364351512861172,1.0432088238668022,1.0516635121402937,1.0411473253917856,1.0323238758003468,1.0411309148058165,1.0406705998236438,1.0529174460051838,1.053095806966538,1.0309052556631382,1.0343694444104767,1.0466158292635626,1.056714531620399,1.065976960469634,1.0548260629738826,1.0468530541579295,1.0474769255466538,1.0441419647683927
2017-03-14,1.0360853988215164,1.042918290534006,1.0494755818364143,1.041720792654708,1.033426799571518,1.0428644859337866,1.042600434952359,1.0511893102539582,1.0502683731481413,1.0310112993907128,1.0347659614255686,1.043858930249752,1.0580798865396455,1.067325403212697,1.0561086015270087,1.0476731076270471,1.0444900852636645,1.0399070435528257
2017-03-15,1.043897488268677,1.0508755769273566,1.0579686496234324,1.049450017737024,1.0414319445029867,1.0504312476167827,1.0501436619740008,1.059316202364017,1.05847389958897,1.0374729816036374,1.0404631954596928,1.0540522054755397,1.0624427035206714,1.0712613162284015,1.0574319801017347,1.0494539275798564,1.0545496096366433,1.0511590687395103
2017-03-16,1.043340355696754,1.0500885464811582,1.05606886361721,1.0480781038882752,1.0393651931371555,1.0463651863688601,1.04620916949544,1.0580365953303623,1.0568962258632009,1.0362704868187733,1.0386929875181503,1.05139475065346,1.0610516545347317,1.068083436611427,1.0542316893107673,1.0462105724485358,1.051884908868237,1.0486115216932406
2017-03-17,1.0480238632499033,1.054632542444174,1.0565800350041472,1.0529472027038722,1.042587882460291,1.0515240741088077,1.0518030669249798,1.058647882524363,1.0551951164770077,1.043014120231524,1.0453894761804186,1.0531517898705052,1.0691214819414376,1.0739962048322778,1.065277927063391,1.0561437784378782,1.0536229545134346,1.0484469875179478
2017-03-20,1.0472163197021889,1.053240537142418,1.054629457485193,1.0525364500892056,1.0433122501401793,1.0517913912390457,1.052269420006119,1.0565783386676384,1.0524267280732145,1.0420419157687344,1.0445029006893372,1.0504948840153023,1.0692541015613388,1.074749832049629,1.0660067039360779,1.0563787051188291,1.051236501533938,1.045350550641896
2017-03-21,1.0419594234968605,1.0477049178909876,1.0472362304038951,1.0477922898658742,1.0399209652139385,1.0484307025735378,1.0490465307653503,1.0485237639747176,1.0407209605559813,1.038018136489397,1.0397201049183955,1.041034119359501,1.0644052208196926,1.0728826584730917,1.0601463139961234,1.051515167529621,1.0413030649928723,1.0317423110577246
2017-03-22,1.0401205185838756,1.046506623519739,1.0473691495205297,1.0463347672512417,1.038187208493383,1.049584174475479,1.049643871173526,1.0488413149219298,1.0415362484861113,1.0388449905970683,1.0412863191149864,1.0433492453011897,1.065799238021922,1.071886911072478,1.0639143293356914,1.054777083310049,1.0437501786366479,1.0346379083567239
2017-03-23,1.0384708066564148,1.0448385508805558,1.0454732940450224,1.0434945897006804,1.0375407900789353,1.0435902048254209,1.0442665519160723,1.04721001261909,1.0397109389960695,1.037772281866543,1.0394033808011385,1.0424803781819698,1.0628023183824642,1.0716730568877895,1.0615275168044034,1.0520362570734365,1.0426842251461954,1.0342742791807369
2017-03-24,1.036842309948384,1.0432682821547437,1.0442068440855206,1.042450915663249,1.038005547484746,1.0431972591132685,1.0439266036403523,1.0461731916336117,1.0386836821535583,1.0378910559506396,1.0396867991718062,1.0412625520817218,1.0639333465990874,1.0716703956750622,1.0619559564944434,1.051715520627307,1.041776270364073,1.0338780966843344
2017-03-27,1.0358852888070165,1.0420767793247625,1.0427877799609397,1.0417662020376959,1.0378551288036308,1.0432903454702156,1.0438549176653087,1.0450317946848697,1.0369825869471276,1.038690207885658,1.0404195449632327,1.0394224484665402,1.0662973356413885,1.0707769939514804,1.0655741968598254,1.054098668981515,1.0402098255994539,1.0321776679491572
2017-03-28,1.0390180197859666,1.04532549788147,1.0485234699202235,1.0451406951743492,1.0405544098021289,1.0474747033326632,1.0480212633129593,1.050785459613917,1.0444657199198635,1.042952472552669,1.0457582225615334,1.0455939415372542,1.0728866542319042,1.074384901423384,1.0696157982624368,1.0589204448792624,1.0465216605493963,1.0402938106182946
2017-03-29,1.036463286546211,1.0422614080538988,1.0477267887438069,1.0415260166645228,1.0362967933442124,1.041865097018642,1.0425771552199643,1.050113106709774,1.044004941820763,1.0407589517772182,1.0431013605050101,1.0460686102692736,1.0698329137584932,1.0740134438227595,1.065552607217308,1.0546400300739511,1.0470497134337065,1.0423497777515218
2017-03-30,1.0381925508559116,1.0434634221403205,1.0502029330093725,1.0431468121243952,1.0383366761755262,1.0439879504071952,1.0447915942901964,1.0527781564938408,1.0481835796276502,1.0445747320198324,1.04795540545691,1.0478091444047823,1.075723479081486,1.0770185013994054,1.072461231917528,1.0597597316935996,1.0488332945557657,1.0448573358826545
2017-03-31,1.0349136469644145,1.0402490735826873,1.0478779531053728,1.0397392502039486,1.0351422492982154,1.0395332146017484,1.0400492869215052,1.0504332960638845,1.0454431847776824,1.042184839359221,1.0443928308437935,1.0468569525951845,1.0715884525238577,1.0733645465634039,1.07042127318721,1.0571146364624349,1.0477775569244767,1.0436144894498296
2017-04-03,1.0359049471888488,1.0408365545567444,1.0470285200469578,1.0401212908836963,1.0356401954011734,1.0395142063857945,1.0403922411259443,1.0495985737257512,1.0435862183349376,1.041136213798497,1.044380536157593,1.0431787033914144,1.0711339862263054,1.0743278981482476,1.0676407618419708,1.0562416446375864,1.043901681386888,1.039631758133495
2017-04-04,1.036194538292586,1.040970430684506,1.0478351326965032,1.0413787225511932,1.0363161105330811,1.0420592729422051,1.042920201818773,1.0503094113506308,1.0438822456771795,1.0424481760639464,1.0457630405843767,1.0422887579818991,1.0718795613207603,1.0758166781448364,1.0697076296252346,1.0604078048867078,1.0432031325809044,1.03816291518759
2017-04-05,1.0347949531377394,1.0398506888484675,1.04492170346828,1.0406899904429978,1.0365381066163095,1.0417353692545508,1.0425439918120043,1.0478531342570687,1.0402415082088972,1.0392916639058911,1.0427134884658713,1.0402729254751066,1.0686339422501618,1.0745432042589516,1.0637121191977972,1.055217116097447,1.0410323812105169,1.0354003903984335
2017-04-06,1.0338068388104564,1.0388631305589908,1.0460310849887458,1.0389639288132337,1.0370005960633495,1.0395107805561679,1.040013338675535,1.0486858306381552,1.0421426175615154,1.0356035071493481,1.0403595730565256,1.0430071232555906,1.0659960488854614,1.0724088814352635,1.0628344282083382,1.054364599938721,1.0440308907654672,1.0399991208908481
2017-04-07,1.0337506736978403,1.0386621105036007,1.0460017985115149,1.0376928790475828,1.0355453981716713,1.036851672143719,1.0375190733775197,1.0483941326758057,1.0411911846622912,1.0345888355944761,1.038085781118657,1.042591591546845,1.0630659105187599,1.070049843250429,1.057982423680511,1.0508820415123552,1.0433956262468487,1.0392171883983738
2017-04-10,1.0326941905144618,1.0375177029362281,1.0466073614301066,1.036760845559401,1.0337543372987188,1.0356171825108458,1.0361691048559099,1.048944456567355,1.0419707955834694,1.0347047716941788,1.0381010296610977,1.0441681221611163,1.0639315454374376,1.069977969744202,1.0587599448743084,1.0518507590107036,1.0453234615396225,1.0409373424412383
2017-04-11,1.0336579557394203,1.0384494474946786,1.046522890484202,1.0375856449876093,1.0362502448767605,1.0361866185933821,1.0369406918972301,1.048807030962537,1.0406828793717535,1.0335538927538066,1.0363456947570384,1.044278668865685,1.0612665416249158,1.0677960925605132,1.0559160360362116,1.0488945097671218,1.0454278297443893,1.0410073861277036
2017-04-12,1.0350532805160215,1.0401854229449432,1.044524965033238,1.0393175368602954,1.0370919620536245,1.0375644571821605,1.0386780810567837,1.0468178429702462,1.0364321063404827,1.0325416784730526,1.0365670083722978,1.0396704554852763,1.0639154694777653,1.068664322196241,1.0611486155065968,1.0509505577339104,1.0410156512694044,1.0347082229026072
2017-04-13,1.0315955428141177,1.036767725503143,1.0393994970790021,1.0355662702408999,1.0331471200809208,1.0331994857453202,1.0345525804129343,1.04154999584271,1.029717121624369,1.0285735719928488,1.031356871128527,1.0340243366219541,1.0579227908999078,1.0626406122432455,1.0535364779861185,1.0439580305820646,1.035398469422269,1.027746581061931
2017-04-17,1.0395207015455628,1.044487473433705,1.0469972299818446,1.0433525352815611,1.040099036140277,1.0403985171797645,1.041811371544546,1.0494680660560907,1.0387923692504286,1.03615248300102,1.0370882929302316,1.0425555275718248,1.0622857731533455,1.0665546112816517,1.0600599137722841,1.0511456679631992,1.0438119801553223,1.036911064859823
2017-04-18,1.0368364559191325,1.0418123498014416,1.045987274691025,1.0388384478988946,1.0361248658438325,1.034086234089313,1.0353662156464307,1.0483997600902755,1.0361349953019439,1.0324833601510572,1.033831286846435,1.040623915683282,1.0583201841514074,1.0664584406079363,1.0560896259535058,1.0471497856656133,1.0422909970408705,1.0337017741436278
2017-04-19,1.0356202168683781,1.0405530808132488,1.043986016110034,1.0368070903783908,1.03396092961769,1.0300340797089882,1.0312093397586763,1.0462912171392342,1.033965586297314,1.0323212280911083,1.0342567845367103,1.0410003142520534,1.0578323325511296,1.0653543628348427,1.0556371212654136,1.0460800536145294,1.0427313022342284,1.03369057461451
2017-04-20,1.0408860850842236,1.0460699938035085,1.0500904308580237,1.0431525762103901,1.0411628281676424,1.037085232548262,1.0386065291746298,1.052929322779674,1.041058802220596,1.0375307458378977,1.0386104148144337,1.0483230074342365,1.0625137042608575,1.069679015485704,1.0602205760729015,1.0519915540949802,1.0504171060325729,1.0423933044863145
2017-04-21,1.0387816888209485,1.0444123254163313,1.04816557974032,1.0428198879343566,1.0421680790355647,1.0393029522294215,1.0417078659913621,1.0509048777715466,1.038410971558982,1.0359226888925546,1.0363563617852432,1.0458515086682676,1.061642250435744,1.0707925644935752,1.059244728302991,1.0527564231821196,1.0484191003071008,1.0390438183513393
2017-04-24,1.0447051704211707,1.0502775363847066,1.0565899669532228,1.047847231000583,1.0484813814418006,1.0440391694663564,1.0461820058923685,1.059393597854602,1.0494126033018951,1.0430276666297342,1.0425241504688698,1.054734875435412,1.0681881780732152,1.0769418925336416,1.0666507171208035,1.0593461037761358,1.0575098915016838,1.0492391613207914
2017-04-25,1.0489720219443663,1.0553588683330113,1.0631768090665363,1.0530616778611621,1.057872424685294,1.0493249921447976,1.0513523963774487,1.0667997323040177,1.0567113716795722,1.0458041963665654,1.0452794539964945,1.0595670334861593,1.071876858983456,1.0811867242420523,1.067243128556706,1.0623020565275894,1.062562266626708,1.055008515173861
2017-04-26,1.050083593638561,1.0567124412939317,1.0629967667280444,1.0531900304363195,1.056727965979219,1.0491862815325101,1.051832866012023,1.0666022699885838,1.0562694227435094,1.043710248881957,1.0438309599892308,1.0582577786408327,1.0697882551684,1.0752343233283166,1.0658708206112284,1.0606799222069097,1.0615277845703441,1.0542644380562838
2017-04-27,1.0531754530101252,1.0585288431156383,1.0659545977793736,1.0577157520315297,1.0611566627970286,1.056177050426987,1.0586804117900368,1.0697871121499205,1.0587179559292887,1.0442110094621104,1.0420099085269943,1.0593146173715229,1.070016249146356,1.078516713821129,1.0621541758002595,1.0585593817005223,1.0630009896842656,1.054536828344462
2017-04-28,1.0493363103948852,1.054433130104521,1.063401729574431,1.0545827296932841,1.0582372521880234,1.053123608712122,1.056105738674354,1.0672562493851891,1.0558145219991502,1.0417406643867244,1.0401817589684113,1.0555010213007305,1.0681390992008286,1.0782999246886171,1.0600441093764645,1.0565221017347275,1.0593327411464228,1.0498315207852225
2017-05-01,1.0490182200862985,1.0544570574839467,1.0628346162905649,1.0546025901943716,1.0567473263253768,1.0535328396813453,1.0568837910708189,1.06685180576951,1.0563191581256834,1.0430187675668072,1.0412710906379619,1.0549476044928594,1.0706137936537534,1.0796727423560324,1.0625254769150332,1.0583924895645962,1.0588140876807681,1.049810868787176
2017-05-02,1.0499131866100646,1.0549148810015334,1.0636260714292303,1.0551275535589206,1.0593984959592613,1.0541846539012025,1.057880886333876,1.0678184768268868,1.0564588394864887,1.0423459260021,1.0388101591270409,1.0564329993670873,1.067975350681382,1.08235424464107,1.0614001446960015,1.057618860791976,1.0598178137224026,1.0507304583972092
2017-05-03,1.0473078509151674,1.052434182302403,1.0629000725540467,1.0515319506645273,1.0556710114740593,1.0495692646485248,1.0531931349371644,1.0668559702352858,1.0567449652325522,1.0426854346512076,1.0403649510812882,1.0537753963372218,1.0691350013481893,1.084937293331524,1.0630417847255198,1.0582943724532294,1.0561602471249827,1.047734550321214
2017-05-04,1.052115981953031,1.0571743973742302,1.0652234973113994,1.056535582407573,1.058650873826554,1.0563915941416901,1.0601203560834063,1.0691165895328492,1.0579220000649996,1.0494168212911943,1.044507116531742,1.0574561684409138,1.0726361512697664,1.0913288484954138,1.0620392082634866,1.0581790580812087,1.0595958126526823,1.0491467441727778
2017-05-05,1.0546584390184919,1.0599671739877887,1.0677077522200844,1.0596776344671492,1.0624709763317026,1.0600323555507147,1.0633600605495492,1.071711245735608,1.060149527643764,1.0521501994388762,1.048646325425379,1.0623367481682853,1.0770851925184652,1.0945204761827114,1.066575521487657,1.0628653390860563,1.0646016539931118,1.054738238567908
2017-05-08,1.055563639240893,1.0609351465097583,1.0659841458637953,1.06061350299407,1.0630113623525945,1.0599838601446732,1.0630784199230552,1.0697343841958813,1.0581261495574394,1.049438304399011,1.0468486532970953,1.0596301972678401,1.0757412576863874,1.093881605999496,1.0617658232149767,1.057798561818722,1.061973893410693,1.0525928332592187
2017-05-09,1.054455116289761,1.0602523236103394,1.0650502368019408,1.0599710504806021,1.0611162803241998,1.0579822428797068,1.061007846389226,1.0687803513235474,1.0570117048272012,1.0480120107287902,1.047350995545337,1.0586253633445344,1.0773071690671179,1.094999321212395,1.0628827675565025,1.0581440569651506,1.061096723448481,1.05216721003495
2017-05-10,1.0523359253573754,1.0576329697551212,1.0641019745514102,1.0578350692361047,1.0567070697495702,1.0560531371677129,1.0598785018920645,1.0679653593443816,1.058744693283293,1.0485802833000926,1.048395135256382,1.0608660843506392,1.0809343351896135,1.0904908016168864,1.0686867987997613,1.0634074779392253,1.0636149472222423,1.056265310532036
2017-05-11,1.05258644735184,1.057610175917341,1.062680988381106,1.057661876211631,1.0561858052388389,1.0552413465428838,1.0590011170167362,1.0665962241974705,1.0573785911567264,1.047930857293709,1.0478962892645585,1.0581635633780135,1.07933082462328,1.091300281903703,1.0650872600568544,1.0611916754083683,1.0611802502716023,1.052243457137482
2017-05-12,1.0506920587416442,1.0558145787988162,1.0609598618751754,1.056187020027881,1.0540764576556778,1.0534811870904002,1.056945947533877,1.064803573898838,1.0558113211781626,1.045442054320276,1.0461781963648258,1.0544698635105776,1.077159489410131,1.087961810152944,1.062160972466641,1.0583748589619923,1.0577459221277183,1.0482243881367252
2017-05-15,1.0544573847507026,1.0597311062877912,1.0656425308618638,1.060122427337131,1.0567051247407344,1.0566199815537718,1.0596337718193622,1.0696708933190042,1.0618311833319398,1.0458729610826922,1.0466986235058013,1.0597971205482795,1.077340396992255,1.0889543160908568,1.061629608299327,1.0587005079608094,1.0630933915243594,1.0547192475456222
2017-05-16,1.0525197271113271,1.0577967969725557,1.063626334133621,1.057219427610599,1.0535693063891323,1.0524374194426718,1.0551478873397693,1.0670038306340603,1.0605438314435136,1.0398308303702568,1.0410558490912698,1.0567148710005048,1.0707552138142145,1.0850717381876125,1.0543560679031097,1.051999626982983,1.0599160306036575,1.052535214120884
2017-05-17,1.0417034227499105,1.0477321213284811,1.0500562826301765,1.046383315764103,1.0423176962442855,1.0430810327844176,1.046283833830704,1.052936468485742,1.0416647789534859,1.0339160885076129,1.0356625227161524,1.0445990477361429,1.0657944343423882,1.0796963085406843,1.0483096005768642,1.045415038052367,1.0472136778294134,1.0358148951411439
2017-05-18,1.0445942747331594,1.0509973994399489,1.052610152511953,1.0497942125933764,1.0448680570961153,1.0465035352464598,1.0495167102818743,1.055431654825635,1.0448177193148753,1.0370656560167315,1.038746159090002,1.0474512614717653,1.0714028975045558,1.083945142425464,1.0536936604387293,1.0494472791397063,1.0505004934994027,1.0392052121949988
2017-05-19,1.0506249558213803,1.0570536618291464,1.0588612372646888,1.0556764485668089,1.048093963156866,1.051967846730602,1.0550443929732671,1.061563693479482,1.0510903181740396,1.0351220823968543,1.0372786782052847,1.0536839204708959,1.069981389307846,1.0840468734072581,1.053822478707625,1.0492961124903672,1.0567509138533433,1.0469026875210576
2017-05-22,1.0561195238302232,1.0621483006031465,1.0647664214256862,1.060040449031867,1.0537913605220408,1.0552732766142003,1.0581264504796724,1.0673834694148376,1.0569786251220004,1.0425350772640163,1.0448452482474488,1.0605088871887984,1.0765216797024142,1.0906930542166047,1.0624415897476105,1.055744213549211,1.0632846311522037,1.053066611849871
2017-05-23,1.0577342954225153,1.0632378745112279,1.0665943159785283,1.0619783754415224,1.0546371414691313,1.0584646640317823,1.0613639499628125,1.0695384050122927,1.0599744096235515,1.0420116913082373,1.0452615234981721,1.0601714636675421,1.0744309080650862,1.0866496953511922,1.0614771105139744,1.0565026637793353,1.0633448928219726,1.0538335882979506
2017-05-24,1.0605015139396907,1.0655554443122703,1.0697874347719372,1.0646278375242446,1.0559084598881523,1.0608920394320562,1.063670087175431,1.0724487676287522,1.06310791185288,1.0460268314835872,1.0486843415998994,1.063623779707449,1.0790108857888314,1.0904909329772137,1.0653560619649036,1.05998070848879,1.0668345232806862,1.0563462270762316
2017-05-25,1.0643481027081283,1.0694531851955,1.076504992151749,1.0682383562877549,1.059982657326165,1.065782796836564,1.0685616903714408,1.0790128683686913,1.0693469229292045,1.0498291651829859,1.052200681115969,1.069764548493614,1.0817101402508253,1.0944000362379187,1.071963223458815,1.0673880652855283,1.0730386775500174,1.0613903016306478
2017-05-26,1.0657469079485593,1.0705915483698971,1.0777298418526948,1.0697497828207008,1.0620143910347757,1.06755869856026,1.0702624921757182,1.0802599609992547,1.0704314750158277,1.049279588501441,1.0518814950020245,1.0701919238012343,1.0817342786755382,1.0961080728678316,1.0721583515146704,1.0677055143118115,1.0731203424857374,1.0613573013639477
2017-05-30,1.0661592797011317,1.0706794825850432,1.0778108575315883,1.0708119382276649,1.0627867978098775,1.0699131690659693,1.0725829978390784,1.0805331768325217,1.069019980492183,1.050653334301068,1.054333015291894,1.0700306420179353,1.0831315129075252,1.0969463063600577,1.0728154637897271,1.0686940374621559,1.0730198095580845,1.0595547095627864
2017-05-31,1.0685438591507692,1.072873262309687,1.0805102825862192,1.0727165035942334,1.0645070052127275,1.0724293465982622,1.0748407884603115,1.0831042389658467,1.0701654616909604,1.0544089928322093,1.0570029115686965,1.0724594348651606,1.086860324793146,1.1001016719879848,1.0777678700784525,1.0728801486412878,1.075616584359395,1.0606588111554496
2017-06-01,1.0730441596000857,1.07750844439651,1.0873841739061898,1.0775072756864759,1.0676953403642027,1.0783541965077996,1.0803969101072861,1.0903138854032444,1.0781210895581954,1.0584716941832657,1.0599404259833145,1.0821717800361974,1.088702585973609,1.1007818082249115,1.0792924349169102,1.0759113524334478,1.0852829071282721,1.071212435666378
2017-06-02,1.0749485613500849,1.0793746260538843,1.0915289809463946,1.0783216449418458,1.0700522500554717,1.076943300675934,1.0786538756931527,1.0945374833223143,1.0826173651831354,1.0606595103928635,1.060994551399745,1.0856597257413199,1.091531917300113,1.105181727438789,1.0813386647918466,1.0781788215335768,1.0893647601385585,1.0735747993391849
2017-06-05,1.0740895672853081,1.0784852219760392,1.0900518893340856,1.07718565631633,1.0679097210739228,1.07403626074679,1.0757474030880807,1.0927807398391487,1.081177083645947,1.061367211284409,1.0608783793489402,1.083175403205365,1.091909044200088,1.103488331119502,1.082028007292274,1.0788968821630136,1.0867392967143465,1.0708158939432084
2017-06-06,1.069279734062892,1.0738493201143209,1.0858125067858941,1.0729799837259693,1.0631688843368174,1.0702567697070124,1.0718995666027507,1.0886848701778062,1.0774569772339124,1.0558057507384184,1.0553758940377151,1.0780376602755763,1.0867376816698453,1.0988586369379605,1.0770726288910801,1.0736999292262843,1.0816430425440624,1.0667918027401648
2017-06-07,1.069119389305126,1.0735072019438854,1.0873628533542432,1.0728119000465224,1.064197744656508,1.071483752238938,1.0728361233350927,1.0904437037387196,1.0797306259331856,1.0569642106971933,1.0575153487555944,1.0794372180496965,1.0887848619443206,1.1028035256970237,1.0813983168982422,1.0780833361439721,1.0832471255623153,1.068128652776255
2017-06-08,1.063609446935822,1.0679787364070599,1.083997420385319,1.0667901606382937,1.057899099571078,1.0656202001816357,1.0673217790084557,1.087228162158565,1.0799109737167807,1.0520210914302153,1.0525842714814164,1.0767711110678644,1.0828744962307257,1.0968156436399255,1.0740165663385866,1.0724003364695234,1.0802833822585352,1.0683855906011048
2017-06-09,1.0710868774755375,1.0747656902575786,1.0839460447766893,1.0742498362150017,1.0655761489944278,1.0723853276161448,1.0746902785720207,1.0870072661672598,1.0788826367166993,1.0608771649283117,1.060586957016555,1.0786225497456625,1.0915557255692723,1.1044900664656485,1.0821587261098073,1.080724130326851,1.080867921718408,1.070456382158284
2017-06-12,1.0723628128025222,1.0759573858111091,1.083610539254588,1.0745676326427724,1.0691933589961604,1.071058864592242,1.0731241751284033,1.0866726965999975,1.0784987106141843,1.0628310005398025,1.0613409920128283,1.0796524173913356,1.0921578481331067,1.1037588812934547,1.0835127905041007,1.080576153321343,1.081300877128301,1.071188308999233
2017-06-13,1.07354596166968,1.077328149322779,1.0870024164451875,1.0759047943149311,1.0706447801701044,1.0730178439869273,1.0751097289081608,1.0900448357795705,1.082828436300661,1.0637192593496008,1.0625646460107128,1.084647599317875,1.0949372099808556,1.1074514334633498,1.088175843603017,1.0851079494669515,1.0865938424620558,1.0770478498030942
2017-06-14,1.0784242461248053,1.082128909790236,1.08873129195768,1.0805113677607614,1.0736457155336347,1.076294001133247,1.078609850152245,1.0917863299402384,1.083031219661344,1.066188236039941,1.065860403428404,1.084436093789641,1.097735560292413,1.1101889482236718,1.0912837048151918,1.088468461537911,1.0862075085826286,1.0749363986286267
2017-06-15,1.0790829925330827,1.0826097096659038,1.0880069963572379,1.0805638579751273,1.0734352916650638,1.0748440169260554,1.0772207591496727,1.091019594944426,1.081454826067607,1.064932143807273,1.064182383349719,1.0835724160082587,1.0956264006800993,1.1086837171496113,1.0921263870998337,1.086934516062938,1.0854363990930833,1.073063227170775
2017-06-16,1.0776136381630905,1.0812993221360805,1.0850458748814074,1.078489395123566,1.0706987811634654,1.0716515384745757,1.0736646683371536,1.0876675965800242,1.079662920781744,1.065083881798934,1.065765249288679,1.08095093354942,1.0946520099862551,1.1047650498499155,1.0902208753599565,1.084288095862087,1.0834202336018868,1.0720029511261628
2017-06-19,1.0801403081572543,1.0834226202284043,1.0918703416694935,1.079696701390109,1.0710506865029978,1.0719402661736088,1.0736685873018328,1.0942541459739286,1.0889733730310442,1.0693574912819581,1.0701100090442301,1.0870940090299444,1.097799863544706,1.108009611956765,1.0933425796522942,1.0870717951074198,1.0900475419009164,1.0795993334824
2017-06-20,1.0762128968440479,1.079227680231802,1.0861210037455278,1.0754559913617865,1.0639393978777754,1.0660034198699353,1.0679992706787558,1.0886723071938504,1.0834042114354079,1.06068015423989,1.061542647539259,1.0787890972891716,1.089092908349441,1.1004981827761537,1.084547532056048,1.0780128057250242,1.0817701930633816,1.0709392191114833
2017-06-21,1.0739255839665915,1.0769151573981555,1.0860213414785458,1.0736717161054152,1.062932768883258,1.065004941722013,1.0664999384051204,1.0887618736583777,1.0837896476967401,1.0587191430043101,1.0586685561514364,1.0765240802724945,1.0860381034369295,1.0990783302208236,1.082643657072069,1.0754417517180344,1.0797600643880618,1.0683747428311108
2017-06-22,1.0699374480969257,1.0728146401468146,1.0846627301413492,1.0702766880957748,1.056611512821182,1.0619745269812912,1.0633309630948995,1.0880935143192092,1.083014106683556,1.0573864788855138,1.0554335246758382,1.0752780685200996,1.082284956094064,1.0937614723733993,1.0806555270648937,1.0727745484330744,1.0788434612453899,1.068258996035995
2017-06-23,1.0684339580723214,1.070938604309893,1.0846264313427176,1.0693509963270686,1.0566514084495322,1.0619905778024268,1.0630434212386208,1.0878246186551084,1.0828101519040925,1.0585180501791658,1.0570207041514803,1.0770232790502738,1.085218549214105,1.0967197272471478,1.0848410375999913,1.0749965663753858,1.0808009657353255,1.0702481314629162
2017-06-26,1.0710939647838036,1.0736511836702065,1.0862351516432374,1.0725011241600986,1.0616946754418883,1.065841604806758,1.0672362535542916,1.0895374724332654,1.0837347833142126,1.0608203518462669,1.0580467005798506,1.0798104404977982,1.087683851356836,1.099288187861029,1.0905084501491729,1.0794332090350707,1.0831531042506912,1.0726417317484087
2017-06-27,1.0668699797951722,1.0690578238917208,1.0785357991183828,1.0687577776073274,1.0569938647463877,1.0629781289217655,1.0644172142077581,1.0817699968480543,1.0756931051633505,1.0582506844723931,1.057462171372278,1.0721555343622173,1.0877973653657318,1.0986536376614937,1.0927131149747251,1.0803818285177729,1.0752497352561416,1.064644081766011
2017-06-28,1.0704917565784957,1.072668105803781,1.0856877461511232,1.0723154721255344,1.0634974096382594,1.0680189243298472,1.0692335876976162,1.0888546669102779,1.0855069769820818,1.0630890758665839,1.0633008137935769,1.0793057774385098,1.0928862888506956,1.1058313729025708,1.0955256963651285,1.0836602256113645,1.082514577028956,1.0734280392770554
2017-06-29,1.0597023511044534,1.061735577666736,1.075304300119995,1.0612154500674635,1.0522093878295757,1.0584811985833824,1.0597088120137934,1.0783699007459688,1.0762850477067871,1.0544587277021376,1.0549123618299687,1.0689020076525662,1.0839211632561199,1.0943224928520667,1.0863203684129603,1.0759083362017505,1.0718117952420034,1.0644681008126333
2017-06-30,1.0599469569007274,1.0619138664837833,1.077362927442621,1.0623883002153416,1.055064857189595,1.0622928854156084,1.0636998909052293,1.08066149519563,1.077746632828689,1.0573079193953925,1.0571811504125708,1.072282036654727,1.0869575289308615,1.100302945688357,1.088634223422282,1.079156449151069,1.0753975115060166,1.0674553612039175
2017-07-03,1.0649662543323835,1.0668854630928404,1.0783402076037905,1.067164424415044,1.0586316605118382,1.0651184350173484,1.0668871877979496,1.081712538935488,1.079174783566745,1.063112223324567,1.06239200092924,1.0744298000329295,1.0920072510150116,1.104259576550724,1.0934117529072251,1.0840584333669878,1.0768315314226116,1.070976021556465
2017-07-05,1.0612371510511942,1.0629684697657238,1.079031171854499,1.062075880035786,1.053694141632003,1.0599815558944645,1.06104593120066,1.082616178298231,1.081824104479459,1.0569604203631044,1.0567910992020488,1.0727832589852562,1.0821182605299862,1.0992842367041014,1.0827855836738052,1.0769324497845543,1.0759177379075548,1.0709544327850669
2017-07-06,1.0515744043042656,1.0534233568955318,1.0694239827000187,1.0518486800718716,1.0420284306009588,1.048982984366725,1.0498222721898374,1.07291423781881,1.072774617316821,1.0443358496318984,1.04228629119407,1.0618414229315223,1.0662049326793417,1.0862181335200245,1.0661215379239608,1.0611873519191382,1.0647502711708474,1.0600673851737026
2017-07-07,1.0564515280055353,1.0582851367733999,1.0752220422313008,1.0568327935382882,1.0463898486377794,1.0540820096122823,1.0545581627172758,1.0790153296862537,1.0793655509427174,1.0497838075538783,1.0483022394360522,1.0688162825039875,1.070655181287223,1.0924713643568558,1.0688627230560814,1.0645436407845188,1.0718650058780848,1.0672849648146625
2017-07-10,1.0519373395100047,1.0535544109214747,1.0741846434098057,1.0515494268336931,1.0420356928972363,1.0481957476890282,1.0486368143752027,1.078310198184971,1.0805119846134135,1.0461112526361096,1.0454166014911104,1.0679791709942872,1.0670218862896335,1.0896282302527471,1.065295177634782,1.0603166221520821,1.070921728895585,1.0673627236781704
2017-07-11,1.0507251680314467,1.0524948803697391,1.07338062316282,1.0502768513917655,1.040782776136694,1.0469833153029415,1.0473994009365046,1.0777553022563333,1.0794145906136579,1.0454897407623698,1.0452185293659335,1.0663408836036576,1.0659383581256594,1.089601602091845,1.0621903574471339,1.0574661038830058,1.069251899161114,1.0660534152109202
2017-07-12,1.0556947665024388,1.057382684309928,1.0808439472250086,1.0558717192029592,1.0471404552243961,1.0531601145375111,1.053066712463253,1.0856167253329978,1.087336183404616,1.0471915099373172,1.0470510921554592,1.0735933596789784,1.0674528225543518,1.090948469646766,1.063651713965489,1.0591490969605115,1.0767426905628346,1.0736443004202867
2017-07-13,1.0568882660972156,1.0581417690864403,1.08214109314531,1.0570283149731208,1.0476136099254383,1.0556487701849824,1.055555855891753,1.087042894509353,1.089504943544263,1.0483389258937281,1.04796395954821,1.0749709366628737,1.0687754377802352,1.0920224280677047,1.069650439427683,1.0636437726159176,1.0780322274410554,1.0757862825449702
2017-07-14,1.0603667170254112,1.0618023823309173,1.08771536677535,1.0605305837748822,1.0515319774482144,1.0586683029174542,1.0582039430749481,1.092754265023639,1.0947379802376362,1.0503843434186082,1.0497065360065858,1.080153122339545,1.0710149299314586,1.093060707694342,1.071529953111746,1.0652496656774684,1.0832855579736125,1.0811182760259097
2017-07-17,1.060767020124916,1.0625064248717808,1.086513523820625,1.0609456174095877,1.05117927828271,1.0586937116613762,1.0583600496444803,1.0915129422272438,1.0932660835352916,1.0511176882078856,1.0504267303518797,1.0810895362298032,1.0715092043703638,1.0929407667104964,1.0706169619339045,1.0644561186943378,1.0842784596106267,1.0822359700691855
2017-07-18,1.0616393259443972,1.0635019809231214,1.086911506816975,1.0631433071743004,1.053675833918677,1.0611441123496015,1.0606144042733654,1.0925464716177828,1.0946541921304414,1.051969989202368,1.0524790265691233,1.0801841907913332,1.073516184063315,1.09447303276037,1.0691639948856557,1.0634576231365918,1.0836503421404864,1.0805770600696445
2017-07-19,1.065174165797388,1.0671088299222655,1.0908997458044654,1.0661845468790607,1.0579777524518108,1.0638462801629318,1.0632959996501068,1.0966175141557486,1.0989651855120153,1.0518930117528948,1.0534015825054939,1.0853753459648496,1.0746500757814523,1.0984953651527178,1.0675123221754945,1.0620352473038772,1.0886693055462284,1.0866798414757444
2017-07-20,1.0666182131785307,1.0682856160915426,1.0907426014331012,1.0694811643563849,1.0613620069765268,1.0687273760111393,1.0682226509925474,1.0976414845751554,1.0990098858042527,1.0542793854536847,1.0566331188156541,1.0844284681494918,1.079016938616004,1.1016179578033367,1.072621136190828,1.0661885310386008,1.087884330576376,1.0854847494882225
2017-07-21,1.063692980668965,1.0654284586853147,1.09024770323903,1.0664832763830667,1.0600146950909601,1.0661798100481932,1.0663265309503607,1.0972159898917324,1.0988839303044142,1.0508419705317031,1.0533836202661746,1.0857320094560379,1.0763615050500872,1.0953430440024154,1.0704815782828858,1.0640805070332549,1.0891240720574833,1.0864203917282498
2017-07-24,1.059832748511099,1.0613191698351647,1.086880591222026,1.0632007147436353,1.056280603762551,1.0646651183545757,1.0649800752742007,1.0941020396458676,1.096742372943732,1.0481247573494001,1.0508131558333176,1.0835689151447128,1.0730196513251198,1.0900006693237696,1.0663156275093342,1.0604061257757078,1.0868417514527375,1.0848723438596664
2017-07-25,1.0618013859531081,1.063421710151078,1.0890634146422158,1.0651454768539086,1.0561380350987482,1.068361732583155,1.0683797370239205,1.0969005891551182,1.1007347901858475,1.0519296815967023,1.0544996706111123,1.0858853139997249,1.075248176370526,1.0914427601144936,1.0653995437250814,1.06100308377457,1.0892011224378872,1.0883523410231142
2017-07-26,1.060774894168283,1.061992739499577,1.0884136678380398,1.0629781559643574,1.0557150664057742,1.0654917077343529,1.0658934657696444,1.0958063746660887,1.100357983968802,1.0501773950838014,1.0526574846031524,1.0838092665397283,1.0765012555956586,1.0913324705292162,1.0672574621969257,1.0617987635770458,1.087176988787686,1.0866136682282892
2017-07-27,1.0679973391000805,1.0696326041311441,1.0906216284002814,1.0700796490538294,1.066042638319528,1.0715866448886684,1.0725143593409816,1.0979898470954785,1.0988520930109282,1.0551521328468074,1.0569516689427048,1.084284989125664,1.0837182428749237,1.0997178640963563,1.0756942201467778,1.069425346737802,1.0876282291242638,1.0846257934720063
2017-07-28,1.0611306878762872,1.064622586718841,1.0886235189723865,1.0652803033990073,1.059955537540943,1.0685466075477121,1.0695482914746022,1.0959459550121062,1.0982335277011805,1.0543397600346391,1.0545479442772792,1.0834800384012278,1.0793115744985136,1.0966668907309156,1.074720989244917,1.0704855643708244,1.0869841601227763,1.084330560324025
2017-07-31,1.0646005149907245,1.0688188357882016,1.0903747364961225,1.06881118100225,1.0627456906805968,1.0715328408789098,1.072679224786279,1.0976860300999265,1.0990905389000958,1.0570316196992529,1.0592161379413207,1.083521123361123,1.0853589302048787,1.099177702203232,1.0803822573072641,1.0748709630387008,1.0872808844493733,1.0838519241665208
2017-08-01,1.069919467186762,1.0737906724738642,1.0933956139476968,1.0749677738204673,1.0686230443435492,1.0787876260195706,1.0810215839314266,1.1005661641698101,1.101389895273242,1.064347982704883,1.06694037866713,1.0854267581149433,1.0933122349129396,1.1069800412874224,1.0876461033912632,1.08191629180511,1.0897047546051217,1.084920694811679
2017-08-02,1.0741625287092027,1.0782700072154694,1.0953408145921244,1.0786831900560672,1.0716469464251475,1.0811980753655257,1.0839045936104355,1.101816050066423,1.102819631152342,1.065427150612961,1.0682122829235894,1.0841752473946822,1.0960390930336552,1.1099133196706252,1.0876320477277968,1.0813229823379236,1.0881735982953582,1.0834544441347114
2017-08-03,1.075851291296122,1.0798008459799533,1.095895627927476,1.0802144065622457,1.0727369392638793,1.0812354349428368,1.0836594202729357,1.1017801068894786,1.1011805853046284,1.064228215714187,1.065219891948159,1.0822926924123224,1.092752568088109,1.1030693610044309,1.0822201898659258,1.0763991763529697,1.0866657260702977,1.0804767121810468
2017-08-04,1.0723512363104826,1.076240058640979,1.0960371552325565,1.075851611477039,1.0686843403154456,1.076009229905371,1.0782701011199234,1.101512785880252,1.1028302714843352,1.0593242045295224,1.0607967714575313,1.082501210472597,1.0859039653813147,1.0985220262520234,1.0766451961712382,1.0718393534021966,1.0868411953881139,1.0821804516747382
2017-08-07,1.0716731001831032,1.0753631850908627,1.09701662161246,1.07558230035516,1.0658749355709767,1.076213936978115,1.0782289015690458,1.1023995240446738,1.1048062035826236,1.0558538752290738,1.0568842930562947,1.083809908922467,1.082348439391789,1.0947704619067251,1.075465368503783,1.070553994446435,1.0881522881981207,1.0836372405451862
2017-08-08,1.0702461188560117,1.074216538464194,1.094053175712974,1.0757696678056305,1.0676649492428607,1.0790188724284075,1.0813038942035436,1.0995520464430468,1.101817777069624,1.0552107788176242,1.0565015420611632,1.079246738962257,1.0831411433832914,1.0964195660827891,1.0784141209277722,1.0736044714946142,1.0834869797437217,1.079483584026801
2017-08-09,1.0683869034988354,1.0719021724341515,1.0938554820075015,1.0736287930379427,1.0659122178525957,1.0778065570279487,1.0798027195463293,1.0989369704157044,1.1015925059736704,1.0572875435609848,1.0585412844515425,1.07913671090692,1.0868140117480505,1.1007802088260445,1.0845310536149424,1.0794958384987277,1.0829338317920307,1.078064431756745
2017-08-10,1.0614594965829056,1.065437837752474,1.0824320963653866,1.0672204737096924,1.0589137265798794,1.0717285750334737,1.0735282729179667,1.087527615587769,1.0864515349195876,1.051985803568488,1.0528907351192411,1.0664801325412576,1.0830623237720418,1.0972152914559046,1.0769313719771758,1.072118885244829,1.0698852764761115,1.0625889119863208
2017-08-11,1.05994726099577,1.0636889878814222,1.0832540178169558,1.0653679475432163,1.0583508500932204,1.0695349703102464,1.0711793303639867,1.0884673066328878,1.0871040906785616,1.0502365873423152,1.0508274763159549,1.0674440349910006,1.08091429308182,1.095637272432178,1.0743180422355647,1.0697687155017042,1.0709904297121315,1.06338246182935
2017-08-14,1.0654513787915563,1.0690286112667702,1.0922911812363283,1.0708231242550874,1.0638456184879899,1.0757318530441937,1.0771292812637496,1.0976372103329661,1.0984654963429272,1.0578662241355277,1.0594760116768807,1.0775105927544895,1.090283975559066,1.105203531398081,1.0868041384638536,1.0809780164299494,1.0809707529727142,1.0739344760728127
2017-08-15,1.064755399933912,1.0680873360329126,1.0924301663973113,1.0709103451004098,1.063480224803069,1.0771890759613683,1.0785230937087782,1.0978541324073874,1.0985841075562885,1.0571658942767121,1.058882565605304,1.0765648081050598,1.0909742454753353,1.109249076198929,1.0885338223491299,1.082510377858761,1.079842901716774,1.0728079946767106
2017-08-16,1.0682377990657805,1.0717619593742922,1.096048157846486,1.073459606278612,1.0668729280077065,1.077772635726901,1.0792613470995251,1.1014486980590121,1.101250579984221,1.0599401316127033,1.0613716396673154,1.0803873868305855,1.091450248540637,1.1112966471060095,1.086887051477949,1.080765653121051,1.0840016278754967,1.0758002161456106
2017-08-17,1.0577235576165738,1.0612910494679069,1.0800673163872867,1.063146448712526,1.0565833498462378,1.0670033777933712,1.068708741985971,1.085308426291914,1.0836245759167464,1.0541745129777984,1.0549648170880126,1.0652573418350804,1.0865222954555016,1.1050921963351166,1.0818253782229956,1.0751107700489468,1.068768223412324,1.0590501550021585
2017-08-18,1.054727446597806,1.0585446887589967,1.0762062328479798,1.0606335809744183,1.0549149653712842,1.0657965578717283,1.0670913594453808,1.0814808768475737,1.0807685196052645,1.0514637310215653,1.052785248882261,1.0630134828546771,1.0857324903985588,1.1015862124391735,1.0778061589257566,1.0709440433778852,1.0666636271516374,1.0574494774249459
2017-08-21,1.0580357482215101,1.0620063138373785,1.0793573659828084,1.0643271292560645,1.0588150586346887,1.0701199323512045,1.071415535253814,1.0844365961085594,1.082588702134086,1.0553567957004328,1.0573039566680935,1.0654526977987078,1.0900316806741774,1.1063768335100155,1.0808828970904438,1.073602877122516,1.0690430079241366,1.0588130424222904
2017-08-22,1.0632653121955964,1.066994277735925,1.0879513542667967,1.0681931095989508,1.0628339534697375,1.0727367444165008,1.0736485132897717,1.0932834212131255,1.0928661764400902,1.061828362397843,1.0638450777770083,1.074482870101021,1.0950859850754269,1.1123425358860806,1.084617867696385,1.0779961619961262,1.0782738768141145,1.0684794195153682
2017-08-23,1.0594656205823785,1.0627976336631588,1.0829261396023848,1.0638270828732799,1.0588444162632207,1.0674326174415314,1.0689498039488121,1.0888398885592265,1.0887461397178162,1.0600230631842962,1.0617141393936793,1.0699550334713999,1.0947691276386329,1.1111660660867329,1.085980329156258,1.078192752963763,1.0734969271671744,1.0650713163496381
2017-08-24,1.0544996333680805,1.0576937781175604,1.0796552434131335,1.0596531896506165,1.0558192705145037,1.0653769660499113,1.0666244342040532,1.0857274442489318,1.0863087118043913,1.0559310053818711,1.0594609143588052,1.0670595881176217,1.092287031305603,1.106379390442961,1.0844360725057736,1.0757039756124842,1.0701088291895822,1.0626514109715142
2017-08-25,1.0588539900111003,1.0623402601113958,1.0822869763796383,1.0636595906155115,1.0591691604374076,1.0687870170307385,1.0705770085102524,1.0881810679537627,1.087415434185465,1.060934933331956,1.0647100537654675,1.0705074210457037,1.0971447198891018,1.1108455438259794,1.0885891570179993,1.080109118056792,1.073419372044237,1.0657321126155166
2017-08-28,1.0586589449760917,1.0620437202931394,1.0828354978270756,1.0633663940247855,1.0589810094059053,1.0687552432465979,1.0703883745986105,1.0888276756739124,1.0879907139113365,1.0600773750532317,1.064590297891503,1.070177424435706,1.0963635264085991,1.111616517784435,1.0862535613863464,1.0781480373239833,1.0729380995795048,1.0649488235288176
2017-08-29,1.060934937006284,1.0641792088801658,1.084900401881767,1.0649541489888423,1.0601198026764993,1.0685562378153264,1.0703586412859734,1.0912186612556356,1.0898398906511397,1.0616956989376267,1.0664139423172951,1.070240941275813,1.0973609400912354,1.1131698801194594,1.0862347877442555,1.0787795314119197,1.073078801544026,1.064162763805633
2017-08-30,1.061224037742803,1.0651318288102027,1.0885129688808737,1.0651143567307926,1.0617647995199095,1.0690609951174246,1.070398423837939,1.095497445107249,1.0959806593899848,1.063416074300278,1.0680104460688955,1.0748268771024465,1.100245689269752,1.1143744741419122,1.0899793394306936,1.081826651827936,1.0777373702883517,1.069664553522031
2017-08-31,1.0640964031030562,1.0680377874808127,1.0935077259417938,1.0676462819832222,1.0634731976556184,1.0723001044714604,1.0734709408592673,1.100685745040173,1.102367845581882,1.067886579147683,1.0716776777470651,1.0807075624221152,1.1026851348405011,1.1151154719444978,1.0928735114778694,1.084509281053409,1.0833221799275636,1.0754433143427686
2017-09-01,1.064656322795007,1.068716923511044,1.0950435970868626,1.0675049857942154,1.0631833953637337,1.0714858316552822,1.0723963930149525,1.1017462690709,1.1043545687758478,1.0669976163750137,1.0703993542063737,1.082610838288044,1.1011972971070716,1.1140016136633537,1.092415860893051,1.0839790914529002,1.0850105389098639,1.0790006016467517
2017-09-05,1.061442874546525,1.0653260028331275,1.087965035114284,1.0651621586419824,1.0602330279332635,1.0709853437092667,1.0712906165573894,1.094623410259923,1.0963471676768572,1.0612836664987668,1.064020685057284,1.076017328733674,1.0985434897796507,1.1121076430644306,1.0899476228431586,1.0808524106653934,1.0776834596041787,1.0715513523110511
2017-09-06,1.0625226908042995,1.0673537603909675,1.0909047633770654,1.0667252811319097,1.0644561284177594,1.0729671453464016,1.073085146021461,1.097353838150397,1.0999992947987463,1.0597306330347425,1.061580934224402,1.078103197350335,1.0974222683425878,1.1107940670180014,1.0892917042833423,1.0807544590145362,1.0800934126921404,1.0747230436930462
2017-09-07,1.0608433023812096,1.0660294036073243,1.0904415028455272,1.0651206468709542,1.0581432360330996,1.0696179743800673,1.0702474026338793,1.096956248337853,1.1004562678453051,1.0605774214179495,1.062304063639669,1.0779743627732423,1.0993084508177546,1.1107048365798653,1.0909697908913958,1.0816321522618428,1.0798664978726202,1.0745753101252244
2017-09-08,1.0609262147134229,1.0660028907643322,1.0910144325120945,1.0648197026713853,1.055912356643598,1.0685816035231321,1.0694100807116431,1.0962648154114527,1.0993687835653774,1.065360165062646,1.0670085945198098,1.0806630567516229,1.104364362778454,1.1143744851044053,1.097490142113297,1.0866643774488443,1.082749197236937,1.0757214643359523
2017-09-11,1.0696092680381266,1.074133971033912,1.1024727988743424,1.0735432285260993,1.0634560959692734,1.0776264385822039,1.0792844721361492,1.1074137650748221,1.1108416861367036,1.0716748754147818,1.0732185248791979,1.090571214743895,1.1106754767055442,1.1184350159569187,1.105406976096597,1.0943928646265988,1.093080640936629,1.0869777322806302
2017-09-12,1.067216528169732,1.0717681013872407,1.1042997310218055,1.069912600126099,1.062475572106325,1.0731620643639803,1.074581023308672,1.1094609611440842,1.1145507890281012,1.0709764857321085,1.0716780376088697,1.0926469435986235,1.1098628502386423,1.1180220310026294,1.104970882252263,1.09388429145259,1.0951128195224105,1.0902114816884756
2017-09-13,1.068752875445379,1.0733594202875612,1.1037987274001595,1.0718301964488457,1.0642819944012507,1.0764661760622232,1.077714512646797,1.109059237187329,1.114436392486697,1.0719798559575835,1.0724982264687524,1.09066366536665,1.1107324720281149,1.119718705738361,1.10639924348301,1.0950979837058032,1.0924430486126364,1.0895244075605666
2017-09-14,1.0714609010965008,1.076233066851922,1.10491283605406,1.0742969790654513,1.0663999722892097,1.079671036462152,1.0809889938039168,1.1101877966862015,1.115685420655415,1.0742463911277895,1.0743164508070688,1.08990591036945,1.1116796708895844,1.121575008277485,1.1073162287559297,1.095739369506912,1.091640525395574,1.0890029915447499
2017-09-15,1.073307063483741,1.077673134318072,1.1063699936128268,1.0755696348043384,1.0686849250261612,1.07953006060256,1.0808048641936716,1.1102113051613771,1.1170817956666053,1.0777584210822995,1.076509825897755,1.091403294678683,1.1137496898170742,1.1241061061041309,1.1099979139621796,1.0981178266696652,1.0927892137580226,1.0912723964601576
2017-09-18,1.0736890207612166,1.0776284246706045,1.1072160824720734,1.0753284721781253,1.0668587035436774,1.078603373699644,1.0799178752730303,1.110801440621174,1.1189138730257508,1.0781362250141269,1.0765928411558563,1.0927237879795901,1.1136877892270594,1.123369000528967,1.110254462186693,1.0979897992407999,1.0948096658799067,1.093015605553222
2017-09-19,1.0757627621034858,1.079643874726816,1.1072712076764348,1.077469622400386,1.068617755391876,1.081096749750283,1.0824745268114735,1.1108076817954553,1.11967401654662,1.0788198698058178,1.077917226044519,1.0916291226490196,1.1142041521373083,1.122242162026178,1.110492208320788,1.0984326226084378,1.0943352413478469,1.0919991101287272
2017-09-20,1.075988064560759,1.0808578213532967,1.1075315634135088,1.0784479478608662,1.0704749783694512,1.0844792954286189,1.0853097547361006,1.1114990879046818,1.1204673598616444,1.0808710317090062,1.07995419193757,1.0926301723945862,1.1184446788050797,1.123657257760575,1.1151791227870573,1.1026666662328988,1.095769848108992,1.0931089555411377
2017-09-21,1.071184298234438,1.0760870671768672,1.1045476277317967,1.0734144875272467,1.066240003902476,1.0803388504931184,1.0812260138018854,1.1082563600690782,1.117871177742572,1.0765712558113119,1.0758488981496082,1.0891646440877143,1.1131859039317968,1.1190979964936245,1.10705889946008,1.095585673878141,1.0923781511866142,1.0904739217430446
2017-09-22,1.0689415136221965,1.0739314783086713,1.1051820827443624,1.0706266514359963,1.0637734151927682,1.0776704489628797,1.0784613163258956,1.1092450211783171,1.1188963724793815,1.0737848104042147,1.072458722509663,1.0907640403970933,1.1085580781136606,1.1156190086254822,1.1030362411471315,1.0916714737653137,1.094204785610034,1.0925844653605132
2017-09-25,1.068845734872945,1.0740528205538649,1.105029648912065,1.0690096996234448,1.0610490551715275,1.074544504400156,1.075640912911314,1.1075822201693006,1.1159598077470971,1.0749815439353272,1.0724919979063754,1.0907972185391486,1.1083826574238747,1.1148555944234437,1.1012385078594387,1.090647783017092,1.0940809062834234,1.0926130538153376
2017-09-26,1.0663604595954488,1.0720687030519738,1.1040876449955088,1.0666982965584244,1.0565696452220723,1.0730560111149767,1.0741089606155412,1.1071729065710647,1.1160691430500427,1.0718758457354947,1.0688142492681165,1.090343205983415,1.1052983069624087,1.1093003036397737,1.0988048669607169,1.088663043857497,1.0935758478154072,1.0931647009187675
2017-09-27,1.0640763792350645,1.0700949794524088,1.1043438678454052,1.0648931320877397,1.0541287032212159,1.0718896930247546,1.0724817875333874,1.1081805817734673,1.119600701807838,1.0717013923621457,1.0693276924911206,1.0922254614308908,1.1049327374426545,1.1074196003035388,1.1005276402228616,1.0897878958100335,1.0956267750924356,1.0972286114192815
2017-09-28,1.0649479543358014,1.0700204839399776,1.1064644514863173,1.0653000586014751,1.057260866398698,1.0715307117101893,1.0721303854469963,1.1097398078165666,1.121623954017974,1.0710555949384928,1.0700272556815786,1.093450815802268,1.105302479498443,1.1093014903467102,1.099915299588169,1.0888923817196356,1.09706608124752,1.0986900182910002
2017-09-29,1.06571121889837,1.070728823777347,1.1083056577382806,1.0663215409265585,1.0601254598676313,1.0724126895375299,1.0728356651669642,1.1122622930680879,1.1251590247190022,1.0757025007687093,1.0751719017586205,1.0973782556772023,1.1105366071935725,1.111963264294097,1.1049993254937045,1.093264508667746,1.101052672887948,1.103022378988432
2017-10-02,1.068882451914991,1.0742240129259628,1.1132017111233785,1.0684967574375768,1.0605814283797685,1.0739283338845782,1.074338253054285,1.1168795127723161,1.1301795909084795,1.0783764531105988,1.0765177485520965,1.1018519997805565,1.1103747561389816,1.1125476984716534,1.1042484029766222,1.0924108405224222,1.1057265290733667,1.1073601587893804
2017-10-03,1.0712789173660955,1.0768388768359538,1.1149541792632078,1.0709112921655202,1.062370002195172,1.0754812463210066,1.0755238261030375,1.1188215952252134,1.1319324032875357,1.0797826549786773,1.0766419976469197,1.1040054901736567,1.1104717443550332,1.1138598696813935,1.1003299138192213,1.0879740407288276,1.1080326898447324,1.109355507687331
2017-10-04,1.0725725449000916,1.078084777286057,1.1169632382334391,1.071783264958164,1.0620170765494878,1.0751032341455633,1.0753638816591722,1.1207615181887003,1.1336540557485293,1.0795929181307717,1.0748950659196672,1.1067545570489763,1.1057743609698933,1.1076274044787229,1.0963761360993218,1.0852570040046412,1.1107784159908725,1.1126795349588445
2017-10-05,1.075817920964246,1.0810477329261678,1.1222041269771028,1.0742224788796932,1.0654682069985013,1.0758410198942132,1.0763247534376403,1.12574255492681,1.1411447533330024,1.0815556357885,1.076718759862501,1.1105664166606113,1.1066178441980716,1.110410492499723,1.0971592619123254,1.0864242196535194,1.114739997264015,1.1174428539570722
2017-10-06,1.0747665158675548,1.0805418239067315,1.1200400508898676,1.0734811073437531,1.0650358717834956,1.0745654483714782,1.0743993599566883,1.1239048392446487,1.140487952916483,1.0783609707372157,1.0750579298821372,1.108786425768239,1.1062965588623541,1.1103224485319174,1.0964629040327318,1.0851009241607326,1.1136813249749795,1.116131293269765
2017-10-09,1.0722159756684804,1.0781026589028195,1.118137761325465,1.0710461513195133,1.0624983068479115,1.0722032415823732,1.071804680807289,1.1218533099350485,1.1383936163105874,1.0748709306539879,1.0723710851754527,1.1050776323369682,1.1038895005187126,1.1065704733471027,1.0920113732915182,1.0806042459612981,1.110115275963482,1.1127209647531386
2017-10-10,1.076790632942866,1.0825191811727817,1.1218653158314025,1.0753903760003507,1.0651912056756163,1.0759160346579006,1.0754917059620672,1.1254059140878998,1.1416053233914085,1.0775857872545793,1.0749602194089032,1.1078170802776521,1.105862031185499,1.1084683093849186,1.0927452745574568,1.0816463553109052,1.1125949934836838,1.1155081568722562
2017-10-11,1.0800127511861661,1.0858779767134719,1.123963771539797,1.0794915485734342,1.0666544737942425,1.0801078645477802,1.0792206330986391,1.1275865957136004,1.1442415602137515,1.0788899278830681,1.0757458695621887,1.1092330163001876,1.1062834378490753,1.1099152894897233,1.0932984990101573,1.0820448358486463,1.1140664095583954,1.1169503345562908
2017-10-12,1.0805485195728652,1.0860794078444886,1.1237858914394905,1.0794359657424164,1.0655514413872145,1.080067015081363,1.079479428459961,1.1265641897983112,1.1432745382610696,1.0783204662737405,1.0753421187703844,1.1112507289269198,1.1041517486637047,1.109783377926308,1.0886620406147978,1.0785662824445683,1.1161755078317737,1.1182020488996363
2017-10-13,1.0821073070982088,1.08776567929709,1.1238809498075564,1.0811437475083538,1.066637640151162,1.081812196521433,1.0810253860089565,1.1272484355941628,1.1436949344653675,1.0804318078069397,1.0763290449412324,1.112483562888568,1.106007519696416,1.1061406429806844,1.0906187043047915,1.0800498282596498,1.1176173590961436,1.1195786203756697
2017-10-16,1.0841700275776969,1.0900415923715545,1.1246515505590418,1.0839289074606422,1.0708835033160569,1.0855290549798684,1.084829165972162,1.128584023532655,1.1450789506674004,1.0791318034945587,1.0751080114940366,1.1123158746934576,1.1050333158744863,1.1056083773260796,1.0895179138145463,1.0788513512982993,1.1172893322449442,1.1201041982059579
2017-10-17,1.085013603336232,1.0911291265996474,1.124712571830191,1.0854695066973805,1.0705377434872023,1.0871485098388496,1.0865946875949128,1.1293338749902047,1.1440842441305563,1.0818272758745793,1.0778326275148833,1.11268292188699,1.108585699166058,1.1087555788326093,1.0935824265294376,1.0830942116596833,1.1172411148974855,1.1192954618922724
2017-10-18,1.0853105728375403,1.0915901187430939,1.1274274527330614,1.0857916830009129,1.0694178304527708,1.0890146145692317,1.0887041667526711,1.1314794072326302,1.1463679413093153,1.0820618255417185,1.0774126274589446,1.1142007548683037,1.1081921624045277,1.1078200929980646,1.0936979096131147,1.0831237479357978,1.118792129941676,1.1207647918443195
2017-10-19,1.0878521060648916,1.094895019295316,1.1312305736769046,1.0897311959314468,1.0701494151944138,1.0935948055220188,1.0935553820901474,1.1354785763725819,1.149781887062506,1.0858643756054813,1.082445248998885,1.1162569507440736,1.1113003613592198,1.1084317208853187,1.0979367721472937,1.0875102355472726,1.1205261115331828,1.121824538587444
2017-10-20,1.0869472966373188,1.09425307061308,1.1359707189144168,1.0894561356185557,1.0697998038566898,1.0947784298175705,1.094936582432769,1.140441012212514,1.156144567334244,1.08657674492694,1.0839531566807479,1.1221735722661903,1.1120217332868023,1.1100398620415646,1.1003590908353176,1.0900331000313108,1.1260874759075072,1.1288972181091423
2017-10-23,1.082526638648741,1.0891118112737859,1.132027277975446,1.085345273826509,1.0643777458705153,1.0908823262248435,1.0908433339400234,1.1367851648762304,1.152267156271084,1.0838353527585494,1.0831708891912122,1.1195281412172284,1.111589036758114,1.1099209964556032,1.098017263514498,1.0871070251922534,1.1232905895631404,1.1255699987999692
2017-10-24,1.0800301117456244,1.086235496228136,1.1321904697292384,1.0826536219810572,1.0605836237121613,1.0884127186877355,1.0879785189981506,1.137993601543991,1.1544212472215538,1.080292440417422,1.0785069925974187,1.1199314486641514,1.1069920806010207,1.1047148448270285,1.0934998905955347,1.082573579088092,1.1240222177724137,1.1271939129998851
2017-10-25,1.0800619640123836,1.0859316349595296,1.1307520832440405,1.083268850492543,1.060655879350975,1.087998567921037,1.087775554362767,1.1362886995112051,1.1515314454185337,1.080187504029225,1.0783784105678604,1.1159839051122877,1.107133605784954,1.1012452793080478,1.0929817292666946,1.0830194657250345,1.119314373621476,1.120099716242308
2017-10-26,1.0795848594334316,1.0856202769583398,1.1312809580089893,1.0839391750685545,1.0595449474697334,1.0925170140868585,1.091157941344688,1.136522729935472,1.1521259715415164,1.0798289464359898,1.0787225487765169,1.1177849266225175,1.105273079864912,1.1027458079172574,1.0920560327566295,1.0827703853896968,1.1219932113686355,1.122596644613699
2017-10-27,1.0789583776001541,1.0848485101485104,1.1316990567268355,1.0843967515368198,1.0609016230012587,1.0975947315654866,1.0950775750921902,1.1389059052285375,1.1564206221730524,1.0750163082128286,1.0740839273651244,1.1184877654911627,1.1026206628849955,1.1053213781685542,1.0883567920104242,1.081177089647339,1.123175100859788,1.1247453039736135
2017-10-30,1.0740243241426917,1.0799331264357532,1.1255235461469775,1.0809181305918363,1.058148417629023,1.0943933440251847,1.092458453413031,1.1330242923177014,1.151269862856645,1.0716371538716503,1.071412438637746,1.112439523448297,1.1007004937540783,1.1015887941404376,1.088135244326784,1.0806367647458195,1.1166008985507123,1.1194788359081256
2017-10-31,1.0712497026145718,1.078044039452997,1.1256787688622718,1.0780220964525244,1.0556041946206256,1.091729516804926,1.0899397213315851,1.133239566951452,1.1514468564019926,1.0677113452023843,1.0690041825872436,1.1152599822716778,1.097686172270939,1.0956502753725599,1.0858918375287263,1.078727622118812,1.1196755892335493,1.1224543715146307
2017-11-01,1.0724450529132612,1.0793406386189581,1.1281608978808877,1.0790999021345,1.0559401878085777,1.0927652499258431,1.0907655314380558,1.1363635916850308,1.1543371391024866,1.07135901399517,1.0719890543117536,1.1163648521346548,1.0996346097782415,1.096507453163069,1.0854042121200538,1.0785736351340705,1.1203591349797233,1.1228837651405161
2017-11-02,1.0730182551134257,1.0799403072993154,1.1285415104331888,1.0800467505312168,1.0537253606835613,1.0931462187471854,1.0914116429525178,1.1365692134854442,1.1559090248213104,1.0760333339511154,1.0775408293533306,1.1159639618126205,1.1068433461842913,1.0993732183028884,1.0922806834232561,1.085527787573337,1.120551220916099,1.1240046315186873
2017-11-03,1.0751175145637333,1.0820029956634862,1.1317200560386431,1.0818014268848437,1.053925362568232,1.0929684841717453,1.0906508056217852,1.1389829811925762,1.1597486653161204,1.0753354623361304,1.0768224396371886,1.118014964587057,1.103074318866539,1.0972401956512028,1.0911008227175842,1.085280314716263,1.1231297200310875,1.1262780599136868
2017-11-06,1.0755622687261983,1.0826623320090683,1.1306999123328991,1.0827127285932685,1.0556155269779217,1.0932951370050241,1.0910352993150836,1.1387045563559837,1.1597122341604762,1.0771648860789393,1.0785053757503718,1.117873129335577,1.106023420398464,1.100341049522873,1.0965683323571958,1.0899997033280315,1.1235007866924378,1.1286625120591296
2017-11-07,1.0796152695244017,1.0867592973513158,1.1341576677722827,1.0876664429154963,1.0600119474866254,1.0979995053123868,1.0951836828048176,1.1414973936101591,1.1597430420524664,1.0801008509063854,1.0830877290729495,1.1198870871879412,1.112060393742649,1.1031434281900467,1.1007627038213808,1.0941011160116743,1.1248827950876286,1.1279487396017258
2017-11-08,1.0828005775986131,1.0898177691485356,1.1372414265457593,1.0904543689096176,1.0602122601181507,1.0993649661805187,1.0962508060474925,1.1448256531351875,1.1620568972858607,1.0812240791266803,1.0835036893576158,1.122965476408221,1.1112153428556182,1.101788026712427,1.0972748330730646,1.0908279000620356,1.1279510968726674,1.1302794102640195
2017-11-09,1.0814394019079094,1.0881648280091398,1.1343429213972485,1.0888818658847925,1.0594929089988143,1.0976792096304442,1.0951751650732113,1.1411045593715219,1.1573778971588429,1.0806923129543933,1.0839862973356296,1.119679352937006,1.1117768930550138,1.103007982872248,1.0964728935354102,1.0908557859907169,1.124411091611249,1.1258733996133103
2017-11-10,1.0801961680764376,1.0866830328508574,1.133566741651107,1.0873320574139043,1.057826178711677,1.096221737957598,1.0935256650553664,1.141104557372375,1.1573412107369319,1.0792662026798843,1.0830571418749542,1.1188883076277494,1.1107469367045542,1.1009928412123036,1.0966518810547368,1.090428349277128,1.123819268120547,1.1254906777308993
2017-11-13,1.0828469802954253,1.0888409639874292,1.13638438769457,1.0902924196659352,1.0612525725182322,1.1002442449118977,1.0973350574814091,1.142885581906456,1.159890273869158,1.08031854188226,1.08613666603256,1.1217709927867345,1.1142400439981877,1.1048444617141864,1.0993568277667132,1.0935289943967468,1.1268096860014047,1.127878613824778
2017-11-14,1.0841865444053826,1.0902356104062838,1.1352599674024368,1.0920534041286232,1.0621936346902092,1.101850186071153,1.0991935691115562,1.1413278707030952,1.1579218603149486,1.0796815058221272,1.0855098634763676,1.1227657444139094,1.113182250490867,1.1039080260055052,1.0986066255515827,1.0926344795192335,1.1275402676847892,1.1279978904003556
2017-11-15,1.0777436113205217,1.0835966108158845,1.1283855752834036,1.0858509434037311,1.056069832103831,1.0958988506544933,1.0929424586956977,1.1346824603072456,1.1513823650094002,1.0722790132289424,1.0788356192189987,1.115416892976347,1.1061938838804337,1.0949878925400096,1.0914145320211326,1.0850726882710091,1.120714999183022,1.1212434055974396
2017-11-16,1.0819598552554373,1.0875566093832536,1.1380017689269388,1.089177634258966,1.060510807351705,1.1010575292528142,1.0980311962029767,1.1447639257518494,1.1618772070219747,1.075606874577425,1.08149708150567,1.124362412356089,1.1070691225906144,1.1005657059479979,1.0900231971464212,1.0843897410486316,1.1297482327177866,1.1303394413483223
2017-11-17,1.076430042187778,1.0821356181687418,1.1336056227091669,1.0825499160928438,1.0538583579448337,1.0931830267564129,1.0901922328545104,1.1405512499033825,1.1580504241164906,1.0711925496620918,1.0764282105060696,1.123402588168745,1.1007962464091179,1.0916441492863949,1.0880839471277302,1.0825166597563145,1.128968432364192,1.131011994466924
2017-11-20,1.078147435874095,1.0835371139311503,1.1348708142959794,1.0844655835446577,1.0555596788365011,1.095870968934344,1.0924830442183493,1.1427041342194746,1.1602484401922575,1.0741415879792688,1.0794115048995447,1.1253187038517865,1.1042670887423656,1.0964082381481846,1.0926619407995,1.0859631672036896,1.1309621983879141,1.1328398029109277
2017-11-21,1.0848343042481419,1.089553098160778,1.1419179965987627,1.0911180527072715,1.06257640147549,1.1026747049987435,1.0989953605135276,1.1491696843307178,1.1680087892047786,1.0800840638976503,1.083648479844853,1.1301367174843995,1.1091182244008324,1.1009904683338885,1.0960893277291999,1.0897929207230106,1.1359534948197334,1.1372482481502844
2017-11-22,1.0835638186142131,1.0884484742641447,1.1401108142781202,1.0895804518329333,1.0610802405625945,1.1004400230455258,1.0973877678619637,1.1470080897354034,1.1655767313770826,1.0794956432338707,1.0831996838899494,1.1289128427287176,1.105901409989792,1.0971260184837959,1.0942406622200092,1.0880094102199676,1.134244023243728,1.13651424551968
2017-11-24,1.0851970792688355,1.0901305231402223,1.1414255775160989,1.0917578648009167,1.0624752971288163,1.1030310133884602,1.0998478506722642,1.1484870650209262,1.1675592728692923,1.0805058650589676,1.0849423819692532,1.13078353502741,1.107669249980338,1.0991734231576666,1.0955615849045899,1.0889601567829603,1.1362720457168605,1.1382696459583053
2017-11-27,1.085646229337803,1.0905685621111911,1.1417755046551528,1.0920250234306368,1.0633001514718217,1.1032235475340058,1.0999944683734653,1.1489951403560257,1.1665542367209147,1.0808583671342034,1.0859068513952754,1.1314730109515598,1.1084840582828912,1.1003817466107655,1.096689028582826,1.0902010966376487,1.1367098148752233,1.1373319251534053
2017-11-28,1.0957358029553872,1.1010241452202911,1.153009608575493,1.1007729250810119,1.0725986541298012,1.1098289949940296,1.1071917125389472,1.1604667889112796,1.1788222216824773,1.088097320291565,1.0921015986921165,1.1418062542328093,1.1137749588057122,1.1072572840503208,1.1012070773989113,1.0954909735675933,1.1467344868968565,1.1486539612308126
2017-11-29,1.102119945275934,1.1071206748498104,1.1559942469917697,1.1067469940307546,1.0790065713353625,1.1163667086240103,1.11398937503054,1.164341481915658,1.178005170039329,1.0990209754770228,1.1001050995290957,1.1460183236819657,1.1240436536333867,1.1192159529441614,1.1120107668274422,1.1071401528676208,1.1504525917503643,1.1519685146674834
2017-11-30,1.111404486066409,1.1160110976670266,1.1659666670208022,1.116433972778822,1.0869876133886522,1.1278957456808396,1.1258877848047002,1.1742085117037009,1.1882755061383588,1.1090726644503774,1.1099909744737002,1.154946514852684,1.1334415144561512,1.1276294238949418,1.1238077862330678,1.1180302484980496,1.159414197005723,1.1610209616325204
2017-12-01,1.1095272409488046,1.1141596344991402,1.1646473737649892,1.114441137441218,1.087270699483638,1.1258179671866173,1.1238127461040157,1.1720553938639948,1.1854165459600527,1.109863934676491,1.1103702707132783,1.15229331418366,1.1335607060823423,1.1289984218552283,1.1257760564109511,1.1200655310336787,1.156912467946676,1.1584190685505809
2017-12-04,1.11116671170636,1.115313684017446,1.163178238046279,1.1149269917129077,1.0853674506081121,1.12358728447143,1.121030497383748,1.1697069866016192,1.1820546876120455,1.1098788143462022,1.1097742136400466,1.1529302177649727,1.132703421228144,1.1274236396836952,1.1224529367390537,1.1178494942169157,1.1558192082007226,1.1597061675348808
2017-12-05,1.107087547615052,1.1114313764003998,1.1593116225895816,1.1109694743646317,1.0838937997401996,1.120600902865094,1.1181462135673235,1.166799240480329,1.1780792479687068,1.107801026179313,1.106355902762862,1.1469810867516361,1.1328234750513901,1.1257920025153976,1.1211170218802824,1.1158572805682585,1.1507071925126238,1.1532270788607082
2017-12-06,1.1053196679758133,1.1099555516787458,1.1594406357160325,1.1091794079455868,1.0840620434439912,1.119581203782312,1.1171508950640152,1.1673698126113898,1.1780611050161751,1.1058921488353983,1.1043112945881892,1.146962405262408,1.1324130092560567,1.1250779124025954,1.1200559888676664,1.1143835242702926,1.1511846555056813,1.1522071746864586
2017-12-07,1.104697450235748,1.1089872657151418,1.1595452978215741,1.1093357358583815,1.083828106623102,1.121417873790648,1.1184308016083333,1.1676101038751299,1.1810482916436327,1.1025055380037132,1.101054989193737,1.1496159579979806,1.1284329490637732,1.121315453041066,1.118784040638801,1.1123917915969552,1.1537534622049244,1.1574859754204183
2017-12-08,1.107990750054115,1.1124349225665189,1.1640230473676594,1.112601123628994,1.0867009644273413,1.1248940780746601,1.1222427430170232,1.1724120971630165,1.1867408919402058,1.1076817233012284,1.1054143415343034,1.1551974745643199,1.1320450068682772,1.1270853109696806,1.1239460276695952,1.1174769502077098,1.1596560268384801,1.1639749727243716
2017-12-11,1.1134537838805691,1.117628809095342,1.168658971120538,1.1186500900949092,1.0930209774407769,1.1313062171615653,1.129061071147577,1.1770499870312832,1.1905255578797442,1.1122671141295597,1.109497590310701,1.1570658837433114,1.1368880986816494,1.131259254151852,1.128284312719515,1.1216335906606731,1.1615011523456322,1.1652613065620554
2017-12-12,1.1130310205492315,1.1171964708481177,1.1700909384307812,1.11773760186421,1.0932489332974695,1.1294103054070332,1.1276331267058612,1.179086488969879,1.1930744046431985,1.1137758592893219,1.110254961841434,1.155213568521702,1.1392097478148548,1.1330669578256984,1.1297547032658328,1.122407258642276,1.1601619768791027,1.1641726396454932
2017-12-13,1.1158779653618986,1.1199299550052793,1.1723470773271705,1.1209838769302927,1.0950971829710268,1.1318095861515194,1.1295139424841247,1.181822089480037,1.1936126581002031,1.1144624999296138,1.1109760910374815,1.155397915057996,1.1398125299471797,1.1335533653440217,1.1325902445176812,1.1241609092240763,1.1606495160721444,1.163679895832614
2017-12-14,1.1124893347753617,1.1166679596328972,1.168047263835989,1.1185812650409486,1.0931683187891772,1.1307691145611656,1.128085295506443,1.176672886958993,1.1882240709793035,1.1103741131875668,1.1077508717285582,1.1500539301663524,1.1373792131076053,1.131496549933344,1.1294936256280346,1.121217120759634,1.1553516719482504,1.157453221728324
2017-12-15,1.1175449847694463,1.1217687201721769,1.1762453736728122,1.122508980661587,1.099485981378125,1.1349088369146252,1.131919472228349,1.184751411640936,1.1979983371989764,1.1160699276196084,1.1129643344268332,1.1599449562981343,1.1405550944442606,1.135445047699866,1.1318864231827244,1.1247404641391356,1.1650087703186485,1.167765665993004
2017-12-18,1.1167204861099205,1.120226640321673,1.1769484245431359,1.1209676678915337,1.096710887790968,1.1321230736058046,1.1289821741897554,1.1852386029774096,1.2019680064079352,1.1161548838319661,1.1137642107958035,1.1643478235920637,1.139315346953786,1.1338414450943592,1.1312129784377163,1.124116272003006,1.169395641821084,1.1754806056119689
2017-12-19,1.1122796767715941,1.1156706169926096,1.1740918534305078,1.116192677796966,1.091845515879735,1.127806187183231,1.1247389829304644,1.1827860856874899,1.199190615161181,1.112515743499033,1.1104615319670572,1.1599337386683184,1.1364790271009055,1.1285098351307994,1.1275773561712568,1.120854154119742,1.1652815368164768,1.1717589150447754
2017-12-20,1.108052649161672,1.1115893330821667,1.1718989923546537,1.1105969880639854,1.0867597218706389,1.1195356598992636,1.116535916032504,1.1799681889738471,1.1986757235454009,1.1072355887349736,1.1042570773887974,1.1574307313774845,1.1289271522914983,1.1217053265179366,1.120946061517474,1.114428550477157,1.1628649883031779,1.171211754602478
2017-12-21,1.108154931240127,1.1120389378929607,1.1724127972120784,1.1100198946962871,1.0874464669783737,1.1179098054714176,1.1154068627377902,1.1795484655986146,1.2004931629150317,1.105928836656441,1.102711642657496,1.1561521809488007,1.1273752946435642,1.1221197708370771,1.1183150914746218,1.1121701063360196,1.161739292323122,1.1721744907616178
2017-12-22,1.106439957629841,1.110109309902271,1.1705372366629554,1.1082013176983485,1.0848220852578154,1.1156347515582623,1.112797606565855,1.1777295960116345,1.1988163006153927,1.1056797498540751,1.1029736639612893,1.1568106605290263,1.1260716461992124,1.121535818048275,1.1169467841145546,1.1110470397368366,1.162227010211094,1.172680554908686
2017-12-26,1.1058947812359348,1.10995877601915,1.1700683235169944,1.1078082824061262,1.0845721813454539,1.1161047409366482,1.113168939944961,1.1772731211677636,1.1980567898043653,1.1068936218954795,1.1038021584804842,1.1572577461211482,1.1278790552754412,1.1224480648106556,1.118317902485964,1.1117466544723613,1.1630833987486289,1.1730778761834857
2017-12-27,1.108880740060748,1.1124464095743622,1.1718947307511058,1.1109917822835187,1.086684450808052,1.1205720550046934,1.117475152822414,1.1795490444605126,1.1994232565649572,1.1093909171636263,1.1063240397020588,1.158915181888531,1.1309795569536525,1.1251157553424782,1.1208899852122907,1.1141687671459797,1.1645371983069286,1.1741152189514696
2017-12-28,1.111860698268127,1.1154742440876195,1.1741733766646392,1.1140201298965668,1.0884358978411313,1.1229465767511766,1.1201460662977056,1.181976540281178,1.2020608387502298,1.1111223886998667,1.1082584801751687,1.1619889597734638,1.132523000418415,1.1265583252610114,1.1230827839649402,1.115960355822515,1.167541965778248,1.1774349835005506
2017-12-29,1.1078039595297537,1.11138659439385,1.1697289812312766,1.1098385568508993,1.085385299396339,1.1182898607542515,1.1153720924488033,1.1772000356214778,1.1961241172382986,1.1087264278558064,1.1057985337315182,1.1574246107303778,1.1306244572485218,1.124510852650711,1.1210810583300588,1.113873276276102,1.1627220709461543,1.1717467964707506
2018-01-02,1.109974543855926,1.1124570561753302,1.174238823269891,1.112116520058364,1.0885820812868037,1.12033399487513,1.1164838154463672,1.1807034310221403,1.2052201887438172,1.1094188190997096,1.1064969747212479,1.1614662127573638,1.129582043597905,1.1238286630445873,1.1199009427026627,1.113180623154732,1.1664347714707637,1.1793170863191915
2018-01-03,1.1149759505459211,1.1178274793636913,1.180268960914201,1.1181222898162726,1.0915097974301844,1.126701038607514,1.122152089286495,1.1868294497697127,1.2143754785815013,1.1147759651027915,1.1112440948291908,1.1669105080516775,1.136487587966922,1.1295188101575395,1.127760469283637,1.120458206861594,1.1721469995455212,1.1863684457763197
2018-01-04,1.1171257413742328,1.1199709454815296,1.1843702544684835,1.1207498306533537,1.0949757835019989,1.130436009360319,1.1252222558847877,1.1903747107828937,1.220314279005133,1.1144447690567445,1.1105470741255865,1.1684714098018416,1.1364470675683338,1.1284663368914243,1.1291306338177642,1.122139348365451,1.174310806924567,1.1895994600583033
2018-01-05,1.1223885184939588,1.1240813138810961,1.1915067223686484,1.1257285977165397,1.098400836959051,1.1346346217351462,1.129290456623296,1.1982579845857944,1.229135942392226,1.1184815876185925,1.1140278952202762,1.1753039584285705,1.1407308482061556,1.1321317282640788,1.130376175284949,1.1242897358574515,1.1809747742704717,1.1966624419135088
2018-01-08,1.123123422298083,1.1248603646515059,1.1926426260726197,1.1262890659377836,1.0987291005744388,1.135335918594007,1.1303345767899475,1.1996592307043719,1.2312341556936295,1.119273538373301,1.114991862777077,1.178190786552188,1.1412075932873873,1.133096375992174,1.1327916152942556,1.125847518255126,1.183992432506471,1.2000538490813393
2018-01-09,1.1232710872830025,1.1252743879151403,1.1946481905395683,1.1265197360666088,1.099595311305837,1.135936841812568,1.1308301584411875,1.2027401630532,1.2339870128498365,1.1189187418442825,1.1151394414238072,1.1786989930184875,1.1413728734407576,1.1324989592358696,1.1347736757137448,1.127390438767916,1.1850231055932514,1.2010298792529832
2018-01-10,1.1207517029131782,1.1226284522834544,1.1920728179524245,1.1241095837346482,1.0978248506384554,1.1342234868482457,1.128596553618158,1.2003103219971194,1.2332726474075335,1.1150636843201358,1.111700262519237,1.1733387294703497,1.1375454048483455,1.126968440752901,1.1292891301348889,1.1213696316899422,1.1794671836969515,1.1974214534652252
2018-01-11,1.122779178072065,1.1247754681533475,1.1967143249894185,1.126039100902773,1.0993033243813026,1.1370907980318417,1.1313350452800066,1.2047788659755159,1.2408659842927041,1.114462793534638,1.1109717361454112,1.1791010171929264,1.1377232523572605,1.126553595756069,1.1269032763566305,1.11878971951578,1.1853538097093796,1.2066563855111099
2018-01-12,1.1259379954410018,1.1274921168669205,1.2025674088692586,1.128548408244563,1.0978889892437067,1.1347271006891382,1.1300528668616312,1.2112124421760375,1.2494099203435278,1.1199101294545266,1.1158980857587266,1.1837650361616372,1.1409462307015548,1.1268238685767753,1.1271905333620422,1.1193778923182083,1.190380403473098,1.2133542647626907
2018-01-16,1.124377480596935,1.1260175186202603,1.2020397196597365,1.1264198199983988,1.0947254292011872,1.1305479775681408,1.1264023922880044,1.2110654856826095,1.2471409850089652,1.117931555516252,1.1138247976427273,1.180035133030853,1.1381801854511906,1.1246756893071896,1.1246687816882444,1.1175316593317044,1.1863307203190125,1.2068090662200694
2018-01-17,1.1352059488685817,1.13578522115574,1.2141280907353165,1.1368200283301422,1.1016532240508552,1.1402131288889494,1.1365872774216754,1.224438492447547,1.260615536678003,1.1260324469316498,1.1220310684564745,1.1904339236960741,1.1451310242721893,1.1318391330681092,1.1322309145400526,1.125501163109079,1.1968838735804588,1.2176693439779593
2018-01-18,1.12960102373695,1.130002751916732,1.2106674938662867,1.1306254881998978,1.096464972582971,1.133740856742659,1.1305196424915434,1.220466138122918,1.2581931144887317,1.1229637577938996,1.1188931220368716,1.1862136042778753,1.1432511257767903,1.1316707870264004,1.1328420883070733,1.1254157280620316,1.1931020369408467,1.2140754889573047
2018-01-19,1.13114797177783,1.1312898188827605,1.216145753665009,1.1313836868033322,1.0967347769055593,1.1332971837344747,1.1304387303181243,1.2255492473039056,1.263608448454489,1.1248894458768448,1.1211658402113114,1.1930550098257267,1.1451751683694973,1.1335042196513663,1.1362225520215559,1.1284354495318125,1.1998936593526792,1.2212483783147723
2018-01-22,1.1365020346482724,1.137316982087406,1.2234799567843972,1.1363611697562523,1.1028138871276592,1.1380623617043608,1.1353311267284494,1.232351648783362,1.272645691982146,1.1338839653698205,1.1300652569389427,1.200003020189356,1.1514460658772483,1.1390976343388248,1.143643689123449,1.1359620168415847,1.2067001371245458,1.2292002864422777
2018-01-23,1.1381424658682018,1.1389729131119661,1.2252001669497512,1.138446997231829,1.1051226101555776,1.14129714306333,1.1384249084556066,1.2337254381257963,1.2754836322038299,1.1377085658273205,1.1345461627565074,1.2034998863948239,1.1553785636574134,1.1424652020670973,1.1493284901884984,1.1406906997627972,1.2098313923967856,1.2330630067939383
2018-01-24,1.1371297441295727,1.1382865749487512,1.227086636637174,1.1377567967009043,1.103790339164229,1.1402943466990962,1.138720553266792,1.2352383321375573,1.276986075062029,1.1381535160013558,1.1355694479358873,1.2044930328013828,1.1582504906794744,1.1454151456781119,1.1510440835096172,1.1436582346797983,1.2109415990586987,1.2327149523382952
2018-01-25,1.142448315386223,1.143745371662001,1.2294617123106197,1.1439110044427703,1.111055557379313,1.1478297484069102,1.1460920796733813,1.2389902397600674,1.2779119198392304,1.1437043551283257,1.140993658680603,1.207277963572108,1.1648489801513235,1.1515502107203108,1.1561726946356936,1.1484524798532976,1.2137897553202823,1.232226642527775
2018-01-26,1.1558781918063534,1.1576182170366074,1.244509255832341,1.1576076687722905,1.1245156933787448,1.161724723335452,1.1591860297168854,1.2541111461772527,1.2944222067693707,1.151483388293176,1.1485668811387855,1.2184553334798731,1.176323464689912,1.160254553937429,1.1635653103516639,1.1551613027000942,1.2251257658531172,1.2442578852407749
2018-01-29,1.1479034523713505,1.1497231622581265,1.2357267205648481,1.1497970213297792,1.1156653042382116,1.1546050032541708,1.151492092342826,1.2455215033641682,1.287319641854658,1.141487657222354,1.138460049018879,1.2081154298248264,1.1677377890760563,1.1504959054743311,1.1530453253779298,1.1452780296058647,1.2147889144356574,1.234062081508086
2018-01-30,1.1351313994540413,1.1372423357467671,1.22153485162387,1.1374846633232245,1.1051184484716252,1.1428368814841647,1.1404912939595853,1.231715704792329,1.2706681328540441,1.133439617390371,1.1305642528646365,1.1981070744242623,1.1590372154404005,1.143452764729418,1.146854895382075,1.1392735063022603,1.204856543025395,1.2221720167073453
2018-01-31,1.1365549130605739,1.1370837056385883,1.2211674381948883,1.1391670759980888,1.1052861960853653,1.1431653842503546,1.1410848547085144,1.231400125854272,1.2703599631786713,1.1364207483255584,1.1333952227837816,1.1984608467934952,1.1623854221199443,1.148702058031765,1.1488160487845784,1.1418232928097451,1.2050738236516279,1.2227352677269616
2018-02-01,1.1376870128775172,1.1382090251619716,1.2197035008337658,1.1399873568199872,1.1082035694481442,1.143972067236846,1.142125912111766,1.2292424155593085,1.2681984756146134,1.1351685933060527,1.1320197192549564,1.1937511176033355,1.162864055766962,1.153372605460637,1.1514245024121275,1.1429242457804687,1.2010038589498857,1.2193948161000172
2018-02-02,1.1179498933888374,1.118292970081359,1.1982960696388179,1.1199767606967148,1.0882070223176055,1.122547735992695,1.1218666528989283,1.2088094151984325,1.2446454766648032,1.1166122314871394,1.113420638894089,1.173462200483788,1.1448897931390947,1.1346271969230985,1.1318831990197151,1.1253541287109077,1.18037276019698,1.1951971458101591
2018-02-05,1.0751428791036466,1.0766473484761796,1.1498685708279146,1.0779544903494716,1.047210456523391,1.0816365515089033,1.0811003704248217,1.1596784376835025,1.1923845566122873,1.0775439728157854,1.0741079040192085,1.1309634373925508,1.1058987116678152,1.0946899388613553,1.0953638621455515,1.0891829644592455,1.1368866463200853,1.1504319821731215
2018-02-06,1.0774776365226568,1.079877012948419,1.1609290640294416,1.080528322991723,1.0490932841845895,1.0851687893050133,1.0841098834187712,1.171683671059106,1.2111845278919466,1.0809652160283996,1.0772415654967435,1.140788458987494,1.108862969454692,1.0926388226549986,1.0979188575028829,1.0927461247328087,1.1470224160683617,1.1650753625275285
2018-02-07,1.0753686485435934,1.077487027718509,1.158727983043121,1.0781777581522276,1.0453856032375035,1.0836018057541896,1.082741984840826,1.1695921509397784,1.2083512899014253,1.0799933644683537,1.076959308994681,1.1384491218440844,1.1095504352846521,1.0894001969025235,1.101040141600776,1.0943698944333942,1.1452346294522018,1.1616742192316405
2018-02-08,1.044246371317437,1.047062292118122,1.1188017869296065,1.047530820758772,1.0150370979287544,1.0525063780405761,1.0522866605544379,1.1289532024967437,1.1615424493770818,1.0487341096761889,1.0455931909237053,1.1009732652434123,1.075281940664073,1.0585172401067624,1.0669350103332702,1.061085839820289,1.1077060551157467,1.1212209530508388
2018-02-09,1.058421297500008,1.0615258484106662,1.13302130354145,1.060907528429506,1.0252165399493793,1.062942795539238,1.0626670422378786,1.1436983589042151,1.178344947921015,1.0621238398892834,1.059107874303119,1.1165183741587974,1.0867442263844913,1.070318618126381,1.0754956092339305,1.0725303211834383,1.1229479159543152,1.1368693704787565
2018-02-12,1.0721610935212225,1.0745592913055035,1.1463933445775245,1.0747522945461727,1.0384576543136639,1.0757251826468672,1.074943749422562,1.1573575700686658,1.1935855123575725,1.0720498739790456,1.0688315519993505,1.128791748879933,1.0971615684949256,1.0771424914353387,1.083917657236154,1.0802005046264984,1.13616462240306,1.1509591617235195
2018-02-13,1.074560893643234,1.0769153590133567,1.1487402919480627,1.077134083956183,1.0390889931836949,1.078022801577693,1.0775761423721277,1.1599807039416128,1.1963029271150185,1.074354397255194,1.0710930793152558,1.1320833161470418,1.1002600672765181,1.0795452225156554,1.086575958193796,1.082504550917564,1.139444875914287,1.154041581773417
2018-02-14,1.0772612304751483,1.0790728625843782,1.1557745349473194,1.0795600663501104,1.039143422328702,1.0810566952630767,1.0800855550735,1.1679405379719525,1.2113252595674044,1.0774329304285115,1.074401105359813,1.1434877897721614,1.1065985824953353,1.079759246151452,1.0953471346838983,1.0889675913178654,1.1514876845460065,1.1694127531523717
2018-02-15,1.0920366803528345,1.0937092174919707,1.1708996697169287,1.0941924226553956,1.0538708858806123,1.093453595384886,1.0926248633025535,1.184528919747959,1.2272651283171858,1.0919140230166595,1.0886002640194814,1.1564899873337824,1.122945220682931,1.092868762666178,1.111694307167878,1.1048434252678547,1.1643498072832617,1.1815379656295477
2018-02-16,1.0965012949104789,1.0980800417628513,1.1736630794460614,1.098588560061501,1.057305255676732,1.0961453121503069,1.09535565408344,1.1869456334172588,1.2277780379701242,1.0948790665848507,1.091121748794752,1.1593797539825546,1.12590945358528,1.094033521161867,1.1150488646254757,1.1074674901034376,1.1669271433563924,1.1823920311420897
2018-02-20,1.0835760169685071,1.0838561125627841,1.1602264619825122,1.0849880361238715,1.0425689045643431,1.080968729528142,1.0793220912438772,1.1738241275067078,1.2184939895263596,1.082418232230932,1.0786915512052053,1.1490448434559135,1.1125839850630415,1.081296869857146,1.0994526808740037,1.093032454080152,1.1568065710468802,1.1747534541986497
2018-02-21,1.077598188247753,1.0769157189341567,1.1524554531189835,1.0791014659637186,1.035988778040023,1.0748667497951248,1.0727357553215167,1.1661842073284283,1.2118124554658911,1.074862179594055,1.071349150620648,1.1408044430457638,1.10589302903103,1.0714459942667947,1.0927621151013476,1.085641703883947,1.148944773496901,1.1670952261876761
2018-02-22,1.079156136002698,1.078488079666312,1.1550087101759348,1.0806035113462873,1.038994789350966,1.0770677489737883,1.0751572705688037,1.1683902472458236,1.212645197492074,1.0744526631991473,1.071349431805888,1.1417501875221152,1.105288941008782,1.072552627559476,1.0916445712936589,1.0847485969839263,1.1503964499244352,1.1678809505561425
2018-02-23,1.093562779447899,1.0935041308775066,1.1713464053311957,1.0951694549434225,1.053001355694916,1.0911099448920685,1.0891854241600378,1.1850655929983884,1.231712187235694,1.0907681818895043,1.0877243255715932,1.1592278132488771,1.120638030428751,1.0854229195055696,1.1079887145791485,1.101527989578029,1.1676721949475244,1.1863210496607939
2018-02-26,1.1044172030403148,1.1035926802389548,1.185521404266351,1.1044895731401203,1.0612779453426004,1.0972235462145745,1.0960989406661135,1.1994512523504786,1.247136501526645,1.1000782144517902,1.0966759793883305,1.1679774523933089,1.1307832436374619,1.0941768746842626,1.11964335672386,1.1128790603672198,1.1763664523080695,1.1956113819640335
2018-02-27,1.0889184241680563,1.088754178805482,1.169149144915855,1.0887060827111166,1.0455608882136243,1.0801405038493888,1.079118033756197,1.1829605379840469,1.2306249525669963,1.089115188336152,1.085060104337474,1.1529744452099528,1.1189905188590807,1.0809498033984333,1.1068197992583777,1.0998653239186227,1.1619252552274812,1.1797320835881133
2018-02-28,1.0737210450643653,1.0735275471473162,1.155453604158388,1.0737187354060966,1.0324165793039155,1.0658704835692103,1.0654766468005128,1.169680486093058,1.2165202654935996,1.0766363278430164,1.0723054205144742,1.1416435514702323,1.1063778818851806,1.0730930005203985,1.0965838064578335,1.0899481853291133,1.1504477126659132,1.1673617295679464
2018-03-01,1.062039042515081,1.061619139763584,1.1421262186537906,1.0632076894226166,1.0253075411809331,1.0589343592735352,1.0577905286523508,1.155451505404253,1.199796087290273,1.0700417212018432,1.0654980716088658,1.1294734365934154,1.0994000035573066,1.067839425639411,1.08861963243808,1.0821813822163224,1.137188804585567,1.1540910349616786
2018-03-02,1.063797094221315,1.0632519158659866,1.1457897756877906,1.065130235752218,1.0283301843376293,1.0611299505005218,1.059879305622615,1.1589967737263107,1.2051974386318376,1.0737036873808028,1.0687949282294689,1.1347072761320316,1.1033715190938491,1.0691327652111167,1.0918388320718388,1.086219552678427,1.1425270198749176,1.160772060286507
2018-03-05,1.075502773099683,1.074862179718194,1.1576696041348793,1.0770685754573368,1.0392293849643524,1.072453745156602,1.0720098324488705,1.1711728740805616,1.217486093428327,1.086029960524494,1.0809314939839878,1.146835470605063,1.116518210129966,1.0802359803281798,1.105866215261779,1.1003017038439353,1.1548964863478008,1.1739549497422783
2018-03-06,1.0703270173801973,1.0704487989231155,1.1582377437092888,1.0717117697133773,1.0359177312289822,1.067074588005218,1.0666135442902913,1.171464987505181,1.220584586852987,1.0833315504796608,1.0781693218373012,1.150424081950276,1.1159345009424988,1.0803499992173051,1.1041232791153437,1.097582318777859,1.1585689530862513,1.179264871336518
2018-03-07,1.0658367383897516,1.0662843907665924,1.1552987404981059,1.0675927468826456,1.0328896584121883,1.0661148412241617,1.0657413197955463,1.1687502226819684,1.2192044994165285,1.0751514503382564,1.0695810132952321,1.148580650925808,1.1100652536735172,1.0748940720601883,1.102334520821248,1.0960221100186067,1.1570126666290115,1.1779145777046682
2018-03-08,1.0734937345204365,1.073612011083441,1.1626404482654404,1.0743935545095118,1.038742610036949,1.0668326711524756,1.0677131333887588,1.175580643050193,1.2254519981711853,1.0802953491482912,1.0747723268206073,1.153534300644866,1.113996906688994,1.0800985715710747,1.106893746572309,1.1009021682316809,1.1628363246987203,1.1823800607929345
2018-03-09,1.0802266536756686,1.0803544069683326,1.1790049365856385,1.0794995269444077,1.0464032512781782,1.065698343551464,1.067291375482515,1.1918772779066575,1.2461445934296385,1.0885486936242141,1.0829711216555258,1.1702072244835584,1.1206572437623095,1.0869089232644225,1.1103335349787675,1.1059067157409217,1.1793288494561325,1.2016668473568521
2018-03-12,1.0789336404882606,1.0793173257978912,1.1760696908809898,1.0794330551943345,1.04499883184601,1.0709776537926243,1.073334254947106,1.189088693910976,1.2434447302316405,1.0868231007512024,1.081663677020825,1.1679646147385814,1.120521558063102,1.0854041518699578,1.1138560549397363,1.1083972475550115,1.1777916958914731,1.199800504951896
2018-03-13,1.0781623747896818,1.0784939928992097,1.170689111112528,1.0785915138905975,1.0404927717564514,1.0694011178073706,1.0716803929288512,1.18312314759346,1.2350422743950813,1.0851016685322208,1.079712828119641,1.1648237520009703,1.1184786619933555,1.0820707800413998,1.1097952808823826,1.1043693168265953,1.174289410468094,1.1948070412381488
2018-03-14,1.0715066547185497,1.0720880625543474,1.1633414916334472,1.0730988031210318,1.0366422999521154,1.0677027727077608,1.0692815143791634,1.1762587027324851,1.2278052894366573,1.0815556890787612,1.0761765627480222,1.1592597795703636,1.1193251642309463,1.0800760136615426,1.11368371149784,1.1068324527536173,1.1684320249536129,1.1881692604124874
2018-03-15,1.0712810027968829,1.0724011330744654,1.1637050707234071,1.0729579676448986,1.0364559966805729,1.0689769078134788,1.0703072877938309,1.1762099458195654,1.227367104498114,1.081761555953777,1.0762323686483677,1.1579453766775272,1.1186926859498756,1.0806143674923825,1.1150789715848723,1.107625355762826,1.16633417836997,1.1856404745985232
2018-03-16,1.070391975946515,1.0728309895376757,1.1657357915728066,1.072854424999709,1.0385298038217632,1.073574832279571,1.0744203269658237,1.178363054579614,1.229353365686264,1.0862613584414025,1.0807144589646762,1.1624762031197362,1.1232158140660589,1.0849907539669346,1.1224221654957869,1.1154224485123576,1.1708405846609586,1.1907353653882182
2018-03-19,1.0629490282029657,1.0642146761748421,1.151715238635144,1.0659423437472129,1.0285053767507284,1.0653424168227161,1.0665675892121007,1.163802836194034,1.2123937293402822,1.0804606996045596,1.0748200331435738,1.1504873227058032,1.118404874291106,1.079120678982508,1.1165903048959553,1.1099151612290388,1.1589793880665062,1.1774001625460344
2018-03-20,1.0639987401660684,1.064909756505929,1.1532903550763776,1.0668577167166367,1.02774334987836,1.0648341802818213,1.0662740107904658,1.163913792140788,1.2149184571612184,1.0799289945333723,1.0742741842678363,1.151330808356797,1.1168239074170414,1.0776147549454886,1.1142238516481464,1.107281752067061,1.1594203385447241,1.1786550934059743
2018-03-21,1.0580600120065098,1.059399168667316,1.1498511332964185,1.0617422122857254,1.0242931352266442,1.0646093078958072,1.0643628671970975,1.1600149795843815,1.2126261369540272,1.076757447268156,1.0713586233011294,1.1480022030012844,1.1112984155934673,1.074595414314392,1.1112683892466269,1.1031102096945717,1.156045879090538,1.177690603517131
2018-03-22,1.0438244441650575,1.047103081436093,1.1244408343550352,1.0502003362952146,1.0176311023864286,1.065510955703657,1.0646439876616967,1.1348589785008996,1.1811059667741224,1.0633727048641481,1.0579643243163344,1.1250717674500166,1.100303803143867,1.065650008546351,1.105486833097111,1.0955336648557294,1.1329136752988214,1.150238838073368
2018-03-23,1.0292233830399924,1.0319800261623047,1.1048800613187113,1.0361737492549097,1.0038706321215638,1.052232589947484,1.052373443106382,1.114960813276481,1.1568383072782031,1.0466702226869906,1.0416574541932313,1.1053692843071694,1.085078787093563,1.0497499563383483,1.0940581812677004,1.0831987312743454,1.113151417342824,1.1275474147052316
2018-03-26,1.0459180983677094,1.0502026151528963,1.1298638057429942,1.052499248217822,1.0183299270403388,1.0696288162238377,1.0678292294079066,1.1406086080026456,1.1876524711036973,1.0621016611209586,1.0566210452980624,1.1286444883816515,1.1017044371315532,1.0662597438654222,1.109618206441623,1.0983163479516966,1.1365709112625373,1.154224145080202
2018-03-27,1.0446287095122748,1.0478671093953975,1.1178874587895469,1.0524526715649274,1.0204412727336407,1.071164436185899,1.0708694576772948,1.1278481662828213,1.1668525521005355,1.0618666291761585,1.0561929433361301,1.1194491954018713,1.100178941625904,1.0681678737411346,1.1086133490912475,1.0997581169251256,1.126716817171966,1.1398280396720415
2018-03-28,1.0496096670018593,1.0523406839087854,1.1195745837093183,1.0569868237105269,1.024749059581296,1.0744751550948353,1.0747810180061468,1.129697648609822,1.1657889646846207,1.066676663334088,1.0611077514693528,1.1207781161632473,1.102648812607228,1.073569707998606,1.1073225055916451,1.100500996199355,1.1272597406570186,1.1384178616049647
2018-03-29,1.0557292294266267,1.0587809745200907,1.1318592519705744,1.0622918002866895,1.0303189786273914,1.0762408955569562,1.07630065790262,1.142492933462739,1.1814316445729212,1.0720107048132803,1.0666593525376795,1.1327645649115774,1.1074831632921311,1.0765298643844035,1.1078044030257503,1.1018626851967381,1.140053804217345,1.15313769590428
2018-04-02,1.0402191439362065,1.043083446362806,1.1085389576381954,1.0478110410546673,1.0155017668085067,1.0632013533031948,1.0634640520030703,1.1185374059581576,1.1540998949116474,1.0607496358545885,1.0550124718199527,1.1107548707581971,1.0981719006693718,1.0671377313441601,1.1028460168049903,1.0953065649495,1.1171251662190813,1.1276292128320513
2018-04-03,1.0537200065289976,1.055604892832236,1.123575315649465,1.0615255314769863,1.0275394186138733,1.0786291950232687,1.0785338904702384,1.132922957853512,1.169799116921704,1.069989281132986,1.0642961317714348,1.1236093546219683,1.1056351203197392,1.0761864991963421,1.111797539056272,1.104740394251843,1.1294915618588306,1.141241534494959
2018-04-04,1.066206211335789,1.0685893924070085,1.1357244258445818,1.0739795122152211,1.0369347149059194,1.0895671395235513,1.089272941526974,1.1454847468996914,1.1832009019769625,1.080331590238179,1.074577607139902,1.1357643478058501,1.1172018747701866,1.0844849219300436,1.120532880146042,1.1127348526573622,1.1419367349281078,1.1540838481245972
2018-04-05,1.0730906515381715,1.075575787853035,1.1431267497392583,1.0813257248898,1.0450036317330234,1.0975035748646236,1.097175349326282,1.152733196151878,1.1897180555198235,1.0852470953655944,1.0797581040761608,1.1422976956659172,1.1227749396585949,1.0884432040976257,1.1252152756485827,1.1173684973048175,1.1483358506361165,1.1612758896057338
2018-04-06,1.0572852703383329,1.0599813360939832,1.1203544552571012,1.0662692801477904,1.030317173716349,1.08476996871817,1.0843971202639098,1.1294214344884628,1.162808779174001,1.0712847893474313,1.0657053160693868,1.1210307325291025,1.1097743230199575,1.075975724632349,1.1133453642114912,1.1055885099239793,1.1265459984586392,1.1360288981852062
2018-04-09,1.0589936990505457,1.0619586864676185,1.1235253197750055,1.068765382238949,1.032191441151859,1.0881019060679413,1.0878845771388213,1.1324805337211221,1.166833794712001,1.0708777495426338,1.0650299545273139,1.122715974466449,1.1121409333236263,1.0749754103048366,1.1157064030626427,1.1067922085658104,1.1282608597018742,1.1383352435941967
2018-04-10,1.06116395801791,1.0647108022760972,1.1364191305527924,1.0701481839617126,1.0353506491195403,1.0887182389352899,1.0883157148238214,1.1465517281033986,1.1857996929464942,1.0706687053533488,1.06523633574005,1.1339423645558078,1.1132988017485954,1.0761032234741492,1.114916668736227,1.1070667614056817,1.1394847157761483,1.1541437346868557
2018-04-11,1.0590210107532678,1.0634235704853057,1.1316572695325797,1.0691403773378498,1.0346721910814072,1.0922984171595,1.0916534336448402,1.141373792671559,1.1799826128086177,1.0736819171835488,1.0682797839236935,1.1296150065025963,1.115842891555472,1.0787577944498221,1.1213998002251662,1.1116991228218094,1.1350879791363555,1.148415932736909
2018-04-12,1.0563503675880765,1.0599420749806732,1.1367841691047937,1.0660537300746713,1.0342494309464678,1.0897365274755717,1.087787242370568,1.1467257466395946,1.1900336914944354,1.0683071904880101,1.0625788101745501,1.1329098696252184,1.1084271278633289,1.0768717475502445,1.1154197678205482,1.1056769952028795,1.138115766773886,1.1553020173707012
2018-04-13,1.0602455625418281,1.0640351405104496,1.1366313962794916,1.0704705793777995,1.0387977714040864,1.0944249500285381,1.0936176840881813,1.1459794678087214,1.187098964889547,1.073192391035101,1.0674197215472605,1.1323304539428034,1.113285817617368,1.0822759889257392,1.1215586939846114,1.1119552466876215,1.1372526222950252,1.1521970230479313
2018-04-16,1.0677787764545583,1.0721124856128437,1.1458653858488634,1.0778716707254865,1.045931033465227,1.1019895657151402,1.1006410698391385,1.1548206770318254,1.1958926840836055,1.0858822709260996,1.0800324784861322,1.1445120580798664,1.127502678101693,1.095488076381506,1.138833802964135,1.1286416238105508,1.1492529906486098,1.1635122654978483
2018-04-17,1.072090168166446,1.076316792827826,1.1545521103416216,1.082363427251428,1.0506178218861177,1.1029769067949322,1.1031210805741942,1.1642538944275875,1.2074928077343907,1.088405367037798,1.0819365237860963,1.154110500199264,1.1309414353772371,1.0992247095983099,1.1417767482781416,1.1324173566949443,1.15859902769704,1.1732786238423953
2018-04-18,1.071104727786401,1.075194057918744,1.1523722686180102,1.0804462287289842,1.050853994170875,1.1014350671887687,1.1017591327066536,1.1623567359954554,1.2065851940304058,1.0892232944159728,1.082425525939139,1.1554907207762841,1.126851586853824,1.0964535283725838,1.1336103414976224,1.1277839911031353,1.1596015916506304,1.1762812478386564
2018-04-19,1.0602636610421516,1.064707430756305,1.1437040213670568,1.0688585615294397,1.0464207887582455,1.0870663618198484,1.0885705071085527,1.1519151821016473,1.1981155175200648,1.0872600935385701,1.0798867709868492,1.14665356686119,1.1201401501971195,1.094191086758141,1.1322516064644674,1.12680751424532,1.1505642642214895,1.167718225200776
2018-04-20,1.0497323274217734,1.0533565819027144,1.1336988954607587,1.0575504415527344,1.0384672095350918,1.074012366184466,1.0756256844232166,1.141719276256941,1.1884830705666471,1.0810239007273679,1.0734809003501842,1.137190520536559,1.111762206059507,1.0904408434152848,1.1291537984533533,1.122577041525111,1.1407668764020504,1.1587231391056767
2018-04-23,1.0553325561292712,1.0596836334099702,1.1349146811628592,1.0631191316132929,1.0418950213846836,1.0820150269908662,1.0823944554890434,1.1423536120430118,1.1876936877912094,1.0844901242002063,1.0770973371256451,1.1383098751684924,1.1154974185221374,1.093149161145924,1.1361528828784873,1.1278085880408157,1.1418224587780028,1.159213027750457
2018-04-24,1.0485332109997774,1.0495581419982125,1.1223687535462763,1.0570649032036783,1.0395404771320518,1.0796054618828081,1.078794194389206,1.129908875298326,1.1721301522818068,1.0789818089995682,1.0717531369361961,1.1290102643127469,1.1092303384453546,1.0938295480221063,1.1340569206976343,1.1265415205404556,1.1319796024510311,1.1470331192822365
2018-04-25,1.0470241060007948,1.0480544235867608,1.1233132995280286,1.0552400024825777,1.0358318481232855,1.0781996187134553,1.0761931094009551,1.1310112969574333,1.1738090822332188,1.07701758357696,1.0698235540383239,1.1319726386383804,1.1069385558143083,1.0927819972111856,1.1351515943466233,1.1251277620973417,1.1344699531782378,1.1500611555314464
2018-04-26,1.0594673950203077,1.0585660055807167,1.1334453552243702,1.0679163975781185,1.0500867159438672,1.0947111414871227,1.090149012804213,1.1415956071620965,1.186545928930366,1.081561451905555,1.0767029116220752,1.138046988267798,1.1138483654840174,1.093147502235756,1.146280921278478,1.1348081359613689,1.1417695733531936,1.157342678401468
2018-04-27,1.0576384194499249,1.0554102330461486,1.132112774399387,1.0652349381257777,1.0468952513943672,1.0916554932784222,1.0871157092858585,1.141406340300205,1.1843524370023133,1.08441932514773,1.0798887850752046,1.1419717287538589,1.1161288983872193,1.0912323478901662,1.149924117059569,1.1383832811087387,1.1463789457559261,1.1605413234519921
2018-04-30,1.0543951156181561,1.0521971184664922,1.124668789646516,1.0631395224611868,1.040680651307274,1.089754571098652,1.0863955223770665,1.1332768004397407,1.1760614926361483,1.0836244547332694,1.079084540562653,1.1318837462349545,1.1167432750988713,1.0884968102631,1.1553352710022466,1.1435529689593398,1.136974021866646,1.1493880287214062
2018-05-01,1.042862955520359,1.0411982143897827,1.1199804928972237,1.0500531403092555,1.0263946683952467,1.0700506800356293,1.06673808701881,1.1292584414358116,1.175355071359477,1.0779795717199288,1.07325515971929,1.1313915345976269,1.1064089479777384,1.0845146341798992,1.1428368774830389,1.1312492966360874,1.1364904170734333,1.1502100576618033
2018-05-02,1.0323859569965173,1.0310266444228957,1.1071798084578173,1.0389208001000414,1.0189818142283384,1.0550287180442361,1.0521128555193486,1.116201486279014,1.1633486205678607,1.0677783969054218,1.062995447081653,1.1199481865448124,1.0930988545681037,1.0750897605870777,1.1279495825680055,1.1173275944330485,1.124856547103755,1.1396492180859017
2018-05-03,1.0321164854496871,1.031480278894337,1.1057936525491383,1.0390023741509598,1.0178256503671133,1.0546245121034943,1.0529844349258124,1.1149879221114043,1.161363519429367,1.0659879434589672,1.0607820254215519,1.116764477420841,1.0939906476667076,1.0729930915194248,1.12123711621581,1.1120987633381865,1.1228577534867108,1.136407669269204
2018-05-04,1.0399524201313872,1.0403050613585718,1.120238004840711,1.0463488556726048,1.0247767648706836,1.0579442009108078,1.0572724176519168,1.129516087839577,1.1771983268758186,1.0710098987877648,1.0663758915937054,1.1291818386412698,1.0971045275608278,1.0798291166340925,1.1196210290579844,1.1124544836146528,1.1349473875863239,1.1504996060546773
2018-05-07,1.0361286681159247,1.0368718203387914,1.1206188840354463,1.042040481943318,1.0211529052046855,1.0501101135081883,1.0504422984282702,1.1300730168521096,1.1811106789678931,1.0650353341723504,1.0608828710043532,1.1283637862962146,1.0907291062328328,1.0739854717630406,1.110145176633224,1.105093419173528,1.1346360626624137,1.1522393242028517
2018-05-08,1.0306286843187158,1.0313108909560624,1.1180407163424104,1.0370139017746236,1.0174850830215116,1.0488929402958056,1.048495816127405,1.1273852332579606,1.1810303909004882,1.057396996141539,1.0536731207511765,1.1239124701347856,1.083460339824088,1.0690670438815124,1.1080600789430641,1.10104771294141,1.130371234111865,1.1510931044246973
2018-05-09,1.0329955495936585,1.0354278556552614,1.1255971499933768,1.0395909170211282,1.0200640493234343,1.0556975627172729,1.0540523545913132,1.1345815933264352,1.192699577658266,1.0604035531615874,1.0570259723640762,1.130238547357356,1.0856997511724502,1.0728986400371547,1.114444612775946,1.10507681349009,1.1365545588136363,1.1601323949905165
2018-05-10,1.0412469178446955,1.0437301341479444,1.136040957747012,1.0468587251053014,1.0282631857891849,1.0597420107623774,1.0578599742298223,1.1446023398420946,1.2043808446102653,1.0693144039694993,1.0669218694946585,1.1406600870538302,1.0939442014478291,1.0812029364313003,1.117926101281795,1.1092434896460315,1.146527243073752,1.1706541006845024
2018-05-11,1.0458258390274104,1.048532060581245,1.1408961728270852,1.051040139227558,1.0311637422623245,1.0633802061150555,1.0609907799455518,1.1491710157350012,1.2083430661539178,1.0702739656120168,1.0674585062351212,1.141486210006211,1.0950143048099388,1.0828394345312664,1.105735172133668,1.1025376724994855,1.1468521534082972,1.1716408457242717
2018-05-14,1.043244078356494,1.0459654716097038,1.1418208413050155,1.0480918157166383,1.030155198789118,1.058684123169525,1.0562443445977476,1.1503219232581152,1.210297323356692,1.067730721350325,1.0650264718825202,1.141031032603732,1.0927447454439327,1.080550539111148,1.1012027034720953,1.0983010851291315,1.1463534103625317,1.1721392650316689
2018-05-15,1.0396224156713336,1.0415212748064175,1.1340587963911466,1.0456505771149243,1.0257126062118753,1.0600128794066404,1.0567779245648843,1.142690521951132,1.2013511927909746,1.0649708154918356,1.0622828904579662,1.133990377869192,1.0919865558645803,1.077519779095157,1.1074995131212384,1.101270406841223,1.139673838555149,1.1657197354917375
2018-05-16,1.0402146963081615,1.04174013576107,1.1383330539419774,1.0459743354329465,1.0260542492854225,1.0612159232468883,1.0575559930106462,1.1475087637409058,1.2073625238923797,1.063934918449059,1.061406655729692,1.1378215212219625,1.0922268209466395,1.0749963645199105,1.1026558477798267,1.0988238762383566,1.143274105511174,1.1715540133177136
2018-05-17,1.0424079763683274,1.0439772273658003,1.1393814459644682,1.0486663296867984,1.0295413228668693,1.0677066831619164,1.0642262485540954,1.148007041431736,1.2076291308898321,1.0619707370229818,1.0594458334181955,1.1374136939575892,1.089994523241572,1.0735653996342824,1.1015060036874462,1.0975991378377825,1.142941715360179,1.1720946636501286
2018-05-18,1.0402727465237518,1.0413996135152457,1.137226774342696,1.0458574385307122,1.0260879638436196,1.0600470847712347,1.0581528371225766,1.145802787246841,1.2047122892917272,1.0577851005951957,1.0548181049724161,1.1367039510358263,1.08465901954511,1.07159752669593,1.0919808968626759,1.0888104852150622,1.1418200055283292,1.1703670856259987
2018-05-21,1.0456085889983304,1.0464982153427818,1.1447792619386445,1.0509797497906115,1.0339912591381537,1.065271999343531,1.0630449650883023,1.153378680881376,1.2132631774354081,1.0643635466283192,1.0616502702730226,1.1430566646388196,1.0908982195742951,1.0779488795052001,1.0987809059718376,1.093915693452536,1.1482528000423649,1.1774178957890902
2018-05-22,1.0449298421377053,1.044995724137923,1.1417478598096764,1.05072040943069,1.032961952811415,1.0650152541970517,1.0624853023499758,1.1498836660085006,1.2104131864683019,1.0616749019090375,1.0586383727321538,1.139384264131332,1.0902246920129919,1.078297540036913,1.1003715597366641,1.095320172348727,1.144478372177887,1.1728595824738743
2018-05-23,1.0473649894049541,1.0487088978739554,1.1458023444995273,1.0537840612481426,1.0353595200142425,1.0737501830975058,1.0684614776381232,1.1539287875209703,1.2155741102734081,1.063598674233152,1.0608719400693443,1.1423574968302195,1.0934126761718044,1.0809810995007771,1.105934814373445,1.0974860455787592,1.1475514033016199,1.174933602572533
2018-05-24,1.0450432487209247,1.045271350047185,1.1447813817891577,1.0516366228686578,1.0343390431163184,1.0763493621562445,1.070149628141182,1.1530290755251662,1.214094385492158,1.0618415990386196,1.0591718739172638,1.142367775175743,1.0928595497046745,1.0817662131908,1.1072544712192705,1.0995453669801714,1.1476782906326928,1.1741514940485538
2018-05-25,1.0437641999090894,1.044628624080083,1.1433226286114124,1.0505127992796002,1.0346009405415482,1.076650880381372,1.0699502508418821,1.1519049525472917,1.211945895535973,1.063795221741675,1.060136136050018,1.141989841945662,1.0948467883851376,1.0831571439093277,1.1059499224924174,1.0998170617242171,1.1470767285121273,1.1717366869587211
2018-05-29,1.0375457395305643,1.0381408490204092,1.1322558571732895,1.0452931177470806,1.0283092651083676,1.07136436200596,1.0645504348389812,1.140502031639522,1.1977705414394249,1.0554976827430387,1.0512100540908171,1.1316222547825427,1.0877300696767807,1.0740553628537515,1.100486560033774,1.093844005671134,1.1367744274947877,1.1586525070259241
2018-05-30,1.0516624217561577,1.0531485527413569,1.1477962189487696,1.0597832710936201,1.0425691267879644,1.0863542422999855,1.0798293350258024,1.155912392799344,1.2142439297798773,1.0668669737556349,1.063032862697493,1.1455259294690738,1.0965734074045268,1.0866815197322972,1.1051670765181316,1.1003186258252078,1.1506833117749096,1.1737218937716938
2018-05-31,1.0440980559730992,1.0466951631495824,1.137788565857331,1.0528524104044361,1.0362538622420745,1.079343578018003,1.0739636719243502,1.1453408279626607,1.2031719388018869,1.0618838403566115,1.0577827972524192,1.135410717965517,1.0939310680125718,1.0812759020565061,1.0984564386641147,1.0929018429613206,1.140850275567679,1.1629118722623484
2018-06-01,1.0450382608337974,1.047590603214722,1.146136608850828,1.0532301357121794,1.0379485584550903,1.0791928993620379,1.0730971100431708,1.153632577879294,1.2159464769235722,1.0610238149806999,1.056625142538276,1.1418454834338398,1.0918752088657704,1.079162630106266,1.0911589774793078,1.0860297993358776,1.1469134755570984,1.1730233469945426
2018-06-04,1.0482885547283394,1.0506731809183758,1.151696771435272,1.0563037278069118,1.043469951304139,1.0853256846493655,1.0779443614119186,1.1589794100992792,1.222280337149104,1.0647144530906092,1.0606837497256612,1.1460454029628477,1.0965978406612469,1.0851518441318233,1.1006356172746767,1.0934721675257446,1.1511168401133822,1.1766725522075656
2018-06-05,1.0448578024361646,1.0458665749973066,1.1488047515242263,1.0531534576863815,1.0388803347999354,1.0854485209099447,1.0763981465045602,1.1558548925462473,1.2207324640806823,1.062690746787035,1.059118333877713,1.144995851714426,1.0950926669841377,1.0815409921768089,1.096619628938803,1.0896944688388892,1.150972272579571,1.1776645410329127
2018-06-06,1.047504546017618,1.0492449945556157,1.1583407543675328,1.054105400091872,1.0390002445245088,1.079437520869642,1.0717442099524945,1.1656291462867632,1.2330638924459865,1.0630930097763338,1.0594467588435104,1.151492370204509,1.0946778815629765,1.082393855691447,1.096874864345033,1.0880140584741462,1.1564379484363274,1.186627673897642
2018-06-07,1.052765225703745,1.0531466724746215,1.1612188200188713,1.0603601818033102,1.047712202031713,1.0903394227631888,1.082348323001513,1.168879411154328,1.2336447040484821,1.0701674501641496,1.0656947944062738,1.1529229978791593,1.1018031423774721,1.0880396606074434,1.1059473259061596,1.0965843607643908,1.1578298458933711,1.1867733321504377
2018-06-08,1.057921605941996,1.058605594312203,1.166409095365583,1.0653904174750666,1.0498884921327554,1.092730336580227,1.0858184059666225,1.1739213343220694,1.238095131700528,1.0716668935681428,1.0673894000297564,1.1585425072103714,1.1042767712167159,1.088659403038961,1.1075344114993306,1.098345182413805,1.1637436885939256,1.19217970434078
2018-06-11,1.05884502886342,1.0598063578488128,1.1674040266321222,1.0663465670520103,1.0507896567007595,1.0940030193380577,1.0868893860322422,1.1745249932246764,1.2392865664011097,1.0752595170539445,1.0705718347856084,1.1608499163890595,1.1116251566780004,1.0933155212566172,1.116790982001557,1.1057862508927483,1.165931023033078,1.1948515845982541
2018-06-12,1.06050793259239,1.061895442462031,1.1681327475308192,1.0682233097413212,1.0536208692896434,1.0948204444601366,1.0878385440680634,1.1752739157986254,1.2396099064368813,1.079341120306874,1.0742893868781151,1.1651914475110743,1.1166549571485362,1.0949488317092817,1.1197617026646223,1.1088593085469012,1.1704931005039725,1.1983822946525764
2018-06-13,1.054741025116152,1.055602492329776,1.1646032530320942,1.0621906537606705,1.0495278211185508,1.0892631267503508,1.0817067992985299,1.1712870236006252,1.2363598259986541,1.0707817728041356,1.0659456526367852,1.1588315298176521,1.1098334754984445,1.0882255519710415,1.108673002506405,1.1010017559629282,1.1645811927358185,1.192816523933294
2018-06-14,1.0589011329712263,1.060484563261247,1.166415550032342,1.065528093504988,1.0518184752911088,1.0881892255752976,1.0808589143558505,1.1725148419070524,1.238153543010809,1.0749116721878946,1.0701225006298873,1.1643544717076315,1.1132940866936254,1.0923634808501026,1.1084956417850642,1.105114913573621,1.1697996204712544,1.1968327744435687
2018-06-15,1.0674480225531215,1.068557686433573,1.1695412069795992,1.0749529785941447,1.0595468043883474,1.102654858963242,1.093169193414456,1.1751359251741151,1.2387508300755727,1.0806071686728904,1.0762229256678144,1.1671455496460117,1.121048382247825,1.1009632518956665,1.117025014201839,1.112700405877298,1.1724290822561054,1.1977314259372738
2018-06-18,1.0615085978692638,1.061790188385203,1.1630301011323798,1.0696080857903967,1.0543215513125448,1.098976043195094,1.0900327674741563,1.1684055605741053,1.2328123693096587,1.078977939780041,1.0747177312744673,1.1639722429497084,1.1220227241920382,1.0981791439111543,1.118640855451918,1.115988440054979,1.1693771235122166,1.1950138449307142
2018-06-19,1.0617170790599726,1.0628189925863818,1.1598815864902001,1.0700520708696375,1.056393849830951,1.0996958664768464,1.0907799434010188,1.1656586419880857,1.2276816252208715,1.0796320648760145,1.0755767047606968,1.1602684337454428,1.1207485628567866,1.098893560737441,1.1177496510107194,1.1159676539076286,1.1657229760628645,1.1895121008079834
2018-06-20,1.0620146217846667,1.060367571145954,1.157836857542339,1.068894768774589,1.0550673555465697,1.0934234864672954,1.0839328130802117,1.1627933439859033,1.2271043836068805,1.0771384406919624,1.0727503142522488,1.1612272021187782,1.119570969264502,1.0965256831085288,1.1207118967591942,1.1175650810920246,1.1665100129132375,1.191619090328888
2018-06-21,1.0585400696690606,1.0561498009148858,1.1515212731706117,1.0659260995241413,1.0516182499101903,1.09157252883042,1.08199713782384,1.156257085145117,1.2193270020986033,1.0734125650974098,1.0691812281287172,1.156721660323765,1.1168723403712864,1.0876368590811525,1.1149219613348818,1.1131355896260307,1.1617864589935836,1.185107715059729
2018-06-22,1.0682085121876943,1.0671986213028504,1.1575073843571508,1.075998003426721,1.0583028305220923,1.100339462903924,1.0929777835961076,1.16265991515779,1.2222534889651226,1.0805178345160946,1.076184065468563,1.1615816905308625,1.1247728547225655,1.093720407099518,1.1235432339602958,1.1213508509111358,1.1667827539233044,1.188243065257303
2018-06-25,1.065196942058865,1.0652412961441364,1.146324943951264,1.0738955406944621,1.0593127518998162,1.1032399491709506,1.094288505424747,1.151498388207763,1.2055938919316034,1.0823957709282765,1.077873674724559,1.1520898178139436,1.123847425988746,1.0944593493264734,1.1239702078515184,1.1214106274196003,1.1578836523499154,1.1751346700373666
2018-06-26,1.067216435304731,1.0674087775703438,1.1471776046439124,1.0767077431306153,1.0610881074659153,1.1067713260229335,1.0987676339280545,1.1526066154766204,1.2076370545597572,1.0850988987399615,1.0801915031657103,1.1527622476142336,1.1266074009699356,1.0947252799050553,1.1283175232814775,1.1261277427323768,1.158659436619376,1.1759276091724893
2018-06-27,1.0650354502447736,1.0656933246885714,1.1391463934982882,1.0748782341543568,1.0597075014301651,1.1030097596895971,1.0964479417978648,1.1442426502343939,1.196558963967768,1.0829953099453755,1.0779216190436565,1.1440598272293516,1.1229397423241008,1.0904922498214393,1.1243524071110627,1.123130400721983,1.1497348010831818,1.1650345777313067
2018-06-28,1.0684569440830045,1.06786608056146,1.1430999911358892,1.0779859921775736,1.0593232907771493,1.1045882286277642,1.097103326378667,1.1480742572222484,1.2021649974468007,1.0865534175348965,1.0820581337675916,1.1486063260842247,1.1270688304659902,1.0926014335945282,1.1335360258929605,1.1287687860602336,1.1552408892120554,1.1699426979150767
2018-06-29,1.071123345578301,1.0702051136306092,1.1446614422485522,1.0807364090897784,1.063794101358486,1.105931519088346,1.0984434710709317,1.1493338356190919,1.202936632060878,1.0830809507556547,1.0784288333462013,1.1498885862066017,1.1219849487581846,1.0922166447814652,1.1268171435032222,1.121348644197977,1.1564109835987086,1.17146327021852
2018-07-02,1.0728500482695875,1.071286213327887,1.1461879809388946,1.0825711267810563,1.0667261358664242,1.109503345374156,1.1000765450277878,1.151300193945751,1.2065198205179646,1.0846108276441184,1.080494247604544,1.1501766640281692,1.1227657690291848,1.0935799126382229,1.1247166584196033,1.1206556160133276,1.1565361359482997,1.1724952547103753
2018-07-03,1.0734031978525993,1.072881386551943,1.1430274922380828,1.0833227287709466,1.0661958933793936,1.1099715030449493,1.102314873636581,1.1481901486541977,1.2003766823947635,1.0877878111497328,1.0835542794051098,1.1494493307987401,1.1240700897501228,1.09380421608757,1.125516396285812,1.12216507797932,1.1556828366540188,1.1699292236592256
2018-07-05,1.080831096411951,1.0804274434362002,1.1525465729612665,1.0902911313780788,1.0719338544873327,1.117522455685596,1.1093903159639793,1.1577600436961333,1.2107541021027124,1.0945040270917752,1.0904412119779308,1.1594191499319468,1.1323116132613316,1.1009345875286212,1.1346440640158209,1.131582163399615,1.1660294895365166,1.1798513170952316
2018-07-06,1.0846120750935349,1.0846368712313321,1.1609331354083212,1.09392165691246,1.0783607152023178,1.1175201655181244,1.1113220302316889,1.1667566483319949,1.222205851214494,1.0950881520524691,1.0914142966190312,1.1672403707101224,1.133217331746302,1.1043206512908215,1.1370270496898955,1.134695772341635,1.1738569914157984,1.1890298312035865
2018-07-09,1.0797058378411766,1.0798176880687056,1.1664475569401038,1.0881446860913442,1.0719564409762539,1.110924822652357,1.1041686133507687,1.171726222752227,1.2332485693696054,1.0910440528440029,1.0874396815738043,1.1718988319189678,1.1275100642556193,1.099817193151094,1.1293812136479986,1.12656827589895,1.1782854924399007,1.1977667272318941
2018-07-10,1.0890381508364577,1.0896077011175325,1.1734991014552805,1.0979896646181648,1.0814974159874737,1.120851981530874,1.1134128653766355,1.1789748475537998,1.2386430181125605,1.099020161591208,1.0955318931564288,1.176147504987944,1.137186178988326,1.1087303403291178,1.140452736522453,1.1355196321978778,1.182882699320103,1.2011281606977546
2018-07-11,1.0864230300810165,1.0863223760182514,1.1666594112586801,1.0957532552791456,1.0799743295704842,1.1203940598392361,1.113039909368195,1.1726284841017036,1.230493068184384,1.095997772922848,1.0922205592160024,1.169203862846171,1.1361252493480942,1.1080288356787364,1.1409013742603593,1.1348188843654283,1.1767845125743803,1.191609858241215
2018-07-12,1.0909635438873155,1.0904486877218065,1.1733347304467596,1.099319998819459,1.0787236505469162,1.124065486240536,1.1135124444413234,1.179786355300751,1.2400747172801971,1.0991850521456623,1.0947115115590789,1.1753480516571806,1.1396172372692857,1.1106293586719396,1.1442522838133868,1.1376848310970935,1.1829945883973518,1.1987964162250884
2018-07-13,1.0938772732140063,1.093278529725228,1.176305494852891,1.1021710478319173,1.0794681082692417,1.1244679349725717,1.1155465879071804,1.1828109550513097,1.2417065809276246,1.100424552478001,1.0958014399370224,1.1771784688053166,1.1413099605924084,1.1100000820646674,1.1474208826258823,1.1406620012817517,1.1847548139681752,1.200553767668859
2018-07-16,1.0924715663330964,1.090502363463868,1.1736400410627021,1.1016391612671204,1.081866796569817,1.1290288759438194,1.117497607853363,1.1801275702805987,1.2400221327565861,1.0997951388977858,1.0954020161665938,1.1726580085192329,1.1410897762193928,1.1120571689424552,1.1560572338992003,1.143196349242321,1.180656049516292,1.1965954450788485
2018-07-17,1.0956268872186437,1.0940087177542557,1.1783862046686995,1.1047321103700782,1.0869320229582218,1.1349280086613782,1.1231989556318211,1.1847386768078296,1.244745484791863,1.0996670753563547,1.0954463233604597,1.1762678150701624,1.14016603980066,1.1147208156678685,1.1555963848722333,1.1431554546926233,1.184831542494661,1.2015214191998767
2018-07-18,1.0936210413723506,1.0920943731165151,1.180060754980351,1.1029366287411426,1.086736192842013,1.1334921667325197,1.121522861964407,1.1861202651130474,1.2487276502993987,1.0995709580595179,1.095105536398312,1.177127949453259,1.138407816022334,1.1146867673555516,1.1547518156349832,1.1418508525601223,1.1859312893898573,1.2047732578468078
2018-07-19,1.0968504452447776,1.0973639255415395,1.177593960913734,1.1075975462610255,1.0912363787754258,1.141216152936972,1.1281395299918882,1.18414039266384,1.2433156575857662,1.1025898710674356,1.0969894661822328,1.1778834384483552,1.142438637041146,1.1168553012095082,1.1549079766658463,1.1435642747529058,1.1869138621815032,1.203508520117879
2018-07-20,1.097680148939158,1.0975120237864755,1.1759591020202782,1.1085512582934103,1.092681581983097,1.143908380126538,1.1301720717614703,1.1823875391167653,1.241584551825984,1.1015961993607515,1.0953424265086638,1.1744865095408943,1.142188249969443,1.1180314016223178,1.1580060911911887,1.1457307997258104,1.1837016973749628,1.1998657065077871
2018-07-23,1.0934531314900977,1.0932978484297518,1.1762708366268437,1.1040656780252889,1.0906217730192003,1.1380287034873335,1.1244249343011299,1.181980641683506,1.2439711578606656,1.0978155238326546,1.0924624369368052,1.1739501826760286,1.1399805270214511,1.1168395904858,1.1568197718926498,1.1421402455517158,1.1829610346227544,1.2001216447196799
2018-07-24,1.0992446068340582,1.0992799173790637,1.1822882306038158,1.1095693165977398,1.0992942309784233,1.1448756914340164,1.132165329417357,1.1876004152503576,1.2493644094286636,1.099037623911392,1.0938766320317803,1.173649893923139,1.1437124760985624,1.1188689837570902,1.160526215679804,1.1428504378467765,1.1823847358262,1.1994047370296101
2018-07-25,1.1040339847294907,1.106285548210493,1.190474936501495,1.1142134442069256,1.1070324821094735,1.150547968182964,1.138285506533462,1.1949504213933042,1.25945917254079,1.1088114151821646,1.1038940878901549,1.1840716942960725,1.156574821736807,1.1279378171042425,1.1798349029030692,1.1566271268746011,1.1928383980622184,1.210077053310485
2018-07-26,1.1065624920581512,1.1078855221755666,1.1925111543614701,1.1155699846530625,1.104603688789727,1.1474458971683288,1.1348281876321897,1.196510192666743,1.2574433397141775,1.1165927720561881,1.1116959257255934,1.187794271163328,1.160900435236582,1.1356330895065676,1.178661271224556,1.1624905226512035,1.1960188513348986,1.2128310050287365
2018-07-27,1.1064322375590592,1.1070123861262604,1.188817506037901,1.115456596009738,1.1062802402003826,1.152273997509719,1.1397894153109875,1.1919941096975188,1.250820545909651,1.1172481230930742,1.1129620507921618,1.1802397453138345,1.1601881214142606,1.1321460708671496,1.1771390539301587,1.1603912927366251,1.1883901677827822,1.2050927206321012
2018-07-30,1.106746418673838,1.1072482303306908,1.185785878374683,1.1159499547049563,1.1061494060345398,1.1555601509180147,1.142925170587347,1.1884000773295202,1.2439302535644947,1.1111950536047566,1.1060379374609484,1.1740494239627077,1.151369560476957,1.12159675149378,1.1641381959451256,1.1476389199733104,1.1814266346006745,1.1980447457438304
2018-07-31,1.1175128137888404,1.1184489362097012,1.193252812935768,1.126940031760306,1.1139253621105312,1.1632912142419214,1.1513243880139796,1.196014977789084,1.250256252734073,1.1223145756069082,1.1159544769097394,1.1837256281373523,1.160783479507496,1.1287423276578419,1.165073987083849,1.1495982503068627,1.1908742549012692,1.2064663817040326
2018-08-01,1.11843125581299,1.1172419166386207,1.18840164271605,1.129130862846625,1.1124338879803661,1.1688373647588375,1.1547989897975741,1.1911579455631442,1.2458104412713487,1.122297668837927,1.1168981468699843,1.178212475266166,1.1656780667560855,1.1347539040998007,1.1757289921520302,1.155969130999787,1.1850232143723514,1.1993643729804393
2018-08-02,1.1171472480171956,1.116030418517543,1.1900381317009907,1.128073786560102,1.1132721499212928,1.1677505817500176,1.1536761858756155,1.1925706272409524,1.2488958050439853,1.123999826023743,1.1179723015251097,1.1821341430883974,1.1655396640819295,1.1294865677813413,1.170922824122636,1.155845946550261,1.1893216248051708,1.2043558018129472
2018-08-03,1.1243719869197024,1.1253175919424139,1.1985995698797511,1.1340551073303546,1.1170696197678442,1.165528345100822,1.1548476620198624,1.2009836480950722,1.2557726594486487,1.1277051542006353,1.121604809374921,1.1897661782345437,1.1662776927410388,1.1342487598826403,1.1662533053435338,1.1534601968942821,1.1968089690373935,1.211231692655279
2018-08-06,1.1244950096106912,1.1254407174848284,1.2003272762022152,1.1335967078943483,1.1187057036530377,1.1640068953793037,1.1545272519806304,1.202772316625259,1.2589101275557826,1.128742672968391,1.1220629310278902,1.191705615202081,1.1662313115974183,1.135186069897434,1.1626331855149417,1.1536277211648378,1.198922037555739,1.2139713902699472
2018-08-07,1.1224600958757054,1.123782913220383,1.2020315190441622,1.1316469113186474,1.1190830208172613,1.1621755549123394,1.1522180248343468,1.2045521208992596,1.2625740437005104,1.1236831050066096,1.1167388249262338,1.193495384702867,1.163864209758328,1.1380109892796666,1.1515630965296562,1.1472277773924946,1.200087092697742,1.2168683606949993
2018-08-08,1.1202478266885838,1.1207596563073863,1.200073330939958,1.1295674272372074,1.1181766922024783,1.161889231245944,1.1518143316867209,1.20244685063478,1.2610206659083396,1.1194833156102033,1.11294626040722,1.1906970832126387,1.1593283138679715,1.1308991235565877,1.1501211360704382,1.1441571430958375,1.197297584800633,1.2144718159998895
2018-08-09,1.1167091147918278,1.1165606786544697,1.1977621048981768,1.125842029286124,1.1152326528768393,1.155666382050987,1.1459522594665965,1.2001447090695383,1.2581898779668834,1.118930593836165,1.1129066652469624,1.1900262700958608,1.1570389344335708,1.1314629622418817,1.1458891767150226,1.1396002902661464,1.1965376044834717,1.2123629630044608
2018-08-10,1.114365913683944,1.1137932157368293,1.191469259012512,1.1236391143882196,1.1144048807285978,1.1530496137806285,1.1436713503457359,1.1940057142036309,1.2502198864524507,1.1159186852091008,1.1101347113094435,1.1827535423563815,1.155188089055764,1.1287053271365741,1.142078163572901,1.1355442426325741,1.1892345404694034,1.2038983705355173
2018-08-13,1.1114874320980932,1.110555207209352,1.1875142437789128,1.1209034564879743,1.1106019098145075,1.1507863814936319,1.1406102444591755,1.189941788128003,1.2451188699487592,1.1120089083630498,1.105739354007883,1.1783095229589782,1.1514370474638047,1.1231876356334523,1.1396491279507477,1.1319277618154484,1.1847162645409974,1.1985236430675048
2018-08-14,1.118284482850553,1.1172276275051372,1.1939877679261879,1.1278310481868055,1.1187403702584418,1.1600126571231721,1.1483906126352614,1.1962053355418298,1.2523071653839972,1.1139510808288697,1.1086447787747304,1.186430191727716,1.1541038127040937,1.126469975752547,1.1368501884734352,1.1317669773602455,1.1931273226234287,1.207908455459298
2018-08-15,1.1179009577798216,1.1160913328975866,1.189028781787195,1.1268091471708541,1.1164353488173973,1.1557745176516587,1.1444111970270001,1.190073383088705,1.2426645562991336,1.1131507619319696,1.1073212037991516,1.1821815406968719,1.148481373857952,1.1237588791456554,1.134765654427397,1.1315475648965387,1.1883907199228936,1.1997317684583146
2018-08-16,1.128786390949654,1.1281688765110085,1.2015931113373246,1.1371830202299194,1.124975075346474,1.1630303449731743,1.1515183158532942,1.202264861780199,1.254508782544052,1.119959777501887,1.1133219013921172,1.1910649629246857,1.1532935273999116,1.1281112664435329,1.136431785123601,1.133829572051297,1.197327147401924,1.2092978208177687
2018-08-17,1.1351683679834312,1.135011517869602,1.2060371396385152,1.1434261346647843,1.1300417170376065,1.167721132639534,1.157172749148369,1.2062992680220417,1.2573456352852022,1.1278903456206655,1.1213452055630773,1.1984448418398939,1.1603834898570085,1.1367431953480016,1.1485557418115546,1.1444539092178099,1.204653398205957,1.2153571480625742
2018-08-20,1.1371223108971227,1.1363489104667424,1.2085141442703198,1.1456846547487858,1.1326965951123718,1.1690738672118435,1.159243603073632,1.2089987516577776,1.2605644331981316,1.1277603077163465,1.12213127500646,1.2023513074198355,1.160625457801138,1.135119925053619,1.1479874789169993,1.144937175603861,1.208633227522246,1.2203573414113351
2018-08-21,1.1334556815385535,1.1333350597725782,1.2106355019494248,1.143066686927498,1.1329408403685057,1.17290997213634,1.161472245600823,1.211428116085611,1.2651646655982278,1.121228849987288,1.1155830251550696,1.2024352560810068,1.157327286648504,1.1371798585098862,1.1499948811282381,1.144609511896066,1.2092049822222872,1.2235038851160676
2018-08-22,1.126734658577414,1.1257338795048069,1.2080039880992473,1.1359585845349665,1.1242306434945402,1.1642212029717147,1.1524860126873377,1.209081785301558,1.265429954958243,1.1151531327766608,1.1094658294163948,1.1993292005629002,1.1520545618941151,1.1321712362804552,1.1454934912210704,1.1395827487554417,1.2059220823309709,1.220902993384927
2018-08-23,1.126344803455871,1.1250421397998949,1.2062041453005867,1.1357546167979575,1.1259162535186034,1.165369593760652,1.1534110007760099,1.2073647315845448,1.263021960488944,1.1136945183251858,1.1081981594203199,1.196879786873268,1.151688444821695,1.1304743640776225,1.1424269659294914,1.1369446041647775,1.2033789929481522,1.2183689688350785
2018-08-24,1.1294553337431505,1.1273525669028956,1.2122510040649306,1.1384906764057527,1.1281260574240832,1.1663342118169813,1.154763609948116,1.213451667104704,1.2715315778694305,1.1146174517871257,1.1095140049383587,1.2034455551007912,1.1553693299515542,1.1299614311009603,1.1461776057058595,1.1404517450178544,1.2100300539454658,1.2256233275987203
2018-08-27,1.1313279666528735,1.1298704112369176,1.2186265931750013,1.1400572999552607,1.1268425091603882,1.1668438253618039,1.154317644491722,1.2199202420616717,1.281550526222556,1.1169699977121623,1.1119195523420238,1.208120073171515,1.1569761591266698,1.1314964178311004,1.144804546832839,1.1401780018227978,1.2148885520508637,1.2332829060284771
2018-08-28,1.1291556546412544,1.1283589347237688,1.2181166023447723,1.1381619471173865,1.1259900655863009,1.1663028106055122,1.1536180772254216,1.2191517332137831,1.2814688592274965,1.1140658827867382,1.1086505905891075,1.2085498218790156,1.1530621595153694,1.1281904428837797,1.1385680284071722,1.1370685312542477,1.2154460161134868,1.233991156494469
2018-08-29,1.133484781248674,1.1326118184554357,1.2229343760397355,1.1427638238386315,1.1303966552506062,1.1704335335370721,1.1587107129988212,1.2244589840370153,1.2875024785963225,1.1184773233682417,1.1126153378431656,1.2134852573079613,1.159183396680203,1.133557487557417,1.1455733279892477,1.1422748236581217,1.2205052158763343,1.2389490347844085
2018-08-30,1.1313953385279578,1.1303251073522442,1.218085676144381,1.1411896386652611,1.1289533226505206,1.1689511701190751,1.1578967598958971,1.2197809159868547,1.2817400013046105,1.1139518787489704,1.108899748595857,1.2060483769661052,1.1566481639898878,1.1243465999157851,1.1399021449321116,1.136660277250748,1.2131599247681626,1.2306543190369412
2018-08-31,1.131174097552881,1.1305745300027132,1.2185727742016588,1.1411735376836587,1.1298618083779295,1.1699066257988202,1.1591987075040424,1.2200988946736353,1.282081382452492,1.1157692985853134,1.110269125494101,1.20786338930195,1.1571571526063515,1.126506859485279,1.1401320804988602,1.1377254722278491,1.2149377382901254,1.231915982193874
2018-09-04,1.1291881999798175,1.1286859543380423,1.2152921878503644,1.1399092599582252,1.131709473110574,1.173752618701395,1.1616758497051187,1.2173027277399515,1.2791303536054681,1.1129961228669338,1.1085245134968258,1.2057736963070178,1.1547302275190432,1.124076212396241,1.142614938931669,1.1385690977119238,1.212479379074167,1.2300206894055126
2018-09-05,1.1343266698255123,1.1348965534384383,1.217953570050731,1.1449060277536058,1.1363169167085176,1.1771928969857464,1.1652687504483659,1.2190926786398937,1.2764216288774755,1.1168478902870869,1.112394820706829,1.2075222958014196,1.1570832105830589,1.125695687352172,1.1426108363193757,1.1393721341985874,1.2136708033162775,1.2293628249516628
2018-09-06,1.1388013409329196,1.140417753668953,1.2191783617808054,1.1489882616152327,1.1407073584079188,1.1809747475962822,1.1688455018570687,1.2196192082977082,1.2738819614146115,1.1226614959930346,1.1179830015110033,1.2087169932341748,1.1620705033653076,1.130155873049859,1.1442724134910427,1.1428043063120543,1.2148496262425907,1.2271322340237043
2018-09-07,1.1343296079931489,1.1354094449240428,1.2174136513846268,1.1437203251602417,1.1373565738408764,1.1730716797151262,1.1622528521145457,1.2178429320621982,1.2732270666299195,1.1215503918465295,1.1166573944239837,1.204425348367444,1.1623301424982104,1.1292962062474217,1.146743701739354,1.1443752248731736,1.2109255228671494,1.223028353068378
2018-09-10,1.1323919377371134,1.1333423214516243,1.2205732528792954,1.1412160004636056,1.1355264349679994,1.1656439432991577,1.1565341996905028,1.221285284311468,1.2773999088366497,1.120401080843586,1.1154682031860457,1.2083215730826142,1.1601893311226146,1.1292036800416216,1.1405808877059642,1.1404705935285826,1.215190325232798,1.2278591750357337
2018-09-11,1.1335721933759737,1.13461926805642,1.2215450959444156,1.1419320588038875,1.1352075036192346,1.1640284316792084,1.155607600348576,1.2216639131567428,1.2792823013309598,1.1209858442382221,1.1159689164739546,1.2090116720094837,1.1595782270380524,1.128126930186337,1.1388183367833222,1.1372398524165142,1.2158247002790632,1.228989442320413
2018-09-12,1.133838597902789,1.1355604251539806,1.2242448042041438,1.1415789742732443,1.1355194735852023,1.1582845337765275,1.1519495231067083,1.2246965101607221,1.2818435661107537,1.1199006481166298,1.1143379025611213,1.2112938625721994,1.1566688291202893,1.1251489740632785,1.1332910135783216,1.132622457113756,1.2179788500404385,1.2302654760395888
2018-09-13,1.142633385982269,1.1431800443430293,1.2310660745438717,1.150077225959634,1.1416405847661535,1.166885750978582,1.1585870318961902,1.2311377483066082,1.2890444238757572,1.1290040755525443,1.1237012343243113,1.2178669098264292,1.1660577777490202,1.1292007191434872,1.1408469913509713,1.141250432226464,1.2246297012870238,1.236130813919
2018-09-14,1.140668151981081,1.1405253956002377,1.2303606150302437,1.1478570961801806,1.1403422682912974,1.164334448893075,1.156244583984049,1.230272328100799,1.2903269246787707,1.1274893536099322,1.1222224915039039,1.2181199703970824,1.1633107054792973,1.126890208335406,1.133406768437561,1.1366092428668744,1.2246679950193728,1.2377876739619555
2018-09-17,1.1432131119949362,1.1426018847863193,1.2278933807564987,1.150311062567993,1.1414889552151248,1.167454530013042,1.1581703160783556,1.2274101813277136,1.2845518232437074,1.1325304067606208,1.1271055608766798,1.2152305048700132,1.1669473735273026,1.129442196559675,1.136919217416594,1.1387586712336641,1.2210566614577238,1.2327143001597276
2018-09-18,1.143191895448213,1.1430353210996298,1.2329462482024334,1.1511625330564654,1.1443929872819405,1.1713876841514612,1.1618416466689983,1.2322803183463276,1.2925295196241073,1.1278093517058299,1.1225663511743178,1.2186046923928504,1.1643742222686149,1.1295825708894822,1.134375936593885,1.1385519048953414,1.2247246589455074,1.2378522522793156
2018-09-19,1.1368788801712366,1.1378272961649927,1.2318250138503026,1.1438639054427144,1.1363510159420678,1.1629325942585362,1.1522611069732567,1.2309144577716151,1.2944203217937054,1.1246864851952303,1.1199406381550474,1.2156168187337584,1.161478529769859,1.1252572302991397,1.1254433842010552,1.1298302541571714,1.2210779583221245,1.237169531184253
2018-09-20,1.1449826194579076,1.145709705780212,1.2410771068675654,1.1519084563282682,1.1426275141180982,1.1721210375425017,1.1601032742382054,1.2403271603516466,1.3045828203162557,1.1274896797396448,1.1227249440140574,1.2233960163456385,1.1638111948161618,1.1242361399406395,1.1283070965174753,1.1314046268646054,1.2289322625547245,1.2453184130944384
2018-09-21,1.1477066372048166,1.1497011768059608,1.2438897676787735,1.1547327137405359,1.144656462786505,1.173898308565947,1.1631750461452597,1.2432133944264319,1.3056494466094863,1.1313617918002976,1.1270701614392624,1.224557851419544,1.167465733234593,1.1278541091172662,1.128376531356327,1.1323743359400436,1.2301920972366291,1.2461797768563796
2018-09-24,1.1418752964955625,1.1427939115331736,1.2363257234725766,1.1502449746183487,1.140185025124841,1.172512741027318,1.1602384766003513,1.2362713573371664,1.2995967646578077,1.1242364614180247,1.1200309001459572,1.2151535687144872,1.1633646344248765,1.1205323024807705,1.1261421279281527,1.1280299521401678,1.2206642409872015,1.2377163074067135
2018-09-25,1.14090178303031,1.141988983755748,1.2337994871301716,1.1502599736431953,1.1397755679685586,1.174927870417296,1.1622912757893606,1.2338832611145867,1.2973470509416256,1.1194495569451246,1.1154749640433834,1.2111542560008959,1.1602878177367386,1.1185115933810774,1.1271590990870084,1.1264673129257148,1.217140597500869,1.2340682906644478
2018-09-26,1.1346001555004985,1.1363425911139264,1.2312595821084005,1.1436176065336552,1.1345872704456759,1.1695432607681113,1.1567913103268195,1.2319634364605874,1.294564640678671,1.1114994644730656,1.1079251585322034,1.2062854840892592,1.1537182461074225,1.1100037694699716,1.116911069957136,1.1189064688876489,1.2124829238677617,1.2288399507328815
2018-09-27,1.1371580735475542,1.138973370206091,1.2340857655918853,1.1467367930907582,1.139169373909655,1.1720415170354428,1.159923047919469,1.2350664804559,1.2978084589006331,1.110267076203954,1.1074617967760219,1.207073938105599,1.152954396734431,1.1103342373734544,1.1128752663840094,1.1167228161508849,1.2130763051037643,1.2291465815750058
2018-09-28,1.1417449202201124,1.1439986530713704,1.2363654254508214,1.152120554552399,1.146289033564776,1.1799093298386862,1.166437259765796,1.236890643038347,1.298098753448783,1.1155121528987364,1.1123393697851434,1.2105724938189621,1.1580093264425355,1.1151043908333034,1.1141359550832985,1.1201251142616566,1.216695892035087,1.2310587221398355
2018-10-01,1.143695673355018,1.145476857904042,1.2408564379884814,1.153243135023747,1.1472929413999415,1.181108445108334,1.1675378621695545,1.2417347046992313,1.3048427689882294,1.1115372512999555,1.1082970559197098,1.2104717413569093,1.1529320845075968,1.113371280533976,1.1061842800292119,1.1136288277146225,1.2160188999423052,1.2317504681872866
2018-10-02,1.14457581205336,1.1465609185289645,1.2421919673158934,1.1529018208472768,1.1485686362846748,1.1792009443681706,1.1658069244628348,1.2431022926733737,1.3056005475222994,1.1110262060363254,1.1075793204969475,1.2095763369657189,1.1520273646661856,1.1137573253291624,1.107988725601113,1.1149440621124875,1.2152791029367491,1.2295602121970917
2018-10-03,1.1402009912367672,1.1430372918340597,1.2399001925888833,1.147981960948338,1.1436867656553098,1.1729268784561055,1.1596655611924271,1.241022262043527,1.3058831708285206,1.1038423241389177,1.1007410224914072,1.2061253950581383,1.1441786138719918,1.1071901535971191,1.1058927377771344,1.110255849877816,1.2119487660276145,1.2294094920378091
2018-10-04,1.1404840820571704,1.1435728794949394,1.2346870013012794,1.1487161465523943,1.1486367382289042,1.1778472405623344,1.1645552082129988,1.2367649363506648,1.2977049969848147,1.1037090467782855,1.1009078950787086,1.1996400445493338,1.146348725111883,1.1107311570611358,1.1081784167379622,1.1138720738220136,1.2048489573029753,1.2210128275383787
2018-10-05,1.1441130664092467,1.1461048448534628,1.231468568055415,1.1534637992419872,1.1556467378013418,1.1878601651536669,1.1742250130146519,1.2337863171151031,1.2914662764249065,1.1104433254458728,1.1077826696081026,1.1971598360185687,1.1530888703483502,1.1183068261552063,1.1171238400579284,1.1228992372623432,1.2020438796635688,1.2154002922225786
2018-10-08,1.150486136219289,1.153325764478789,1.2357157655224538,1.159502054864396,1.1616504967422894,1.1906936806202741,1.178556618419103,1.237986836235509,1.292067727489462,1.1209010363712526,1.1178736648792698,1.200491080379317,1.1638101919202468,1.1287646628746737,1.1236410566616748,1.1314475030629645,1.2053510438273243,1.2160794170114397
2018-10-09,1.1548706131010085,1.1589925899224092,1.2360137614874627,1.1648191898926583,1.1664702094514616,1.195157652900529,1.1849198855706162,1.2384476095983337,1.2912474896034136,1.122277418769481,1.119389966162888,1.1969363470203414,1.1676764489012041,1.1363579472933416,1.1276507932038702,1.1357408175876913,1.2017389619369754,1.2108574350836978
2018-10-10,1.1342583393123555,1.1383758648447642,1.2014254314086525,1.145147628730906,1.145447963041616,1.180738569419909,1.1679554754183608,1.2046830648820297,1.2487501839335284,1.108120196825305,1.1047211328977877,1.165677647594842,1.1494117385860783,1.116131828108822,1.1146424510965833,1.1207745016869928,1.1697595710687314,1.1754129528926107
2018-10-11,1.1073165647980896,1.110994792705061,1.1733082151807237,1.1188836691929889,1.1179650281949924,1.1552420194548974,1.1420498141639082,1.1772715610412736,1.2212017968734914,1.0863524789696832,1.0842249273692304,1.1397184480980775,1.1296221852591986,1.0945715799912354,1.1025326623302671,1.1047006164059296,1.1441914567263303,1.1499168196787546
2018-10-12,1.1112053722759132,1.1147817548068217,1.1860476843924987,1.1216489731978063,1.1208132955506838,1.1527725906532742,1.1409423331783826,1.1907312415275475,1.2384379887315213,1.0832098909074919,1.0820557516314777,1.149336743543066,1.1279799787345457,1.093196516129068,1.0969726310432033,1.0993672050333365,1.1541974263836128,1.1613022137842095
2018-10-15,1.1074613849875474,1.1118697558373623,1.181375441801509,1.1181305574636085,1.1177617500301564,1.146697940997588,1.137488288027556,1.186144686635428,1.230393856741715,1.0872559617084947,1.0863376709445176,1.1487749933126234,1.1333061598290155,1.0964967982316742,1.103689251703701,1.1063139611942003,1.153480563900704,1.1591011826156736
2018-10-16,1.1237372341825425,1.1271194178967507,1.202714611167786,1.1342369727766424,1.131706256791355,1.1619095922814635,1.1517382467848363,1.2080003570667703,1.256583131540619,1.1037947502834713,1.1030836011876821,1.1709799290672915,1.1494342773632278,1.1128578507224836,1.1191712443459967,1.122399255315331,1.1763956683485124,1.182407098117011
2018-10-17,1.1296423783780252,1.13464172309475,1.2044868388688459,1.1397894018762673,1.138503971078761,1.161116889790428,1.153989800423096,1.2097145270803893,1.2576322299757174,1.1056039550704837,1.10553041841293,1.1697516899157643,1.1514454108722987,1.1114099610691386,1.1146678809275137,1.1213823016502242,1.175027467582559,1.1798584674458876
2018-10-18,1.1253691965661539,1.1315146866895152,1.1919427659877784,1.1352087251875793,1.1332562261052148,1.1533083555658938,1.1490881583881132,1.197018385194378,1.239430103073451,1.101248432446167,1.1002621689626955,1.1580926273267014,1.1479475605261544,1.1056511491090608,1.106679030907146,1.1195700247857572,1.1631311014331773,1.164686883211202
2018-10-19,1.1367681697749534,1.1429957964506545,1.1946291080496685,1.1465668075961797,1.147877489321409,1.1627240345738596,1.1604864822679435,1.1992151364587773,1.2384387162554107,1.1078452222055049,1.1061165784275309,1.1575610865419672,1.147020426536695,1.1093335292587903,1.0918771295705505,1.110612101331562,1.161720742919838,1.1613295799492227
2018-10-22,1.126682702997334,1.1346263444587859,1.188320757856788,1.1365015141937276,1.1381110905459246,1.1518616018685344,1.1512579212052834,1.193771652647331,1.2324256435293761,1.0980759392180977,1.0967019044036292,1.1508731508223708,1.1389910992726802,1.1016460264027408,1.0856060628211335,1.1052643071476818,1.1557002411704307,1.1550463205596802
2018-10-23,1.125943057766787,1.1350704006602879,1.1837392511361227,1.1364286913954904,1.1402874466965376,1.1520094930719842,1.1529624858370875,1.189248612097326,1.2245736757549512,1.0994271673076081,1.0972132003487616,1.1451468009008072,1.1406447621398725,1.1034364450939576,1.086869124407609,1.1058133162084265,1.150046840956549,1.1474148796024035
2018-10-24,1.1142180592948228,1.1247480288830183,1.1580363729929888,1.1257147280660338,1.1363640178425125,1.1463328632384902,1.1490169407024713,1.1632898377187326,1.1879952974765808,1.0876230740129054,1.0856969943893464,1.1205679129830437,1.1282332049716757,1.1018954794528213,1.0783763276078686,1.09826344801499,1.1246497124432957,1.1156744768448597
2018-10-25,1.1183630642412012,1.1275114468671397,1.1710399487045537,1.1275800143834913,1.1355118614463262,1.138494696338306,1.1441482321530114,1.1757631032358489,1.2081386683718454,1.0906339284944127,1.0891624197912269,1.1309404578494846,1.1317394313944196,1.099873819067352,1.0881988702841676,1.1040224510922223,1.1354152900461503,1.1302213628651423
2018-10-26,1.0995034825534746,1.1094262261586143,1.153521157043373,1.1084068045008004,1.1129048637193741,1.1173483681226413,1.1222667279162597,1.158414867082232,1.1891712184031489,1.0806597758064993,1.0817473605699572,1.1133933895110346,1.1242540934363738,1.0904144142278602,1.0817305714253405,1.0977895854973627,1.1175375462397414,1.112123316029399
2018-10-29,1.1032576956733522,1.1135116962800202,1.1522687038026316,1.1115655523048267,1.1120336750452746,1.1188247675957075,1.1247901561199234,1.1577495054866374,1.182469659683527,1.0885915906365649,1.090143380889875,1.1151605628181502,1.1322336007652247,1.0970779916089577,1.0896190248557254,1.1069409394410574,1.1192831180930394,1.1106451354024938
2018-10-30,1.1161272982083685,1.1272795770055382,1.172216854406899,1.1238174407349715,1.1244507178840026,1.1271428657392097,1.1334125581322854,1.1766173647086855,1.2034771404428943,1.0963659199779998,1.098343866446342,1.134010198526837,1.1417711468481893,1.1093616681215064,1.0983065657163102,1.113505913939153,1.1379640302231155,1.1319431493158607
2018-10-31,1.116543722183477,1.1259711152887446,1.1769116770705423,1.123087130682118,1.1258376229720208,1.1209884586088705,1.1299431240630822,1.1813707868641756,1.2141551553285668,1.1039303408263395,1.1064029696894895,1.14013590014401,1.1447539910584876,1.1160047626017235,1.0961688454029108,1.113296839065065,1.1448622224433436,1.1407904093481995
2018-11-01,1.1198725328538786,1.1272067759429552,1.1832558366184809,1.1266419834034713,1.1258808758035532,1.1262555589339647,1.1312480490286663,1.187220599680095,1.2239410856146562,1.107820577507551,1.1089501865808105,1.1520232465192117,1.1486036618025195,1.1164926312427235,1.106382040664992,1.1187929010313697,1.1576068344699173,1.1566226905388255
2018-11-02,1.119011890022273,1.129734435223495,1.177776764660419,1.1279774615544065,1.1258368008515813,1.1414204021448409,1.1395193550269893,1.1813607217963704,1.216171445480665,1.111169988112082,1.1121720723555397,1.1473287037039497,1.1544397313844044,1.1173414921972622,1.1062157598762525,1.1196084558973642,1.1531272931646859,1.151561720246753
2018-11-05,1.1290313575623878,1.139329255734982,1.1898275545542363,1.137150546215042,1.137510781126559,1.1430406498427328,1.1462565246632457,1.1936595307383204,1.225568644668434,1.123107737359685,1.123892388998177,1.1573455281557823,1.1628075216952547,1.1290159069379992,1.1063368326734262,1.1234188904032354,1.1622189715855589,1.159168069214086
2018-11-06,1.1389459721265884,1.150545128232281,1.1978947707635161,1.147481253578079,1.1451382886041221,1.1572880934645182,1.1583300689788731,1.2023800378733056,1.2343336922744952,1.1323840544345452,1.1314447349147143,1.1654877504071617,1.1737067248454827,1.1371029660253191,1.117983069149822,1.134060733684585,1.1705030441408648,1.1674984247449545
2018-11-07,1.150081298962525,1.1623910997947708,1.2184049191164037,1.1589649361188448,1.1582169087847634,1.1732557141347033,1.1730688203087232,1.2231999708038699,1.2601342249459966,1.144763698332617,1.143631369386152,1.1837370723384093,1.1899558370142749,1.1509158781665196,1.1372340785016624,1.1503825687785436,1.1890860588647554,1.18743955116892
2018-11-08,1.151435461412262,1.1643258861570511,1.217080776884088,1.1605188794253267,1.15956448292641,1.1740618764244943,1.1758729336529026,1.2223585194325715,1.2568554307015278,1.1488881557754165,1.148407330259265,1.1822531029211296,1.1945851959882456,1.1536680751464234,1.14004176606159,1.1536098322862904,1.1879320136867506,1.1851906298233759
2018-11-09,1.1604642003883936,1.173808785041754,1.213972394936783,1.170166802467405,1.1708013026242163,1.1827791939426038,1.1861751073342452,1.2194623032760812,1.247041791787518,1.1540204604357076,1.1535749680247431,1.1767406640446254,1.1998903736074356,1.165597697651701,1.1432921283592128,1.1602652054681357,1.181947776604957,1.1755812634871678
2018-11-12,1.151838897254238,1.1655005314108917,1.1971670973781403,1.161744661486359,1.1575835801291923,1.1788565675839622,1.1803027125824868,1.202483698371838,1.2231612336884279,1.1484838296806978,1.1476356717039635,1.1626147179206763,1.193338793989823,1.1634564275376464,1.1400032751450375,1.1565096655450948,1.1676577475917065,1.1562748862485464
2018-11-13,1.146348819787022,1.1608322221413583,1.194645140364765,1.1557267716830353,1.152419191124973,1.1720181069891205,1.1723787578138634,1.199887255059584,1.221599023960454,1.1447535485591265,1.1431631230250487,1.1617261025157894,1.187928241381187,1.1538656445997035,1.1349554769249042,1.1503645272818437,1.1670677046651585,1.1561673883062422
2018-11-14,1.14311113570649,1.157756809881574,1.1888730213297989,1.1522011703882373,1.148579041024549,1.1710382498984337,1.1701034032293458,1.1942498633553837,1.2145033656019089,1.1441038317330285,1.1429762318061794,1.1546526184779267,1.1907537223240205,1.1538015821571124,1.1442984878814475,1.154914987630988,1.160098871525926,1.148783386221971
2018-11-15,1.1457404607346258,1.1606325767924341,1.198606903976037,1.1547110024074572,1.1520198256896181,1.175464866815671,1.1742079761894,1.2039621509219396,1.2286709087509746,1.1485511563660586,1.1460310213330631,1.1613876583980436,1.1972300707950652,1.1683840992831918,1.151363623000689,1.1610426850413076,1.1671560056517927,1.1595227886006183
2018-11-16,1.1589802599041483,1.1733431280508513,1.2046605894008626,1.1686317488085196,1.16248539613244,1.1924624391632037,1.1945274212160113,1.2102336785169616,1.230179626044159,1.1619253335281787,1.1589457797730955,1.167924973668083,1.211327306841846,1.1778941164391308,1.170410058098945,1.177955777102614,1.1732037840582572,1.162568102625205
2018-11-19,1.1577750260618438,1.1724728469625232,1.1935445487563738,1.1673057458249325,1.1590443032127704,1.1898558800324004,1.1937932255830683,1.1986438950349994,1.209753212244314,1.1616298832981273,1.1587847491676786,1.1564133307782827,1.2093372118772514,1.1739164023251014,1.1612070113663215,1.1727424225533536,1.1617465575140646,1.145621276591433
2018-11-20,1.1375686537493015,1.15098430932651,1.1726429857477694,1.1469707903809438,1.1405149875669967,1.170550030505359,1.1735022123303112,1.1766420603964747,1.1885332927724104,1.147176871844421,1.1434094346769503,1.1387328345835384,1.1932024105168828,1.1610203202155203,1.150633116055278,1.1614453372019546,1.1437340324897198,1.1273974343648667
2018-11-21,1.1310759502052685,1.1445486427916514,1.1704451329635934,1.1399306596089018,1.135725949455003,1.1681732873391484,1.171115841185281,1.1752829488109393,1.1900956813531909,1.1399123048603055,1.136353923187291,1.1412033754777586,1.1898131764626483,1.1560448245683088,1.1525792578055407,1.1594258434536477,1.146632313091779,1.1332748917798867
2018-11-23,1.1265886089503683,1.1416544599286655,1.1660054397217807,1.1356574172370615,1.1309828822175645,1.1651022691924517,1.166878168705057,1.1708788288812257,1.183751804343815,1.1364785965941993,1.1320441914622072,1.138571227015851,1.1841301829758966,1.1475745238868307,1.144853300751209,1.1533732642741619,1.143446534806127,1.129207145690389
2018-11-26,1.1328383771043555,1.145808568563405,1.1769504877557864,1.1406562914784717,1.1349833325461773,1.1685446723881816,1.1702534125213573,1.1821101324920296,1.2000950245506414,1.1403273906603961,1.1361183748604038,1.1497821787209501,1.1888670723257226,1.1528374284353275,1.1503155293129705,1.1573559816557055,1.1546270058167463,1.1439966743340986
2018-11-27,1.1351671685793865,1.1479765701852827,1.1823833327791242,1.1422700258026401,1.1367987969016324,1.165922353573162,1.1681745563698873,1.1878424851900746,1.2047227125788924,1.1404142586758304,1.1372273218693523,1.1518612104794448,1.189687628955322,1.1505850356775709,1.1484110993745202,1.1554585666255037,1.156785139185144,1.1451139379307105
2018-11-28,1.1465690600961551,1.1604081103222923,1.2030354580093476,1.1530503785247308,1.1481195843509557,1.172961401508046,1.1776334591680386,1.208335075670903,1.231481607336687,1.1504587500199903,1.1478479108359303,1.170826177467489,1.2004089599823111,1.158755148466698,1.1528455544218366,1.1627756108315022,1.1758813402934156,1.1667932786115083
2018-11-29,1.1471631335167334,1.1602521836421864,1.2034227957183927,1.1538959112889802,1.1497514915177147,1.1730317339712257,1.1790020627202673,1.2083398501630633,1.2305300913500221,1.1509275691267586,1.1484214789780938,1.1684444204691993,1.2041537203913366,1.1614475977594674,1.155611652015704,1.1644180289924935,1.1732515611190761,1.1629020003167052
2018-11-30,1.1577061316665223,1.1708959257045908,1.215564240479887,1.1650200652186802,1.1600582474378047,1.1886852921370594,1.1913173860847517,1.2215748406232922,1.2427348173523032,1.1529254410408218,1.15122362770584,1.176106501167492,1.1980241072453925,1.1614458556321716,1.1504578346930674,1.161002596553694,1.1796361753769637,1.170245333603149
2018-12-03,1.1611917300527148,1.1734470451031958,1.2216499628039232,1.169314362805609,1.163014563841146,1.1890582059761383,1.1932728411984013,1.2269078800153141,1.252767130625577,1.15927702860868,1.156545357224258,1.185008616208003,1.2069118398805319,1.1656176656272552,1.1562332809731808,1.166449303939445,1.1895983158101795,1.182265827307637
2018-12-04,1.146115174323526,1.160204380540791,1.1924392926413456,1.155586240301679,1.150486124607876,1.1820047598507115,1.1844189095723754,1.1975617966385448,1.2139624685766726,1.1467451820016363,1.14344819660824,1.155669577742143,1.198964856846551,1.149964148011021,1.155157802295678,1.1625181561761682,1.1603090953737734,1.1459060049025505
2018-12-06,1.1451363946523836,1.1600205444380118,1.190795532834396,1.1552036880114613,1.1504418706992354,1.1821357868725795,1.1841875881420192,1.1963404039296794,1.2123770358242922,1.1452805329414122,1.143784351009849,1.1544802181727232,1.1977350851905815,1.1531793851947643,1.1606983113603335,1.16516476478653,1.1584071278190293,1.1437357686595035
2018-12-07,1.137241263772068,1.152277688559149,1.169706542573739,1.1484642804704546,1.1445571728690995,1.1804891292645456,1.1819608967881263,1.1748487973218167,1.1847612702253487,1.1356146761904922,1.134645905457096,1.132562999226602,1.1926973040407234,1.1464363483926336,1.1542423823285861,1.1576916305671385,1.136748961393208,1.1182288478741698
2018-12-10,1.1353969553443914,1.148348258427193,1.171618253728266,1.1471205532438833,1.1401149932321692,1.1748758721264767,1.178703006175442,1.1778000890346776,1.1877341655280662,1.1379839108868819,1.136974425947687,1.1327086298984257,1.1971366341375513,1.1472001843762258,1.158993863414882,1.161649644815991,1.1367761587856056,1.1179377885642592
2018-12-11,1.1374821239746198,1.1496572538045429,1.1727421228936372,1.1487569079266529,1.14026617057051,1.1713200947460163,1.177712478422966,1.1789475014912092,1.1877650133591753,1.1361601605356926,1.1349200062620124,1.1326992124392503,1.1955773304994464,1.1453884955021805,1.1601690423344955,1.1625961832797946,1.1365941375745954,1.1168271846242628
2018-12-12,1.1310391146961647,1.1433688170232403,1.1754094638627195,1.1419207430416856,1.1364526369444727,1.1672284865685922,1.172232488816538,1.1818621559676379,1.1944152975563471,1.1337251613791133,1.1328339095008102,1.1358103465492015,1.1966045799858156,1.1448245933885643,1.1657479157529196,1.1677839386258182,1.1403656933190585,1.1229106963099111
2018-12-13,1.1354884947285047,1.1475182029588078,1.1783009096420582,1.146202395842305,1.1405155694253635,1.1712528351141098,1.1767516012172392,1.1841071053383325,1.1955055982285403,1.1387457694240792,1.136178012447064,1.1354622203185365,1.2007522751319806,1.1504655011841165,1.1715367188873411,1.1730934631401622,1.1397523844338298,1.1190351571113895
2018-12-14,1.1208275600958337,1.1331858924238485,1.1564686055534088,1.1329218415173876,1.1264799306024778,1.164527146077825,1.1657435236726004,1.1631510828027618,1.1712072960562352,1.1270480110948682,1.1240246289622595,1.119678291752861,1.1899860887343032,1.1415119831691225,1.1636979180859521,1.1624912769638773,1.1239463598132615,1.1021653475450974
2018-12-17,1.0929397596475692,1.1049512647536321,1.1320068621793595,1.1038326302928123,1.0983618084624565,1.133941588225528,1.1336585015033243,1.1389711443955022,1.1474563263905693,1.1035802154718752,1.1005146385046731,1.094206477375611,1.1701180917131089,1.1249709210502437,1.1529366784816493,1.1464619517244203,1.0990453456023028,1.0786729580159657
2018-12-18,1.084642860841987,1.0957347393362762,1.1276946232021794,1.0953963616418152,1.0910306402878562,1.124363438143982,1.1236550329742148,1.1355180309909791,1.1454544830305244,1.0964526611336909,1.093085379557722,1.0926075679979168,1.1613108640893295,1.1180335231537075,1.141903252620438,1.1376166258489735,1.096671704581958,1.0777292968333956
2018-12-19,1.0775876324639828,1.0878904199079473,1.1133675450800902,1.0884641663927581,1.084843756855618,1.1231635890794978,1.1201341922565557,1.1217871620974091,1.1278216920624944,1.0926262186750646,1.089202096609124,1.079060710519227,1.1583184871677796,1.1134591251311554,1.1369247103746984,1.132628993724028,1.0832302566458236,1.0615346803654653
2018-12-20,1.0606013080493535,1.070036421808739,1.0962029206552628,1.0713970134382729,1.0690952975948178,1.1031752970840458,1.0974369952000667,1.1048208607946781,1.1092844320415305,1.0726631810244496,1.0698065937543686,1.061965800594931,1.136700084330824,1.0966275357808448,1.1171436595835338,1.1133522134339975,1.066465421504323,1.0445499736741102
2018-12-21,1.048140519219564,1.0555910413950853,1.080099064251522,1.0587414584109642,1.0588094636664636,1.094033961977698,1.0866388636924065,1.0877650016528728,1.087608042377172,1.0622502174854453,1.0601856825758809,1.0467326411894624,1.124294935582653,1.0850750882036948,1.1022496642247464,1.0987462965130732,1.050672967672531,1.0264697825797404
2018-12-24,1.0162624227894612,1.0233934335705577,1.049663676423054,1.0261267162481935,1.025194822897203,1.060705235190567,1.0542487756103263,1.0577089427025212,1.0585832288667627,1.0368648445317907,1.0340484557668517,1.0170470130744687,1.0991142663251061,1.057336491330098,1.0795331262053587,1.0739242956314274,1.0205716349153138,0.9982483598951991
2018-12-26,1.0477166695026041,1.0540742642543148,1.0924923340836616,1.0576778861614335,1.0567175247976301,1.087913156374328,1.0831232917867943,1.1012455039138533,1.1093270155308321,1.0591244549780874,1.0568136653147748,1.0565516933834658,1.1177799503073687,1.0844601863935996,1.0941543399561477,1.0933415647319848,1.0603079654666636,1.0431072468703897
2018-12-27,1.0582257091526845,1.0645725845956207,1.1040169451106867,1.0680024915513235,1.0672200720057403,1.1000160968380284,1.095364559155482,1.1125101392408467,1.1205043353002013,1.0667894900799502,1.0649865417556033,1.0658069483788584,1.126966570408592,1.0922791325649353,1.1030573549567362,1.1022734019161704,1.0694174784101635,1.0524787862327427
2018-12-28,1.0585060223228389,1.063751378290717,1.1037592347923477,1.0678542123469354,1.0667622317097605,1.0987260983242906,1.0945053865691816,1.1125071224993437,1.1196104903578517,1.0683011306298873,1.0657921986772119,1.0646979463180175,1.127627365299136,1.091921429304119,1.1027975771720417,1.1023688779105107,1.068082129015528,1.0505952058849095
2018-12-31,1.066540137631704,1.0715730766729816,1.1128284184051163,1.0758574708083195,1.0743431707584536,1.1039011695197687,1.100113322969828,1.1215549429438405,1.129413639147718,1.0773439223864028,1.074976284482904,1.073226833177078,1.1351906809008174,1.0992767685503309,1.1051776744258714,1.1073434721865143,1.0765005550215239,1.0593875261275725
2019-01-02,1.0613609993752342,1.0675935161135455,1.1090258967137803,1.0708373812407908,1.0691281157679924,1.0963282666528744,1.094526509121736,1.1180308279117566,1.1289850391507648,1.0678307593945193,1.0656431194108273,1.0673645052087526,1.125157468704302,1.0897721875416284,1.097434342066846,1.0991527630633815,1.0711067881569007,1.0576400008633564
2019-01-03,1.046770129239651,1.0553209325855837,1.0865789039293194,1.0575658972570992,1.0602416626471933,1.0894209442990443,1.0847388006826222,1.095229142906987,1.1015697922904641,1.0525973804967472,1.0513524402432401,1.0506387343426709,1.1112769768619541,1.077250043480952,1.0816039745575143,1.0829776052607758,1.0549983316811777,1.0368411081774795
2019-01-04,1.066519079754227,1.0751968772764215,1.1170326581110477,1.076809026371616,1.0776680250670394,1.1067742653269133,1.1021657188144718,1.1259710501613172,1.1385928179979448,1.068861331046295,1.0681290132239385,1.0795297366116308,1.1274871312171866,1.0952246977490065,1.096290204601412,1.0984507959334833,1.084052277387481,1.0697531730283314
2019-01-07,1.063126405154094,1.0703285660230524,1.120363902115691,1.0719951008232047,1.0732952588423066,1.0999616879471918,1.0974305055679991,1.1290545941881154,1.145033074871925,1.0643868134699197,1.0648241748196374,1.086388435739313,1.1190991775926167,1.084861847518376,1.0854602606317485,1.0919500705661465,1.0903730735046946,1.0793905526148828
2019-01-08,1.0694827063767018,1.0784408283804194,1.1305722422639377,1.078272792755334,1.0818150907673814,1.108478572273822,1.1043923338595225,1.1394340989293636,1.1556875710447785,1.0729518374805431,1.0739821100571056,1.097966014453972,1.1299815165980314,1.0940730856368943,1.0993705311838178,1.1032438432486877,1.1019421392113458,1.0904006920487073
2019-01-09,1.0623368529115897,1.074320271242368,1.1304536500284907,1.0719160380478165,1.0780975532345938,1.1002313938691832,1.0981376661189761,1.1393805263596863,1.1595008174931456,1.0638483430158496,1.0672910580850363,1.1001183966926498,1.1246026062993453,1.087605366984615,1.0938442965733723,1.098548107551432,1.1044057744639335,1.0966761822982678
2019-01-10,1.067791429840958,1.0800216804903404,1.1353919216247086,1.074910668075051,1.0820556551553873,1.1136484086459815,1.1069853606041975,1.1446101983050734,1.1647400746896033,1.0689363608454376,1.0758019744974026,1.108456866576466,1.1325223697381885,1.089898883021324,1.0984800174531801,1.1049052997665538,1.1131364596692244,1.1040841075450902
2019-01-11,1.068334480304802,1.0790410583783097,1.135929913606311,1.072806371314277,1.0818496748402138,1.1213284424648577,1.1113055181875888,1.1450736645864632,1.165696572071295,1.0667394105497714,1.075560853449725,1.1092349430084596,1.1319560003678775,1.090372535677269,1.0965187750001308,1.103520921043058,1.113792754933223,1.10465950492233
2019-01-14,1.061767455797131,1.0733159705108137,1.1297439490912895,1.065052266241532,1.0734290319319924,1.1112813856592725,1.1025190607032962,1.1386657506749163,1.1604083398952134,1.0597031967057617,1.0695487064700935,1.1030898197582883,1.1209258498447618,1.0854635895315636,1.0860992247493002,1.0945879751126835,1.1073974676108078,1.0988141111695904
2019-01-15,1.0710738351900542,1.0818737323364693,1.140249270028986,1.0750528484255377,1.0833092898252479,1.1181307272480407,1.1116150341527549,1.149206990566966,1.1715241105629852,1.0688239138513023,1.0796040052224352,1.1119826830709576,1.1316940624777656,1.0948598425791436,1.0957044037140031,1.1034802807882984,1.1165604563424663,1.1077682025719502
2019-01-16,1.0718758817504965,1.0819400005409494,1.1403117798361884,1.0734679215044391,1.0821913866451296,1.1163190419004458,1.1094325082993224,1.1489946476336648,1.1735546742522769,1.0737270843776994,1.0838612246185566,1.1135976603906972,1.1334484174850146,1.0982456892396113,1.0964250255544086,1.106625922880054,1.1183991522580852,1.110516958702918
2019-01-17,1.079850466742793,1.0894191099043005,1.1468922552053022,1.0797431938611997,1.0857784311036403,1.1265996520453634,1.1179898849146286,1.1558556933731339,1.1814371714715606,1.0795572601647476,1.0911822105991345,1.1222824292596718,1.1426173804026134,1.1007110817046912,1.1173421255729348,1.1190556825302627,1.12702890275398,1.1200091993453727
2019-01-18,1.0889060171702878,1.0991232357994396,1.15990059631073,1.0902649507661775,1.0978848269906407,1.140485246078826,1.1303057327496606,1.169304056809998,1.1972844440516794,1.087429452841804,1.0983687326983143,1.1360489774015743,1.1542692500088552,1.106873384380336,1.1220008072168395,1.1264974167570865,1.1407236033235422,1.1363673282082531
2019-01-22,1.088025644204049,1.097345577340363,1.1495235317065147,1.0894803534042516,1.0960213657431095,1.1469312864663024,1.1341421862243195,1.1599194363308931,1.1821068102094696,1.0868073074736038,1.0972946763496303,1.1260452971308124,1.1557015382087188,1.1082928721486738,1.1273544881636606,1.131075017706299,1.1307296281957901,1.122285768423966
2019-01-23,1.098260015523766,1.1066272486572046,1.155570933732755,1.0967962858174858,1.1064322960251907,1.1541758609746704,1.142987766797506,1.166475012392153,1.1854776746876106,1.0962518674258503,1.1097102669222751,1.1286054569590362,1.1672193868777863,1.1165534641104227,1.1441878114250967,1.1443604385597048,1.1334774878867175,1.1226514563720114
2019-01-24,1.0966032877702871,1.1044627627464851,1.1522001213557025,1.0905924797076765,1.1041112145673004,1.155555309828138,1.1434770151410147,1.1631063745873427,1.1846086960556415,1.0890155157861854,1.1020716163055329,1.1286836014857857,1.1571123523110172,1.1106376323163927,1.139301104702273,1.1384328890393853,1.1337958158437398,1.1266477379478117
2019-01-25,1.094667383372522,1.1032808976566124,1.1558653885985486,1.090349395590781,1.1036163381566093,1.1560434536680468,1.145169618157517,1.1660203658110235,1.1924235585271812,1.0928041818087797,1.1044141768395939,1.135469123103951,1.1585452306966257,1.1136068433678579,1.1458551561805934,1.1418723187501754,1.139585062492275,1.1370044259604213
2019-01-28,1.0951261184878092,1.1031611978078382,1.1490274287361293,1.0873146886329683,1.1084721081770008,1.165313903723013,1.1540286426000734,1.1587132084391871,1.1810470834843374,1.0977230136368807,1.1089722898113932,1.1329793241192978,1.1595756023811077,1.1236708450243453,1.1529594749737193,1.148172176611547,1.1370203135348251,1.1318287937232026
2019-01-29,1.096412231421982,1.1050340194949848,1.1503757860929058,1.0876670481317103,1.109809735401089,1.1709777497853766,1.156103753007529,1.159432804025191,1.181003731507601,1.1005779332723904,1.1122536215172893,1.136057445337826,1.1627926100414845,1.12836263892806,1.1625172214376258,1.1535349941580575,1.1397539959621328,1.1334860402993168
2019-01-30,1.101440584695937,1.1117923392230016,1.1637281470476462,1.0988373244612712,1.1181443231841948,1.1670050408838122,1.1570754110601815,1.1724626681557708,1.198111881586831,1.100711636701878,1.1116375261923759,1.1463552913554702,1.169650106312514,1.1367738302942163,1.1636411574614782,1.1557458958835718,1.1501744041942257,1.1464901260691822
2019-01-31,1.1090533845332995,1.1206044208278214,1.1767292524214372,1.111377746502834,1.1254875434529894,1.1718299120821096,1.1648580230497838,1.184312231199178,1.2096169686588756,1.1080976058357486,1.118310852733832,1.156899844451445,1.1802868160538504,1.1456485245220167,1.178766462377984,1.166033039580694,1.16047296900123,1.1561119431061684
2019-02-01,1.1114214806391258,1.1233562136237272,1.1772613579364082,1.1111420349574497,1.1272018300935402,1.1727138807914603,1.165129490093788,1.1844161410967853,1.2109832650637589,1.1139629294527342,1.123516148362169,1.158431419707864,1.183194038787457,1.1514153277465886,1.18153438824888,1.1689818298588461,1.1624060219771903,1.1592112066179747
2019-02-04,1.1139054466578004,1.1268208828469513,1.1816972874927594,1.1132507704749177,1.1319058858077453,1.1728721735034986,1.1669787697439868,1.1887822842982463,1.2179915612250547,1.1192243125630577,1.1282670893844933,1.1637238945962576,1.185930029986936,1.1549110136789615,1.1830265515791167,1.17326926228748,1.1677812807022958,1.1653382137698942
2019-02-05,1.1197946117847888,1.1300629824610045,1.1862606459643044,1.1168462312688974,1.1314795600851402,1.1666529202041538,1.1651484548271467,1.193748271995227,1.223541154743173,1.1237131929234547,1.133697292670938,1.167685475015735,1.1895336995077257,1.1555197085888076,1.186615435246079,1.179277949221108,1.1717089792987312,1.169382426338475
2019-02-06,1.1163175406700614,1.126669438729143,1.185457054436607,1.1147663856788226,1.1274484195656258,1.1629760792656507,1.1624415240031534,1.1925533420011973,1.2234587597653621,1.11791969901477,1.1270158982257243,1.1648724163164355,1.182177730970782,1.1486782785942995,1.1827416581713872,1.1742558888124937,1.1686838713460914,1.1678765850502892
2019-02-07,1.1172170375479622,1.128196511328637,1.1792149839045953,1.1156837997129412,1.1276640352071488,1.1624299381155843,1.161509613401587,1.1860339360416432,1.2114906038421107,1.1224161734393825,1.1312677888706852,1.161773768945009,1.1823241386024423,1.1467231452116273,1.184102844195527,1.1748950163602492,1.1657614467296116,1.1610147034218445
2019-02-08,1.118541155121363,1.1292863391656363,1.1816668321251436,1.1166203079701649,1.128103666824533,1.1592365352850944,1.1601172547269536,1.1888885951910317,1.213739588336093,1.124022706380724,1.134209074761,1.1646186857996725,1.1836210591396712,1.1477873832844718,1.1821880607199153,1.1767940562756662,1.168694392578614,1.1633999054947666
2019-02-11,1.1166286994167556,1.128930963769829,1.1825210190472542,1.116381798454213,1.1285012799569318,1.1618596333602813,1.1622515827690818,1.1900231401637056,1.2151490097464501,1.1167736187625916,1.1288797958409902,1.1660257324666985,1.1802743451532525,1.1412783472536192,1.1799311866680424,1.1712203761027473,1.1703207859843683,1.1658385475947879
2019-02-12,1.1225409221931597,1.1342515707943581,1.1944821293668444,1.1220633555553754,1.1325877369852524,1.1606364695201934,1.1624121589485483,1.2017622261443737,1.2309836513786996,1.117647002545373,1.129310481435671,1.1750785378405597,1.1810731813421569,1.1409359906437708,1.1686316941092891,1.1650373043340305,1.1804112543836387,1.179072345834753
2019-02-13,1.1266468177611353,1.1391228349878373,1.1983088861508486,1.1273746144078842,1.136500539627289,1.1692881531605688,1.170379471563178,1.2059578157518245,1.2346840397909868,1.1206534108918813,1.1331754938588838,1.1788063974357015,1.1843639079460437,1.1467928489898476,1.1798636792072672,1.1746640339311363,1.184154162149357,1.183734154598508
2019-02-14,1.1145609107391063,1.1267797162062392,1.1931453851226566,1.1157192232454607,1.1216056023464929,1.15364795810165,1.1579154652598471,1.2008911379823757,1.2317700890895247,1.1209782163028366,1.1324656514951132,1.176516427580175,1.17923128548989,1.1435649537786123,1.178173442263485,1.1742919073943472,1.1819422837739582,1.1812166609346282
2019-02-15,1.1252921313645448,1.1387107247414254,1.207175652004091,1.1253743704631294,1.1305377129065577,1.162450835301544,1.1683864018158705,1.2147866169534416,1.2469859036664943,1.1300490010374942,1.1417563233821593,1.1889310843953476,1.1894873337755207,1.1521054863390277,1.1822640509986757,1.1799285575519742,1.1943297095717134,1.1950506843445712
2019-02-19,1.1271676971419078,1.1410298967896007,1.208528807192106,1.1260243907720566,1.1328662252865616,1.166976749803289,1.1720329436319994,1.2157208002193047,1.2479201098148345,1.1355121409552829,1.14759402821786,1.1912754580896217,1.1929037766156505,1.156720568622718,1.1873044183098238,1.1860041498463443,1.196772241430085,1.197110203716204
2019-02-20,1.131183264597127,1.1432015028956475,1.209560726363482,1.1291776397736812,1.1352582648107317,1.171165062696316,1.1762286036109453,1.2176064439299976,1.2499564700531691,1.1417942537035048,1.1536064872652572,1.1941385507518234,1.202074234827034,1.167170253863885,1.1930832558673237,1.1962420450528617,1.1993229398331373,1.200547294391451
2019-02-21,1.132698361340237,1.1439698511916818,1.2077858371836065,1.131696310310325,1.1365590623301118,1.1683536052934758,1.1747571686920997,1.215868142082373,1.2449595956301935,1.142819686036955,1.1553327223747334,1.1924205304778088,1.2032058525405978,1.165607106219614,1.1937813019388133,1.1970183807931218,1.1977638397950714,1.1965031107433328
2019-02-22,1.1437253649497594,1.1574713388567701,1.2103448348523511,1.146021408517526,1.1533876952487183,1.18868434051293,1.1946879084346453,1.2198220304013812,1.2497873952205658,1.1522431883344246,1.16357594261113,1.1974039460660242,1.2086149948751315,1.1745163969610837,1.195655662692287,1.2039265390462959,1.202758678249324,1.2027594434079896
2019-02-25,1.139874178750001,1.1516892740066171,1.2088298904614017,1.1409838519402784,1.148348558204693,1.1814937278966662,1.187600168786253,1.2188726033045152,1.2510304896141056,1.1498962900304557,1.1606106589009988,1.1940286296697469,1.19952948402482,1.1695897569491758,1.1866561538232274,1.1954098023549797,1.199496084397236,1.2019583485981906
2019-02-26,1.138624184379709,1.14917851107278,1.2067985300054307,1.1371536833338034,1.1483309557295662,1.1803534962225537,1.186059338289631,1.2173020169483264,1.2492450049736943,1.1527355964567016,1.1632249736104756,1.1918964645794974,1.2015849625735586,1.173508412769681,1.1923004680546407,1.1997650125585109,1.1973592004807678,1.199370993460658
2019-02-27,1.138370488887684,1.148813033708289,1.2052677473552305,1.1366724192328719,1.1507373989580258,1.181220175188065,1.1877103496247956,1.2168952298817246,1.2490820702848007,1.1527929864560382,1.1624697499475305,1.1916797803614807,1.2043517921655666,1.1767806028243342,1.1944363640404867,1.1978831792171976,1.1971823500513965,1.1990578117506019
2019-02-28,1.1328774653617546,1.1456799037161967,1.2043503818575672,1.1338488040032644,1.1470148188224876,1.168568982120029,1.1761157491318979,1.216475488382526,1.2455916624523147,1.1504094525840176,1.1617079810647084,1.1920426408216165,1.2094607204043062,1.1741962841683136,1.1996935091787473,1.2001217264754978,1.1976057999232967,1.197667185839121
2019-03-01,1.1370648053384933,1.1495866813234024,1.208846696057136,1.1392485854729841,1.1546303373215472,1.1745506643720267,1.184323300424607,1.2219422298283593,1.252900675209284,1.1555759292611565,1.1661017831931104,1.1977691438075349,1.2130190305146031,1.1822306852050746,1.2054036047661736,1.206586018741606,1.203240211861249,1.2043210525748227
2019-03-04,1.1342978048913372,1.147375303272414,1.2030248814084332,1.1352823986426739,1.148732431797019,1.1698628784229788,1.178891127738018,1.2160887857522218,1.2458654261974864,1.1510174158164175,1.1626455556921278,1.192932766711274,1.2094627879681148,1.1812087204542425,1.2033068980932258,1.20451284782676,1.1982719524978815,1.1980579028358276
2019-03-05,1.1367681733346358,1.1488025553185568,1.2018289347798934,1.1379600857674759,1.1498418065599407,1.1716316335648673,1.182705359208712,1.2150751680833125,1.2437740326512854,1.1553300450741881,1.1698208218541952,1.190987079863965,1.2147205996921275,1.1848016018791783,1.2061011360689227,1.2125142739890868,1.1968165769127612,1.1950826052454768
2019-03-06,1.135036723141691,1.144044546542092,1.1948581402018454,1.1341784410429734,1.1465097292244415,1.1616930102217056,1.1759008797582797,1.2084424428195035,1.2344485441860944,1.1541076483687602,1.1655677075217963,1.1836332075600318,1.2097511777053442,1.1856116141475295,1.1951763806445959,1.2074229465293091,1.18895753405305,1.1854415830464047
2019-03-07,1.1318851496673987,1.1400105524572595,1.1879982923606007,1.1312385459946181,1.1440617561808752,1.158284558907504,1.1734319418175956,1.2016274389966068,1.225331157993148,1.1468645202538372,1.1606893151095465,1.1776239883485022,1.2060633772830274,1.178182290307288,1.1843256708186845,1.1987121131278977,1.182076459121798,1.1770464833218695
2019-03-08,1.1275372232396932,1.1365177468153802,1.1858252700836311,1.129804757290178,1.1390424159157186,1.156132262699061,1.1708634926580517,1.1989538515956732,1.2226267938769415,1.1407453496797617,1.1545216107397447,1.1751277307987937,1.2026713195248873,1.1708843320937201,1.1777545045909639,1.1960457355072667,1.1796268333039266,1.1736712054078626
2019-03-11,1.1371737998281655,1.1473793927376517,1.198846895294897,1.139083673883661,1.1510866302137996,1.165454108284047,1.180359869601669,1.2124100493397978,1.238232520679626,1.1498261432612107,1.1620642225640045,1.189028822228679,1.2110926813105785,1.1813421194130234,1.1850340730672648,1.2029381865252584,1.1934342781526495,1.189315882801896
2019-03-12,1.1415926628725552,1.150633885018106,1.2010910412466138,1.1411327036550392,1.1567056861003195,1.175582717727195,1.1880512679199098,1.2150383370256652,1.2407749748825452,1.1526027887882238,1.163695608307011,1.192566111500159,1.213948980978433,1.1835377643637333,1.180363198856744,1.2023642419383738,1.1971607837682896,1.1928924641142347
2019-03-13,1.1451890372871218,1.1563916440503268,1.2093018858669702,1.1459134684057262,1.1608048531404216,1.1778676723372756,1.1912597617988168,1.2232950518513277,1.25179314273077,1.1360768134140264,1.1470728386574645,1.1961985264606414,1.1995336090808595,1.1671814688894593,1.1635962417205068,1.1902339967104414,1.2016508832590918,1.1996735901495028
2019-03-14,1.1450231681414726,1.1561155215832237,1.209141070753238,1.1440049853442928,1.160999768674962,1.1748458658582255,1.1886387797588696,1.2229524047074958,1.2519942665277772,1.1373927359177582,1.1491514272373171,1.1952806067509734,1.1997463128117456,1.1694053800000386,1.1636517910584172,1.1898048046583238,1.200738025339861,1.1985836626753652
2019-03-15,1.1487086445150345,1.1585631785040023,1.214715261168837,1.1472352235578853,1.1614987150658809,1.1727935666032452,1.1875575645475864,1.2277329296611896,1.2577971376900063,1.1402483521472508,1.151615233219394,1.1998772166802554,1.2049303079948606,1.172208143983854,1.1678643869873107,1.19339406185838,1.2054930432217468,1.2036356935900632
2019-03-18,1.1486248947682216,1.1592040958419743,1.2161822459230334,1.1481119682346688,1.163983718722619,1.1759466574196473,1.1883437554993308,1.22997370766029,1.261188179310934,1.1426757808219676,1.1549135994165003,1.2017064427289366,1.2056761780626783,1.1729226595632323,1.1747437517584658,1.1976908480442083,1.208068174801246,1.20827260993569
2019-03-19,1.138467792548219,1.1500254621349029,1.2139003132202755,1.1397788881757842,1.1544772115724247,1.1662842660857438,1.179007501756623,1.2279665332658702,1.2616830078530374,1.1340840008745938,1.1465841839646385,1.198083525353928,1.198305574819151,1.1661917085421896,1.170520573832779,1.1932851758758518,1.2043173734086146,1.206238094657171
2019-03-20,1.1339862218066485,1.145153134530724,1.2095266144773111,1.135634190875056,1.1505939821988156,1.1627019970706658,1.175340364770913,1.2237336920309565,1.2569127496415897,1.1255837821845194,1.1378634061399768,1.1917611503604226,1.1896671026705021,1.1546845874504965,1.1590211833912445,1.1830541648627024,1.1977855720123907,1.1993184268693364
2019-03-21,1.1394110972174576,1.1538868006160206,1.2172515977898455,1.1396624629774479,1.1572240405393917,1.1778577861902098,1.182803493101784,1.2305426919225098,1.2636788795064842,1.1390508876586902,1.1503023282144615,1.2069449388786144,1.202236224176784,1.1640652808492389,1.1647713485564977,1.1896025087294846,1.2126693651567177,1.2146303413745303
2019-03-22,1.1353646947443101,1.1507675981442178,1.204177997220013,1.1390778980924987,1.153722226940088,1.1808565036053709,1.1832364975576968,1.2168252487960345,1.2410607191798915,1.1395406064028144,1.1514053103924684,1.1931986608405794,1.2026161582737633,1.1638354603138141,1.166192741986466,1.1898890143112435,1.1982442511228004,1.192022006815785
2019-03-25,1.1376774640502487,1.1521075042018145,1.2051102443551662,1.1400235082737367,1.1550945761580027,1.1813213953693091,1.1844599358720251,1.2176316424434732,1.2410652313864248,1.1388328534710581,1.1503516930605904,1.1938207686987463,1.2023592483479155,1.1640512654620274,1.161544131986111,1.1886628034040179,1.1991017930659968,1.192020063108942
2019-03-26,1.1470943119562906,1.1612847782360773,1.2153709999658537,1.1484884533464415,1.1628366200715754,1.1850803065095876,1.1910030391639732,1.2279682599688866,1.251634583662455,1.1444851150054307,1.1567340287139547,1.202586171639884,1.207726927271288,1.1671149053258685,1.1596311572894489,1.1909303891212124,1.207884945742031,1.2013226409341446
2019-03-27,1.1410188717624765,1.1559044516650914,1.2102086410046866,1.1438547282913814,1.1575057086571807,1.1766591083851514,1.1836612679404623,1.2227887434222557,1.2451433285342741,1.1401229822628933,1.1538819631200166,1.1982348160363874,1.2041735208038704,1.1621607241171152,1.1592781174246063,1.188178544787281,1.2035746820984412,1.1960547000096922
2019-03-28,1.1389410459440248,1.153633658452982,1.2124981729803357,1.1388993173884077,1.156045753096251,1.171690405838848,1.1791351206201068,1.2260738584423085,1.2505133233921555,1.13560299576132,1.1507164160135492,1.2025241523792711,1.2025056213292513,1.1580272313870805,1.1567412341447294,1.1846540436511712,1.2076936796140445,1.2019412921240262
2019-03-29,1.1448271533089949,1.1601759328329786,1.2210126246739097,1.1451390886155726,1.163230216544417,1.177285929420411,1.1845571736240097,1.2343065455341913,1.259390741098497,1.1393539596392943,1.1535996229301617,1.209064893876018,1.2076610110100114,1.1651985350514673,1.1657717611550493,1.1912939298680056,1.2144713153881956,1.2098666120908879
2019-04-01,1.1464888843351606,1.161679793530259,1.2275868633241935,1.1451518179528228,1.166530803627523,1.175609228101795,1.183063264075488,1.2414857567712578,1.271685060404842,1.1414715556571369,1.1546823542322544,1.2165129708911664,1.2079486627054967,1.1675820317517254,1.1689682085691795,1.1930086788862668,1.2223039844897934,1.2236193365753223
2019-04-02,1.148726530103753,1.16353007157833,1.2245483507956654,1.1454117630876894,1.169007853977689,1.1811126511585925,1.1870122502597589,1.2377600087219764,1.268485054764745,1.1428274048532692,1.1538293742761956,1.2154698485235267,1.2087667074743031,1.1708644485707196,1.171223840933595,1.1960002887021643,1.2213283411121485,1.2228426242485224
2019-04-03,1.1466497228973476,1.1606529350798758,1.2232287748820927,1.142001343255827,1.164833369064418,1.1784062404900544,1.183742261015543,1.2370329133967117,1.2688916703582078,1.1429525666141167,1.1519268791602724,1.2166548907081454,1.2060650332929117,1.167776130541465,1.1712146525507585,1.194446478279338,1.2224767168909427,1.225666419211097
2019-04-04,1.1535238700653652,1.1664208270467722,1.2255977446289965,1.1483107784403397,1.1707015213717824,1.1865394498858894,1.1920243931856562,1.2401556962005431,1.2708071603053928,1.1448086602699965,1.1544853165525266,1.2185723105881674,1.2089046940229518,1.1672507507820928,1.17734555456973,1.1982582548617726,1.2242609491565297,1.227855137326024
2019-04-05,1.1592970631929997,1.171985978832846,1.2316572809666053,1.153299664673697,1.1777702965889107,1.1907819954134253,1.1978188647392465,1.2462924576303371,1.2768282177989252,1.1518819264536444,1.1613922931291476,1.2262139460223307,1.2151943540956998,1.1777251434205782,1.1854271152889164,1.2054233083929833,1.2318553467193218,1.2360304715967174
2019-04-08,1.160397413493207,1.1718349041764982,1.232490227454058,1.152037821081931,1.180805938137836,1.1934180969339938,1.200059091009932,1.246739800187402,1.2779107388252462,1.1506851867102885,1.1603343612171804,1.2253154104210466,1.2126643761540534,1.1770168456018564,1.1840131942711936,1.2050369379904429,1.2311454998837756,1.23626374422065
2019-04-09,1.157654434387264,1.1693433188620217,1.2276860896585517,1.1490895759478186,1.1783817538737462,1.1896827118201383,1.1976939042145607,1.2419123928314442,1.2711346721813195,1.1510389131738719,1.1592560400725578,1.2197082544924593,1.2107720190520717,1.1771009998052178,1.186394515372016,1.2070546476717015,1.2253112825625594,1.2280708978304427
2019-04-10,1.1562349069735223,1.1682633637648034,1.2289800387185388,1.1475468288333113,1.175736692890033,1.1850762511128037,1.1934403174597756,1.2435184812696596,1.2740061603608452,1.150177389313623,1.1577706141140482,1.2243035454686142,1.2082466981492346,1.1752548191157828,1.1826369499559448,1.2027004227413678,1.2297021974154856,1.2338650560179196
2019-04-11,1.1570275713007856,1.1682851091036617,1.2280684818133412,1.1466389808869972,1.1749743943252011,1.1825082900890007,1.1920643701231024,1.2427751400839802,1.272985449178952,1.1515824342960224,1.1601165280898742,1.2252124377139157,1.2082905456584825,1.178217779733591,1.1861544223172076,1.2053168942426684,1.2304462831341503,1.2356015971869976
2019-04-12,1.165509385578163,1.1757662060921072,1.235253953613183,1.151542382899579,1.1836806398952453,1.1831073143821018,1.19589987991133,1.2502039326475245,1.2809808132104386,1.159082692981978,1.1663477602412113,1.2318624128924613,1.2130070124480659,1.1834464361072572,1.1960263698313982,1.21149214582379,1.2372375777130005,1.2439767745301984
2019-04-15,1.169671728983968,1.1801466758965142,1.2370897991576593,1.1577368916292843,1.1876968726342463,1.1912229582647103,1.2035291793532978,1.2523855473137975,1.2811407364111564,1.163646610241331,1.1698817991320416,1.231936898177039,1.216290134434552,1.1849917117809514,1.2015218686197437,1.215909349871992,1.2374477924466853,1.241923349865452
2019-04-16,1.1657138532476263,1.1718504539659624,1.2329427670047917,1.1522848565119486,1.1773400337445579,1.1812792658159863,1.1971716404535828,1.248184691922215,1.2802854542656763,1.1623743379682363,1.1690941987083836,1.226640857222343,1.2103745740489638,1.1748756544840757,1.1971235076870381,1.2124066432302434,1.2336477265140342,1.2399663578133815
2019-04-17,1.1702343302767253,1.1741414741686094,1.2301184216003511,1.1540676160053376,1.178405624595714,1.1908550485439968,1.2049394382492993,1.2460119029297951,1.2769237750259983,1.1709463939683828,1.1755734900343355,1.2194030784555692,1.2092740381994516,1.1738875218190816,1.204198787861902,1.2178917749151439,1.2265376529609244,1.2324778546862507
2019-04-18,1.1710251536501617,1.1762801208729403,1.2314209409630605,1.1547807426903147,1.181173080153866,1.1943022619668022,1.2065998228225205,1.247228651191712,1.2790178011581619,1.1692848868726884,1.1728513642461176,1.221294707528282,1.20526804732245,1.167868551858063,1.1963607505265021,1.2086640365012131,1.2284897960220378,1.2346630222468782
2019-04-22,1.1669804439037055,1.171238406404022,1.2290540140271915,1.147288917094597,1.17892244748878,1.1913366541604753,1.2021329999304249,1.2445054586657038,1.2784552122392097,1.1663270565411767,1.1697226949265789,1.2177857614310907,1.1981817510354387,1.1673987622829338,1.185050320919301,1.2014544152707476,1.2252308200698747,1.2326860527062422
2019-04-23,1.1749594838315442,1.177724360297507,1.238320564772846,1.1540247994949873,1.1891915878977053,1.2019209558105919,1.213445914508159,1.2545012567476435,1.2899512221315044,1.174867169388966,1.1777432594585948,1.2286632626219678,1.2069827022874606,1.1792571562052798,1.1921021966434486,1.2103980523289326,1.2357417488005928,1.2440229902339415
2019-04-24,1.1777032816939477,1.1817395304697271,1.238591010226922,1.1593340549056121,1.193839069017016,1.208148546681438,1.2194106854051765,1.2548182065899247,1.2878605272249737,1.1784101810481413,1.1820714328907436,1.2302263629995125,1.2100744697080443,1.1819960514947487,1.2040460587898454,1.217293997563106,1.2372812876518782,1.2437508723636868
2019-04-25,1.1865349553784335,1.1894641904771208,1.2373382888815616,1.1609400691617249,1.2009973227294535,1.226163802310817,1.2336509163230032,1.2539525079305767,1.2869157705310936,1.1808894061488788,1.1808354173832145,1.2271477426721875,1.2104217821400842,1.186716316121027,1.1994735865728696,1.2166695677468222,1.2340354012366412,1.2385047372153788
2019-04-26,1.1970893394976552,1.1992611253497982,1.244824661730881,1.170678472208393,1.2129703403331191,1.2398516682068024,1.2456980674466878,1.2608243408723112,1.2931179515288642,1.18778096056709,1.187494658341544,1.2341965052064763,1.2165505689108693,1.1944110119261917,1.2013787044787718,1.2210385186655117,1.2415001244944888,1.2455584711682695
2019-04-29,1.1967988342441986,1.1988880917172648,1.2441749000416125,1.1688687250509802,1.2110332056339497,1.2421780380063072,1.2468696595073867,1.2605715171751055,1.2940498577464787,1.1858878119828875,1.1862402328202368,1.2325452151618277,1.2134700105276524,1.1928192391031673,1.2034448866633036,1.220815659418613,1.2396895787684,1.2449468610897765
2019-04-30,1.205730528071808,1.2075895004925477,1.2516994215383992,1.176848918615299,1.2175038499118915,1.2458704150935285,1.2513447291462265,1.2680871466126376,1.2986787561906021,1.192421488438062,1.1944018378113561,1.2404696901608498,1.2233468066059583,1.2036279377252896,1.2054547807178502,1.226579876394499,1.2482204478834233,1.2506212061379833
2019-05-01,1.1936306762819526,1.1962886984498546,1.2421728443637445,1.1679162554930822,1.2050421824792916,1.235987802859782,1.2383212688664205,1.2581967071179654,1.2881423265416192,1.177177506930338,1.1804082976811459,1.228695751769938,1.2100988553022392,1.1956726856555913,1.191980422113833,1.2130850912415947,1.2357429776727693,1.2382333710614224
2019-05-02,1.1896786712859158,1.1934825521099532,1.240942680336864,1.1665617486322057,1.2030730585232952,1.2331213848041125,1.237549402546546,1.2567002909439746,1.2862147766969838,1.172205596190673,1.176328182944989,1.2296597624717849,1.2086543292909258,1.1938196731722528,1.186628921584612,1.210485754046506,1.2371146968433941,1.2389179860845485
2019-05-03,1.1959511302440888,1.2005090759340071,1.2492373709285185,1.1726242508080882,1.2073005048935717,1.2360681511857037,1.2410537518161393,1.2653370579583623,1.2971045575405495,1.169633972295658,1.1747737982296182,1.238413669569586,1.2116396508634488,1.192149462184597,1.1845204242864762,1.2081537684775026,1.2462651795783248,1.2492174847675972
2019-05-06,1.1943576994893765,1.2002756842532125,1.245995391800101,1.174537168577475,1.2108350386714948,1.2458148467973196,1.2471790538896141,1.2620912197992156,1.292059474410283,1.1702281364012714,1.1743433531855842,1.2352393462537654,1.2153291190469402,1.1946986718617678,1.1834928468545234,1.2089285762882052,1.2428646827044392,1.2440247289958077
2019-05-07,1.1829343084336659,1.1890572012683318,1.2282454072924887,1.1629047544076245,1.1988657343532991,1.2362021615342462,1.2374823566325037,1.2440876562558174,1.2706087330252989,1.164892463416628,1.1703866139490107,1.2180428501748208,1.2092086060472806,1.1884129101471748,1.1950106674374839,1.21219438148402,1.2259202513384673,1.2237473680344186
2019-05-08,1.1775532187664397,1.183950258113435,1.227047307866836,1.1579871360949616,1.1955165180473204,1.2269916611557365,1.2297944724152718,1.2420039495715753,1.2692512657988215,1.159749754929535,1.1657880777954392,1.2154760662051156,1.2052664568539955,1.182738607044206,1.1852804482747756,1.203819070571166,1.2230256098057208,1.222000313351989
2019-05-09,1.177132521465448,1.1837313217653704,1.2249900533486435,1.1578039163004825,1.196199726329383,1.2273554221500251,1.2295739126381269,1.2397736490789142,1.2657988482440101,1.1606070364318053,1.1651667327899558,1.2147746495564216,1.2044442435354286,1.180466792127584,1.1840091572009488,1.2045009772714292,1.222481032036528,1.2202626173231517
2019-05-10,1.191980769213079,1.200073459793342,1.2351842880435953,1.1720441190451376,1.2110031766123257,1.2488076129298238,1.2502036762690014,1.2498578677474355,1.2732876792409547,1.1715712150352706,1.17660633983381,1.2222732281082658,1.2152962538127412,1.1952949859200748,1.1963117803294756,1.215466126470401,1.2302994179005486,1.225175081995129
2019-05-13,1.1841416192564145,1.192662182012593,1.2174026416341903,1.1648323120140138,1.2031014633518073,1.2443640162558074,1.2453250160260128,1.2317866708344793,1.2461097325199293,1.166819350414916,1.173966366876877,1.2025707015595692,1.2115083232372295,1.188939202955831,1.1950195480541868,1.2128365009749722,1.210454190548359,1.1973785713619556
2019-05-14,1.185659153581546,1.1945936038418867,1.2239179775409128,1.1654715354301945,1.20457352761911,1.2500852280775734,1.247944461015949,1.2382146704260195,1.256315618305637,1.167455936626679,1.1738636109040252,1.2100381974732763,1.2127043551918837,1.190262320589204,1.197220858831729,1.2150875584132894,1.2178714034082498,1.2081975395308135
2019-05-15,1.1876225548758663,1.1969250727138985,1.2279943127773532,1.1690821868285075,1.2044401267841858,1.2491789394437127,1.2486730997109043,1.242612501636066,1.2610843305799555,1.1663071256808746,1.174769662551942,1.2135063319488617,1.2118441687147945,1.188595077347048,1.1966199981916799,1.2145351133898854,1.221474996588601,1.2119211237997929
2019-05-16,1.197480935666662,1.2072386151063232,1.2394593946644914,1.1780120935026452,1.2183455846804172,1.2570911718155002,1.256412893711434,1.2537309231830338,1.2724689732183718,1.1758972251768283,1.1813714533369248,1.2219877380409083,1.2169924816717868,1.1980422231269447,1.1999386837655803,1.2176573244931734,1.2297797888495343,1.2209957530992799
2019-05-17,1.19810845540739,1.2082145897825245,1.23657297515783,1.1804226405932985,1.2211709755406666,1.2555937536935668,1.2578028386293556,1.2511401297979716,1.2663714736582334,1.1795919936407844,1.183204847772509,1.2179453576489128,1.2192373676708692,1.1999299331557405,1.2036649401809771,1.220716126323888,1.2259460890906904,1.213627764256753
2019-05-20,1.1958933257310798,1.2067495703278794,1.2311310588135704,1.1769588119732675,1.2203243862838888,1.2527584184982985,1.254239976203891,1.245637395939466,1.2589994856632092,1.1802573845368385,1.1850500509923694,1.2123459492281854,1.218410398397464,1.2015242357459182,1.2090402635262754,1.2229797147185801,1.2201658206251285,1.2056711332801908
2019-05-21,1.2024562192952193,1.2137297775007443,1.2382239246919404,1.183632359806949,1.226693012506212,1.260005402771109,1.2612012683861298,1.252871355644491,1.2687194488989675,1.1829704536235173,1.1888424446940984,1.2216039993225207,1.22389536832591,1.2050769293666208,1.2163057181608599,1.228198835501811,1.2296779442600765,1.2175061675780132
2019-05-22,1.2026344503755269,1.211116316203772,1.2371263722446018,1.1806568462312934,1.2232927872775081,1.2551268300492022,1.2546026864342459,1.2521521467047043,1.2639811022536445,1.1826330174098538,1.1890711080911422,1.2201614610900138,1.224362490425936,1.203236215358909,1.2166296146194786,1.2271410921801267,1.2277850726256592,1.2130597713850042
2019-05-23,1.2041568603382675,1.2093152749868488,1.2301384650135716,1.1815109107815736,1.222518503154751,1.2574705267134583,1.2571015854152943,1.2452077224184745,1.2501032304623667,1.1840509842587346,1.1898881900013665,1.2108866325707695,1.2238725971071367,1.200385830574706,1.2183695683380111,1.228321538315999,1.2182650961377284,1.198392160804407
2019-05-24,1.2027982007171332,1.210694741506064,1.2306755850965752,1.1819243874699092,1.223980132104378,1.2600006504834,1.2579880305559283,1.2454822056415567,1.2512476602933533,1.1826236802761287,1.189884662941001,1.2115623252850827,1.2242870867755746,1.2005603704085919,1.214559256532678,1.2252989012348101,1.2185702397498694,1.200168970729217
2019-05-28,1.18854624280531,1.1956301587638718,1.2152508737000902,1.1646722410315768,1.2069831149617116,1.2439754215157528,1.2403691439058373,1.2301826737698958,1.2378502058350347,1.1707921896279263,1.1775866575342853,1.1982337787349815,1.21031957997557,1.1871946007013514,1.2074426499618507,1.2159088720496705,1.2056321777809984,1.1880292075733245
2019-05-29,1.1851549793101999,1.1929597854564153,1.2091813633995925,1.1619302196987709,1.2008482506726386,1.2434999247670795,1.2382525157552953,1.2235549869688582,1.2313272083572937,1.1678744464234545,1.1762581889805452,1.190019710735039,1.2059062759594281,1.1850359461062667,1.2056532486471705,1.2121680903970342,1.1967355345462651,1.1804489911776181
2019-05-30,1.1863189966659304,1.193579845443868,1.2131484040660545,1.1623950924073,1.201841678351913,1.2426791603511802,1.2377013700182167,1.2273051420696233,1.2344527527365896,1.1716856012491514,1.1797680212570725,1.1943943397315024,1.211714437654543,1.1889066772295123,1.214082461047631,1.2197179634613522,1.2007107406049378,1.1830688248378605
2019-05-31,1.1833603654103815,1.1910523595096765,1.202974622929385,1.1579840472387792,1.198375554795931,1.2456487424589355,1.238795123707399,1.2169203018492512,1.220057618350066,1.1731567599302584,1.181648266522367,1.1862774608855857,1.2110604958273967,1.1850622409346134,1.2044732444465978,1.2163754476221291,1.1924967220370901,1.1708980841342032
2019-06-03,1.1958441865840546,1.2037719376867713,1.2105370756688458,1.1728787149426105,1.208557420838354,1.259854070299377,1.2522656683421054,1.2233337892566258,1.2204983754920464,1.187529840034075,1.1939858228255213,1.1945635710173121,1.2242992413598734,1.1989254212291334,1.2180111420735826,1.2290204244631235,1.2004187579550822,1.175517444183431
2019-06-04,1.2065473202177681,1.2147283622673524,1.228955438308879,1.182095927658595,1.2214278151295692,1.272389591511589,1.2647839508617238,1.2420531475410639,1.2466055930380755,1.197178146268786,1.2030138607640426,1.2128584099771413,1.2319195153451585,1.2066514704089906,1.2230649102011724,1.237539882890546,1.2191813484253269,1.200388600772334
2019-06-05,1.2215366551335896,1.2308272265667202,1.2404517171585097,1.1950375596444431,1.2381841466887924,1.288417238685256,1.2790445577904552,1.2538355537239734,1.2557732359770144,1.21378024002864,1.2193776146558066,1.2263169292511982,1.2458683163321456,1.220190747651128,1.2289711205472347,1.2474174820327382,1.2323373009545693,1.2102587198883865
2019-06-06,1.2285363471484942,1.2370696847741578,1.2479701627520159,1.2015398541529154,1.2422242701203672,1.293625585660997,1.2837267873356815,1.260837292289697,1.2629816049063909,1.2192691189812832,1.224865834350774,1.2334751200041554,1.2507624751587672,1.2258807014346145,1.2321301156398623,1.2517905851551627,1.239441909219531,1.2167488266240971
2019-06-07,1.2297941592891366,1.2373277874198578,1.2566663398604339,1.2044927151264906,1.2431777496015628,1.291026267242181,1.2826772235957564,1.269866352809692,1.2751038511647717,1.2215861876402943,1.2276588423838015,1.2412771069952127,1.2552803508191892,1.2293063634113561,1.2386223375194785,1.2568788122062895,1.2468647867408047,1.2257746242894907
2019-06-10,1.2258226270017358,1.233552621804893,1.2561410920216594,1.2036828160066564,1.2402571116638827,1.2875340077529993,1.2800043674626875,1.2700497832961477,1.2780442196123205,1.2188115340059367,1.224399542099433,1.2418178302707672,1.2527586616998687,1.2284940327555969,1.2439206781185583,1.2602311903614298,1.247716145726824,1.2302957735300648
2019-06-11,1.2215754808516903,1.2312381148154383,1.2540792124904105,1.2022445692199246,1.235665669497403,1.2836642926851782,1.2767524961555259,1.2683640116023018,1.2763415706529935,1.216343199201932,1.2218992185316968,1.2400295158746755,1.2514282239441528,1.2269246653424701,1.2529734212696075,1.2638482383339456,1.2457925712229017,1.2287094165036432
2019-06-12,1.2266937462875618,1.2362644737275834,1.256372421386349,1.2081198079410425,1.2397286410195716,1.2921934737211558,1.2834245771973114,1.2707130496669872,1.2753799239887476,1.2249432139653489,1.2305108343547737,1.2429070867754648,1.2612634376062504,1.2325629188483385,1.2566264577550177,1.270857188579993,1.2490424053729992,1.2276582214381626
2019-06-13,1.2274792715621525,1.2381038128644568,1.25919684185705,1.2092943384365231,1.2422688425023727,1.291001407856383,1.2852520848858329,1.2734341486858927,1.2790550659535265,1.2275588256693335,1.2341719065289891,1.247412643843937,1.2621270674999254,1.2405080873868124,1.2627186408278088,1.2774929957082048,1.253358171560915,1.2340885676552635
2019-06-14,1.2354566756987009,1.2463387730116418,1.261120464020877,1.2169367500363002,1.249723554398241,1.304700163997816,1.2977687579069515,1.2746190424282,1.2770373740630134,1.2380228178112824,1.2435478006933343,1.2479580452149375,1.2694141334421958,1.250859634463312,1.2717380505306215,1.2863772160834326,1.253821732367228,1.231286086203858
2019-06-17,1.229402542720364,1.239579483317666,1.2600567321762208,1.2108906084941282,1.2472820759808745,1.2979418183562768,1.2928621698929859,1.2729425981334554,1.2773844795913885,1.235397932274243,1.240753711219092,1.245888853559404,1.266393585277216,1.2515981366295081,1.277968931254275,1.2898846825801835,1.2514433814670014,1.229606364151071
2019-06-18,1.230836005263164,1.2398856954816382,1.2672547701979622,1.2120741886091295,1.2474297822184046,1.298800661330581,1.2937424916677196,1.280046713750616,1.2895280682258707,1.2335124428825517,1.2393156915290504,1.2510876733283465,1.2674853257261127,1.2493843997146918,1.2833670043702798,1.292401062463914,1.2569074614274118,1.2406360192475974
2019-06-19,1.2343266968504696,1.242439355675741,1.2718273976441234,1.2155592308913745,1.2499754679186574,1.301451955661783,1.2960092792337248,1.2846626744462633,1.2939758722815353,1.2382581452101862,1.2440160482030629,1.2568443108274745,1.2717495519205806,1.2526773887375322,1.2849359279166952,1.2954193077010407,1.2628294738288797,1.2455584305913945
2019-06-20,1.2408719186849042,1.249427124475821,1.2820527640006227,1.220166651782595,1.2563964735867976,1.302858587064961,1.2984810252230927,1.2955540416805351,1.306874747979116,1.241305097337895,1.2488762802272122,1.2658383023844628,1.2767318197693434,1.2573509255045896,1.2820769278374393,1.2970817696910355,1.2721502493403207,1.256507886289153
2019-06-21,1.243265853743679,1.2520046993403975,1.280305000345966,1.2207573497215871,1.2582500401005348,1.3055175614117998,1.3013286229490066,1.2940831591643396,1.304494969805612,1.2447423794865047,1.2493026661500253,1.262603864833986,1.2771590704097306,1.2603524937502353,1.2846717133936747,1.3015351330285145,1.2690878453451324,1.2530536370844658
2019-06-24,1.2439731114939947,1.2511093450245683,1.2793829258279885,1.2212568975936877,1.258171039389996,1.3094371825528055,1.3048148611697132,1.2925342346486417,1.301870998253761,1.2474225687264706,1.2538622724697064,1.2601131566696373,1.2799547961480724,1.2636304662963465,1.2911363476432687,1.3068410560599188,1.2667256744550592,1.2493234630785974
2019-06-25,1.2415048117606813,1.2443778524729878,1.2720045206495083,1.220244591182362,1.2550349186862324,1.3111647923462664,1.3061101176636027,1.2853098806119179,1.290257524158979,1.2420710840474456,1.2494195275573163,1.2524532078365538,1.277984613204288,1.2530058989857817,1.2827141620341134,1.301402613594661,1.2590269478298035,1.2399461443935265
2019-06-26,1.2216876999003097,1.2259111941073,1.260389023374811,1.1994330609792958,1.2326902133059898,1.2831379108838756,1.2803807116462118,1.2738348843216574,1.2855737574708328,1.2245234695004474,1.2322819299407317,1.2406348179785858,1.2573989240037906,1.2360396054672407,1.2649693489333103,1.2836257280526955,1.247417160209301,1.2355180791191736
2019-06-27,1.227854474139018,1.2320274518085172,1.2647029948451873,1.204333103933117,1.237679879388964,1.2875977341822629,1.2845931669559416,1.278332518857495,1.2909575830859021,1.230406376387879,1.235818754089594,1.2474525391315008,1.2628008958316956,1.2416821872463637,1.272632013210282,1.2914090575648793,1.2538466546071416,1.2428134639421693
2019-06-28,1.2337436746653558,1.2391739111952196,1.2693369426342342,1.2088760861521315,1.2428796313079036,1.2988545804643254,1.2935325595904759,1.283476145780089,1.2980818367406537,1.237530627053103,1.2421456258075436,1.2559161645583843,1.268358091077766,1.2490562495226463,1.2789202382964988,1.2975133932679326,1.2624206586831404,1.2531262845906481
2019-07-01,1.2381411542642418,1.244143577899225,1.2758211880415138,1.2130398602380101,1.2485780299255507,1.3093512343409281,1.3010765247068778,1.2907225313095994,1.307673812886262,1.2389748062452792,1.243168266686923,1.2618951099561293,1.2697712781412946,1.2510525814153621,1.2789912593096755,1.2990965814408115,1.2684056018148406,1.2611631194270136
2019-07-02,1.249349319516749,1.2552056580790372,1.2843496731737198,1.2259223231535123,1.2621892959914693,1.3261384197078,1.3165447091209261,1.299045586546101,1.3127144430417301,1.2531266332561486,1.2572546686964994,1.2686479387207774,1.28420555608809,1.263636876355861,1.2917093944589892,1.3131586031557376,1.2745866175496587,1.2624741208347123
2019-07-03,1.2610874298101657,1.267882889701497,1.2961991690938706,1.2386914529699913,1.2750753047672505,1.3375654113956692,1.3283817001486733,1.3107259570752934,1.3235634856854444,1.2637447008690772,1.2690342702635402,1.2819317923155256,1.2962012553391153,1.2738825474636772,1.3037631299093209,1.3246223909098362,1.2875887468865543,1.273919499576967
2019-07-05,1.2574759978336902,1.264702322821177,1.292214876354813,1.236860945304938,1.2731894243894473,1.3365517387703334,1.3280474639348658,1.3066220043661854,1.3198238700716542,1.2598080145167874,1.2660833427534264,1.2789419796297854,1.2941235196363765,1.2710108970527032,1.298561098554878,1.322116702129422,1.2851203228455008,1.2716606642889992
2019-07-08,1.257197944351502,1.2648508167708283,1.2882028412821314,1.2358014932708965,1.2726830186825302,1.335166911832181,1.3275867361875124,1.3022817516324534,1.3130620473548207,1.260918387757232,1.2680657427001014,1.2752380029346402,1.2949079977261084,1.2723945906025684,1.3064970116167824,1.325832978705345,1.2811794405508614,1.2656352482983193
2019-07-09,1.25817414788008,1.2645837317099378,1.2873235404057857,1.2342700423578228,1.2740688829036302,1.3347500102798469,1.3274341572611572,1.3013747170138477,1.313861130502627,1.2605658419315002,1.2665278885544744,1.274794607410005,1.2939033561192756,1.2730715154043344,1.306182146857016,1.3263523805864752,1.2802923087311644,1.2663722767860286
2019-07-10,1.262430928113446,1.269307590232581,1.2924780119192003,1.2400483174981078,1.277031636804603,1.3405006403777837,1.333004378395782,1.3069395295424076,1.3189475249617844,1.265598331542203,1.2734267942759498,1.2776041047341105,1.2990003423589525,1.2781647277953887,1.3128347174554398,1.3309694611769365,1.2834618390009955,1.2688134337538042
2019-07-11,1.2605848254144543,1.2707209543482807,1.2959350432696288,1.2427424369157307,1.273352116435612,1.3424973293094018,1.3345678259273166,1.3114583430503086,1.3259691787281906,1.2679767291774329,1.2761119183124625,1.278419243749939,1.3024472291087672,1.281287537894823,1.3249968837030826,1.3414953630244164,1.2850332062674925,1.2719229270602685
2019-07-12,1.2597961996623015,1.2709374754806082,1.2986774157226337,1.2439369279045822,1.272413227900164,1.3428582741142197,1.3344643762728037,1.313984388828927,1.3316123986697093,1.2716050394894431,1.2794533241187473,1.282976385097468,1.3065097350136734,1.284174982156112,1.3335635987275745,1.3479887554633372,1.2900057023073825,1.2793110916713852
2019-07-15,1.2615027369969742,1.2717282431682386,1.3005815578865088,1.2446368103383594,1.2745664139394197,1.3428912640352324,1.334913729867906,1.3155689178758492,1.331747815927004,1.2749321592724092,1.2822280234836436,1.2834725103444762,1.307599535351449,1.2938992490318744,1.3349468488179566,1.3496212823704752,1.2904637192447999,1.2783593919963836
2019-07-16,1.2524535996978226,1.2651428417681485,1.2963741830331845,1.2399826664188616,1.2655008076300729,1.3393984565995896,1.3297910484733557,1.3111295695072591,1.3270370919814638,1.2702661039861822,1.2791722479000265,1.2809679904271278,1.302149872900346,1.2820412641958114,1.3225294334923348,1.3402926551383363,1.2880653634608092,1.2753132007019767
2019-07-17,1.248149221957941,1.2609415965204553,1.290361539821984,1.2401340177847875,1.2611259471195062,1.3389001401100264,1.3313168091371792,1.3057485140829894,1.3196081784878249,1.267704764181009,1.274003042327286,1.273764372484818,1.29709563209762,1.2813770085347063,1.3209988323750437,1.3391792104618456,1.2809438294846631,1.2657199421612892
2019-07-18,1.25523704956534,1.2687432661847147,1.297030807682153,1.2500544902385788,1.260882511080061,1.3463170826588668,1.336019514221723,1.3112211187519862,1.3261139356167184,1.2762309737642104,1.2824079496820504,1.2796165744171935,1.3052805194315873,1.2836878845343536,1.3307405771578034,1.3477961704897499,1.2874266868253736,1.2711486900856763
2019-07-19,1.2451868031144777,1.2584620313694115,1.286387861240285,1.2398612345502307,1.2463197236586447,1.3356963237689605,1.3239063525570927,1.3007775868701847,1.317129624278238,1.2667385324192055,1.2735424533836217,1.2694270276014499,1.2949141553277885,1.2728149581999926,1.3262323429468281,1.3399860795145193,1.2771917863829985,1.2640220799921413
2019-07-22,1.2473422064642035,1.2590734149950298,1.2867041231505172,1.239333076587201,1.25033704400241,1.3440815589242152,1.3303438184347065,1.301223418690416,1.3194704609423773,1.2681408611145524,1.2735135220191887,1.2690155485743986,1.2954174203623061,1.2735890444646956,1.3278984223590111,1.3437085750926927,1.2766355537380067,1.2650885836334602
2019-07-23,1.2494423591642976,1.260776280712728,1.292788335301152,1.2429421662688058,1.2543282590011964,1.3472139997769357,1.3338133115440343,1.307319607958716,1.3269147527967826,1.2655598398705965,1.2737361356617776,1.2765480516383398,1.2997223352403884,1.2750182271105126,1.3333539999683321,1.3489504545407103,1.2854503144472254,1.2757439396387784
2019-07-24,1.251700704240665,1.2641530355576758,1.2947359998958672,1.2428996455537344,1.2600048459805882,1.347391016283312,1.33704505307155,1.3088860648224165,1.3315352085291188,1.2574586811229513,1.2692589748753822,1.2794365015024007,1.29251023149707,1.2704464990225628,1.3197496492235925,1.3438202755510475,1.2876998160039101,1.2827775453308965
2019-07-25,1.2509868414656884,1.2626350359238323,1.2929717426920015,1.2420123848281488,1.2602059213699912,1.3417380696862284,1.33178199542747,1.3073750296331141,1.3278424110178932,1.2554203956642633,1.2678744616766717,1.2749907138863232,1.2924167675174574,1.268245130530779,1.3190765183161617,1.346517331919065,1.2829434163178424,1.2744135559452474
2019-07-26,1.26421095842411,1.279663522538923,1.3036224183517569,1.2628151597105852,1.2726393162065417,1.3729356688370906,1.359956293932916,1.318710956937956,1.3379120802750022,1.263460891375617,1.2815778215952414,1.2822781816441249,1.30289262856497,1.2742893890750768,1.3296543306445456,1.3540312055484462,1.2914104462333313,1.2814119713594725
2019-07-29,1.262010370268495,1.2772950308343385,1.3055017308194128,1.2609640216260718,1.2748303891117114,1.364598656354046,1.3548708015271218,1.3196611428416825,1.3374649688286764,1.2627935127972798,1.2829154663207665,1.281476505555317,1.3045468154157671,1.2758091968533094,1.33116814875811,1.354853562192963,1.2910786565819272,1.2788688510584911
2019-07-30,1.2564856784600806,1.270998886685169,1.3013209488699766,1.24914453059618,1.2696878636561084,1.3498555410740443,1.3440537641765489,1.3162149279062005,1.3332067010296045,1.2608465680201966,1.2798188091256977,1.2792471402209658,1.2952103114651379,1.279667975781436,1.3274782835575702,1.3540446596499924,1.2886893654947214,1.2777309633739984
2019-07-31,1.2471185499656803,1.262072502015847,1.286830630992692,1.2397831217943147,1.2613519828069326,1.3427920538290476,1.3352870722828967,1.300861352710307,1.3176798831091523,1.2527604923059872,1.270931266368303,1.2673392207312497,1.2850633795098072,1.2730000515214188,1.3141046573244175,1.340547059851499,1.2756577665204387,1.2652410146224455
2019-08-01,1.2458300253619394,1.2610414806478507,1.280668760858967,1.2416005842306261,1.262787349661682,1.3484605467216042,1.3403052701249696,1.2949390105879333,1.3075956059097056,1.2521063916587123,1.2698862724562898,1.2616503474794665,1.2895306063862657,1.275575560634736,1.3101800223468525,1.3397190729984443,1.2702884670397407,1.25223021092048
2019-08-02,1.2520681262422122,1.2665571846649846,1.2798702775466608,1.248014494134669,1.2682575763629644,1.352533359240743,1.3459666597952002,1.293272271459618,1.3004416648208692,1.2608415350159115,1.2745830045339874,1.256735723310297,1.2918816905142534,1.2891019599861988,1.3194514261472363,1.3482102932437305,1.264946715948421,1.2418225039748603
2019-08-05,1.2214322090474505,1.2363265128419172,1.2474916445257376,1.2182243562315558,1.2415144386998036,1.3194413310328603,1.314470568816769,1.2607903161439065,1.2629815326671217,1.236012009409437,1.248730058865605,1.2253480783546655,1.267834983950873,1.269287057886807,1.2980572341400385,1.3250734395202073,1.233160095452952,1.2061296225797453
2019-08-06,1.2407039337877641,1.2554021458876847,1.2650330024101435,1.2359668657668803,1.2622684275391152,1.3393319291203494,1.33425809987703,1.2785667173205801,1.2799496153779633,1.2498183704081418,1.2615174717089612,1.2393949580678119,1.281044755439538,1.2794346266417722,1.305522212299631,1.3359949179389141,1.2473045605966246,1.2203107836134517
2019-08-07,1.2428224908846692,1.2574336161364374,1.2681953355148294,1.240122366559727,1.2635015487302135,1.339674663900189,1.3366986777921177,1.2805395264445798,1.2815262000837861,1.2560790766407117,1.2684588200375877,1.2429613153341639,1.288458959240141,1.280479290387236,1.3181689344750178,1.3487028891610382,1.2508365418989487,1.2222537547303196
2019-08-08,1.2624869197286197,1.276466315270481,1.2891866271815227,1.2551783363930795,1.2844022361379515,1.3537997625099096,1.3531054263662263,1.3015942949139334,1.3046276085064894,1.2689689210462034,1.2797095077230807,1.26316380724664,1.3015880799990773,1.2967774172453326,1.3283429404274938,1.3582425749618694,1.2719696590675642,1.244855518320443
2019-08-09,1.2647277686548384,1.2782046010069947,1.2872761124765473,1.2576490469706936,1.2858056527289294,1.3555870263887029,1.3552135663426852,1.2999598165375001,1.2997425886379679,1.2777500028887425,1.2870164270315383,1.257745137748032,1.3019326488171015,1.3126627205828691,1.3475958509842614,1.3669389978438824,1.2664273691284471,1.2360851912055904
2019-08-12,1.2554267529419207,1.2673855955715403,1.2746137870021856,1.247665048266023,1.274635501028276,1.3430255051477047,1.3440137553780875,1.2877525183822933,1.2845054506943745,1.2733726879431566,1.2821709157654884,1.2460660728048631,1.2961990579804463,1.311292245945391,1.3490387983031933,1.366117663274208,1.254125646283536,1.2211453044412084
2019-08-13,1.265376860271929,1.2774138090460136,1.288878176704012,1.2571166782716219,1.283015144781081,1.353593329542273,1.3529808176134293,1.3011332493982575,1.3017644212298325,1.284188427478816,1.2930903368482214,1.259569330413153,1.305077595619046,1.3188884034837094,1.3591269451274874,1.3741885819488733,1.267679654337797,1.2369599730844787
2019-08-14,1.2397809533068644,1.2515394391223533,1.2581474045359065,1.2332768990295686,1.2518532518951593,1.3166365069787378,1.3199515025164485,1.2697484996218782,1.2657110778379328,1.2623663840484074,1.2721574989843838,1.2290267595325826,1.2850710438645656,1.290361516599989,1.340935806025786,1.3525482547657195,1.2365248583831543,1.2013646648752563
2019-08-15,1.2560189390584506,1.2690511845143884,1.2671009003307443,1.249709882630239,1.266298977071707,1.3396851199451683,1.3418441523588003,1.2789029440525561,1.2714123541369087,1.2774976616407163,1.287718272362011,1.2351460014918418,1.298844354430861,1.299495877963755,1.3591663841102348,1.365773418696871,1.2431356296723417,1.2043246187139889
2019-08-16,1.2664118092644623,1.2794879648354582,1.2816335819652864,1.2600932743257784,1.277524066513393,1.3506674033274655,1.3521509334678699,1.2941373825913565,1.2888212251542146,1.2833350749690529,1.292410911908364,1.2506707679430886,1.3073799506841284,1.308946764968781,1.3672085507102378,1.374848700113075,1.2591379762919201,1.2227388660432013
2019-08-19,1.2776474852178465,1.2894773095978063,1.2954894460006539,1.2705168521150738,1.2885722604219836,1.362643441459708,1.3636273125045801,1.308162455154753,1.3047683218467794,1.2917213335146571,1.2998373711287508,1.2631442154438743,1.3152172572928538,1.3187515473333262,1.3774808430534402,1.3853116419692224,1.2718573160149136,1.237259513505396
2019-08-20,1.271743813871707,1.2822707175521946,1.2870137662173682,1.2635818654686723,1.2851454129054038,1.3630578380369849,1.3610926875602092,1.2991000556037233,1.2959064974559211,1.286102746020929,1.294455177065085,1.2534985604185327,1.3080219212035253,1.3115831269834475,1.370802523381493,1.3792804790623867,1.2625257701061248,1.2275172664299079
2019-08-21,1.27787896452909,1.2901761538554481,1.2956900006890233,1.2703128989723753,1.2913925882448154,1.3713288284432055,1.3681697086712252,1.3077384852546443,1.3066188615156191,1.2936335218599786,1.3013814879594994,1.2630761488184379,1.3129941827543343,1.3159544129670373,1.3810052098391024,1.387241654622645,1.2712504619304432,1.2370360399056073
2019-08-22,1.2801857053986343,1.2910748013681617,1.296245335709285,1.2715678880467067,1.2944090201215999,1.3764477466204774,1.3733602914355034,1.3084288565644617,1.3061343250079327,1.2978414654191244,1.3028623614149781,1.2644472063549919,1.3158665251088657,1.3196767864311933,1.3922537498375456,1.3944842475357346,1.2723309780418888,1.2373829173213584
2019-08-23,1.2566818752470184,1.2699814780659262,1.2695215674326807,1.2518961575678795,1.2725131048508593,1.3559836308880742,1.353275920403149,1.2810968586500964,1.2754248011063178,1.2775123638401957,1.2847163193123359,1.2363979108757936,1.3003878845134205,1.3007072613016626,1.378555617238047,1.3778672661025655,1.2444487677791016,1.205673698474915
2019-08-26,1.2692605228325575,1.2825791760487673,1.2838367727089308,1.2635680866755081,1.2846208794224394,1.3606757593374443,1.3621235675243433,1.2960774142753106,1.290294980746238,1.2875212317964326,1.2969123566830467,1.2486548603057976,1.3117762432660651,1.3122008878407863,1.3957683275387682,1.3913080614124727,1.2569662639767607,1.2168740571261867
2019-08-27,1.2679697343125356,1.2802918041565927,1.2814307133617375,1.2606174097824077,1.2843522246667143,1.363270784293655,1.364153894426741,1.2942943199951555,1.2866308639436546,1.2930028387871904,1.2996151557443967,1.2439725556445276,1.313144527971422,1.319395924789927,1.410858876804325,1.4001921391398158,1.2531616548408846,1.21142813818402
2019-08-28,1.2757466390233525,1.2888773473935817,1.2900224314677253,1.2689070240366571,1.2892366084775353,1.3697059916576348,1.37109290606711,1.3026400643320233,1.2955263492463889,1.2998658677019497,1.3040022284773116,1.2525984282941087,1.3183311337193133,1.324546196007878,1.4138724654719175,1.4044866362047608,1.261205257759008,1.22050108392123
2019-08-29,1.2830477483750387,1.2962467930461121,1.3010254299354296,1.2760855678225504,1.2964533931473485,1.376458112568551,1.378142137996514,1.3141218129715369,1.3108627044140835,1.3065828874988235,1.308290334334687,1.2647891693976636,1.3211792323311504,1.3276826407909692,1.4091719013161648,1.4043257377357419,1.2734250362904969,1.236729930878212
2019-08-30,1.283837100491741,1.2968268441103326,1.3006814023477784,1.2769881524114206,1.2961840012575108,1.3765640441386888,1.3797475277153286,1.3144623640524038,1.311437987461779,1.3080840565990357,1.310180662029938,1.265735390132795,1.3238509237288596,1.3345593934699151,1.4122879824454098,1.406689675787183,1.274554838404305,1.2385173401804923
2019-09-03,1.289850487716319,1.302946168656015,1.2988912609001757,1.2828946770596206,1.3059493599891292,1.3867921380532167,1.388190668813609,1.3122613745062215,1.302963317030245,1.3116865307344812,1.3136730322170027,1.2644165762376722,1.3264401964984909,1.3392967196304952,1.4169980551730028,1.4117568368552795,1.2729171819313183,1.2316491123104159
2019-09-04,1.302517095813538,1.313509661813701,1.310579236723136,1.2904893530442334,1.3175194966917907,1.3980383983207998,1.399410075387881,1.3237203823233876,1.3160221507231957,1.3267237787387132,1.3264702646846653,1.2750624195700404,1.33512918737269,1.3545933219887236,1.4335162998275877,1.4273771928118966,1.2840227370350863,1.2443839607013047
2019-09-05,1.3018759782355231,1.3128248733687118,1.317801480122551,1.2883189110916793,1.3187237643416565,1.3954333957763898,1.39650806668359,1.3311199985884492,1.3306169717124294,1.3256433751544794,1.3247516462674984,1.2837398787996521,1.3363191054693133,1.3585665740257844,1.4296203108394774,1.4257461542208398,1.2923457583011837,1.2602475327889495
2019-09-06,1.3042094088023095,1.3144323916106526,1.3202524289676183,1.2907851987108667,1.3191128321071848,1.3914420824305058,1.3954672261397263,1.3332147194382293,1.3320797387903582,1.3257377950469957,1.3244066690242333,1.2867003978753002,1.3374083648669175,1.3550759998763109,1.423021246320235,1.421928990871045,1.2950250604053513,1.2630556019031294
2019-09-09,1.29896273039837,1.3125314707032305,1.312585927909483,1.2877885982147206,1.318094055568174,1.3944147698961271,1.3943964967837073,1.3269340006723953,1.3265628640493714,1.3236177056907494,1.325416476796256,1.2831618298312264,1.3365456615141076,1.3619312794477256,1.4412279158723476,1.428364445250741,1.2923271987600582,1.2645393202843223
2019-09-10,1.290259348055456,1.305813476453218,1.3049276834308443,1.2801997461347598,1.3114887960834485,1.3896094112253659,1.3892927852863726,1.320293672918419,1.321642450664446,1.3200972007691616,1.3244508054639188,1.2804257449145124,1.3329153709041504,1.3615019534972594,1.441926008231405,1.4270804489947004,1.2906798860110447,1.2666599302355352
2019-09-11,1.2975073442537468,1.312219446599613,1.3114695827778917,1.2876422151701494,1.3173383397003677,1.396971774693464,1.3985066674656226,1.3267626554453429,1.329183675593717,1.3268609638746427,1.3306000355316407,1.2872816714275526,1.3392263222148437,1.3710370949840345,1.4508368940359735,1.4335491281315809,1.298038763667225,1.2747999349305104
2019-09-12,1.303762147229773,1.317898306762864,1.3169543164316568,1.2915683700689986,1.3218307769734476,1.4038115533013729,1.404955728448754,1.331357603806422,1.3340875377229455,1.3281612845522914,1.3311227247280946,1.2896984709321546,1.337453040598959,1.3639851267238787,1.4420988340645566,1.4306577723609086,1.3004635595037939,1.2766105980741786
2019-09-13,1.2990103670210276,1.3146451808723847,1.3127076313563224,1.2875474544697003,1.3150185478457888,1.3976969878460297,1.3987449613529988,1.3275594739157544,1.3318938634762338,1.3232313686963972,1.326958743127112,1.2865814959883228,1.3341903503185233,1.3613018274899658,1.4408405222445546,1.430604080917896,1.2977012161257884,1.2764452995211066
2019-09-16,1.2950209529792627,1.3108210185126155,1.3069649982451907,1.2816885484045617,1.3138858983409556,1.401596886376298,1.4008276412638128,1.3222124741980201,1.3272249991768266,1.3122235787044616,1.3182376421781745,1.2852144926888522,1.328810837460573,1.3568302168395903,1.433275141372511,1.4244185237884026,1.2958901153588493,1.276137999700593
2019-09-17,1.3082303254441785,1.3245673561992208,1.3157509552560305,1.2944515392197242,1.3270222083288192,1.4139201999699342,1.4151066409629256,1.330539017872519,1.3329808006769939,1.3233881648143657,1.329155883850384,1.2931400765014653,1.34200068558439,1.3661608204036195,1.4392611390877443,1.4384122348138713,1.3034184919968668,1.2797912646455718
2019-09-18,1.3103609604236608,1.3262179504982259,1.3171912013349656,1.2968785862852468,1.3296334171259014,1.4160673910032187,1.4176438756649585,1.3319309062427038,1.3330668673961057,1.330120254335568,1.3361330501302189,1.2935661602111121,1.3489901154313024,1.3759922715127182,1.4450854489965457,1.4435882262547748,1.3034973211943905,1.2788320697542697
2019-09-19,1.312944123012175,1.3284398823802626,1.319589554231163,1.2997349874459072,1.3340414529635771,1.4249807200936866,1.4250086704299834,1.333628944223736,1.334265906939989,1.3322654454039964,1.3376874062904638,1.2924421393552867,1.3479698092049734,1.3746943554783755,1.4552798866317713,1.4465756806500678,1.3022341488496154,1.277006325181351
2019-09-20,1.3107609364339632,1.3263123507060028,1.3158616884846064,1.2981034108050498,1.3323745267550238,1.4242533069857255,1.4237309181830853,1.3300206122373206,1.3278415185466594,1.333144184331436,1.3397541288050583,1.2893372156437903,1.3501898379074662,1.3725496303950708,1.4447901292108984,1.4423008643890425,1.29958075004226,1.2721513271584681
2019-09-23,1.3140402277762522,1.3307983575982612,1.316473421038727,1.301054740721959,1.3328396774748872,1.4256405668090468,1.4251631892487686,1.3305746183229168,1.327522460001125,1.3303319336471353,1.3367111491832218,1.2901872309893894,1.349071260410656,1.3720989022059473,1.442038853911611,1.4410141066485644,1.3002273266662423,1.2724703170160758
2019-09-24,1.3140385762141606,1.3328645430124375,1.3125996410170873,1.3035665483045757,1.3326714539474593,1.4282256267003863,1.4259356749086485,1.3264483095245776,1.318817481668592,1.3330429716306709,1.3372828939954404,1.2862442570745578,1.3489928731139031,1.369341074795799,1.4408477948433855,1.4416741117041854,1.295793220912656,1.2637334483054152
2019-09-25,1.3140496866689446,1.3329315361299896,1.3143529316687084,1.3016442217869664,1.328471402114497,1.4188594324213837,1.4192103147820876,1.3286780373620863,1.3240134817336586,1.3351970963015345,1.342431066057051,1.2894740589587588,1.3469072548126981,1.366745041759909,1.4396399763916599,1.440428598578144,1.2993439016169552,1.2699153593635328
2019-09-26,1.315853879227709,1.3321198186029177,1.3153330266426466,1.3017834761571874,1.3286133697932767,1.4116396360204677,1.4151922632617466,1.3289903768219262,1.323067637460759,1.337201092270043,1.3436528156992766,1.2899283416281282,1.3480014537820757,1.3629007409574538,1.433972497710002,1.436386904707458,1.299566538142612,1.267858178336129
2019-09-27,1.3176927052503626,1.3326337740348406,1.3094163827476946,1.302826300208105,1.326286548428342,1.413092006691711,1.4145838679932368,1.3231689421314887,1.3150758040003603,1.34028985458267,1.347564394065282,1.2846764005685636,1.3461292395663138,1.3677563242046016,1.434126304596436,1.4331972956907175,1.2943862397120511,1.2613284497635457
2019-09-30,1.3187725472027738,1.3345070308608602,1.3160124468459735,1.3065790878831385,1.3288079080671018,1.41623040960472,1.4165127021010853,1.3296676889160386,1.3223098975379626,1.3448081501611255,1.3525356974515743,1.2902594884438081,1.349487959207033,1.3711855217661315,1.4386484066217564,1.4356880720709013,1.3002952140676307,1.267144735013613
2019-10-01,1.3098351726373463,1.324219799863579,1.3022083337583712,1.296318737158774,1.3175401449291606,1.4062582819168032,1.4060239022141707,1.3167104783706858,1.3069622562593848,1.3377096800305772,1.3432478718007799,1.275985842578364,1.3407370305618969,1.3610770027609724,1.4248922477554218,1.4265884103551971,1.2867338558205579,1.2492132915145568
2019-10-02,1.2895204073869915,1.3038269629009824,1.2801645568331201,1.2760675218384916,1.2993530161888187,1.3889731211830643,1.3867005483424808,1.2949824700234502,1.2831274331228348,1.317288018467195,1.3221985281137545,1.2551724636892,1.3221376077310558,1.3430591351877053,1.4108258136352947,1.4092065415116564,1.265376812277085,1.2269207510545237
2019-10-03,1.2978853896851255,1.3111841388131473,1.2900294399114303,1.2833968248137804,1.3050568351654375,1.3935039846989778,1.3937727707819099,1.3045972462223647,1.2941854384282172,1.3208078394606333,1.3227001888444223,1.2628233061433318,1.3286467211322273,1.35101584877924,1.4217268897060493,1.4173324388874038,1.2729936598184026,1.2354858415727126
2019-10-04,1.3194356084213934,1.3322824567858949,1.3108187525639534,1.3051179838911278,1.3260750214673453,1.410873451452921,1.4132172260867994,1.3260674241015735,1.3148436368628997,1.3362245292074806,1.3383683873590306,1.2786329410456565,1.3440323727341983,1.3658476407033975,1.4280028410276882,1.4285481152277328,1.2889206456358862,1.2505770172479822
2019-10-07,1.3141385580512557,1.328117571966835,1.304570942810004,1.3020635337467914,1.3208645170750881,1.4118873352200008,1.4120594793829997,1.3201858581776824,1.3092018872572093,1.328973439590798,1.3317733211502687,1.2716620553569213,1.3370184171126136,1.3593973752501265,1.4143659389979106,1.4169815487582387,1.2823325970799926,1.244049484229131
2019-10-08,1.305258746634022,1.3184226581521978,1.2877058737508136,1.2916095057920685,1.3120100646886417,1.4040230481480866,1.4043275548651604,1.3028251066853098,1.2882609786792123,1.3228491568782785,1.3248923945968862,1.254697218235727,1.3267968739510807,1.3509509773862092,1.404895843127898,1.4085137492861741,1.2647969520534799,1.2233150001359938
2019-10-09,1.3132269137754164,1.3266309481639402,1.298333854717423,1.3016799834268993,1.321040434133969,1.4136024127937128,1.4140555304071052,1.3134884565024119,1.3001802178011794,1.3265339102077938,1.3284073546942765,1.2636776326553725,1.3313585635122545,1.3519680971413357,1.4092362712982034,1.4103221894750375,1.2739956469005218,1.2344797706724258
2019-10-10,1.3209753614447541,1.3350191216878151,1.304998577606696,1.3084834886524046,1.3281859623304078,1.4213017612740588,1.4206207654786174,1.3206405937049062,1.3084547185741442,1.3300755237407893,1.3315519293654103,1.269621502247009,1.332659153692224,1.3581746823155223,1.4044497932749709,1.4105295416300612,1.2798871145511939,1.2426417400280387
2019-10-11,1.320665455122011,1.3370046748626363,1.3111819668627098,1.3088093940884489,1.329777728801738,1.424311043907005,1.4212847363412415,1.327537604461692,1.3199197753882561,1.3278484939873294,1.3318892635147457,1.2784176580747153,1.3304943745822586,1.3617366095467476,1.391927487569139,1.4046744437062804,1.2892424169279741,1.2579248880213063
2019-10-14,1.315218456406671,1.3303112868762241,1.3078445406504247,1.3014994307980938,1.3231096400489666,1.4169700623039678,1.4137667898430513,1.3244143817863099,1.3181547826175706,1.3230190772265333,1.3246129928880692,1.2750268506662747,1.3242237388392633,1.3523070056857003,1.3877485413461965,1.3992586775272964,1.2861638227469339,1.2554826057199127
2019-10-15,1.318752644010588,1.3356552396539945,1.3171749454682753,1.3073237181454995,1.3287824855774113,1.421620743227396,1.4211783692635518,1.335523449039063,1.3315260429510996,1.3254721233732447,1.3270516779107195,1.2812552600151106,1.3256458093064138,1.3551578897343848,1.3924164124269993,1.4045156584341347,1.2925660087152304,1.265980006289323
2019-10-16,1.3210363246604564,1.3376107751583644,1.3175199007140965,1.311020068229648,1.3294424912801341,1.4236592639162091,1.4234047358906519,1.3359550147199648,1.330409495557696,1.3317609661504766,1.3325039233456524,1.2809539041434999,1.3272566656205047,1.3578461436425273,1.3980317945380454,1.4103356033878423,1.2926777410880719,1.2637830128010166
2019-10-17,1.3264073861984997,1.3429053305076588,1.3224484981390001,1.3187015395634767,1.3357939283373392,1.4288232654581825,1.4292168856404406,1.3404198908476337,1.3342937745799177,1.3306732257624168,1.332972852986511,1.2855488385038287,1.327977458649987,1.363722485744705,1.399229523437824,1.4122989413033507,1.297180686227283,1.268475579114443
2019-10-18,1.3218293832279042,1.3394459913392605,1.3203989199740442,1.319671893091164,1.3339717150747736,1.4255045930577581,1.427578658602254,1.3383145399568002,1.329171064703043,1.3341024198075577,1.3362811907843362,1.2865861867507944,1.3313117025725822,1.368951436863044,1.3980243983604752,1.4131727731069557,1.2977220450165898,1.2674134522465903
2019-10-21,1.3245182995087117,1.3409935358752973,1.3241707904528377,1.3216576984677035,1.3363873844683842,1.4290147541779994,1.4296497198959845,1.3414581580469511,1.3354774847948199,1.3376407421448984,1.3376486880613991,1.2915515998974332,1.3333924399300008,1.3765300290585925,1.4097088495680565,1.4196557735358917,1.3030407188124384,1.2750751728287826
2019-10-22,1.3179711708946982,1.3338131181318307,1.3174251393014251,1.318256760336126,1.3332840930050933,1.4290107631685585,1.429718767542258,1.3353356111305756,1.3278343542587863,1.3320874929985047,1.3362441454397722,1.2869051196397279,1.3361585349804204,1.3806277175029307,1.4215455875104008,1.4268971099326584,1.2988348063671256,1.271758399332601
2019-10-23,1.3167044170660764,1.3332294040086712,1.3201721895052794,1.3181914403257655,1.3349303993400377,1.424361396385737,1.4267988251744383,1.3383833580900544,1.3302497977233578,1.3300341877039685,1.335199075735822,1.289937878462276,1.3336979721517137,1.3805714087295329,1.4152561739570149,1.424995931542028,1.3015232133103847,1.274739614591964
2019-10-24,1.3165143476090155,1.3315458518391743,1.3203412857586054,1.315880709112494,1.329142824765765,1.4096999169638078,1.4163600774624303,1.338080666743589,1.332994879428632,1.3332103505361148,1.3344043151677663,1.2901709589081476,1.3356115973579887,1.3793533962263291,1.4068714357544807,1.4222965339230025,1.3024239477837174,1.2762193451547907
2019-10-25,1.3110445828790733,1.326790887508256,1.3203531656637386,1.3094667932063146,1.3225279872594524,1.4016131928287172,1.407851455947654,1.3391360362835507,1.3386114244148009,1.3237892764904937,1.3221156912308665,1.287426145428015,1.327546301992921,1.3744246437345151,1.4042556670721291,1.419110996705373,1.3005195904557032,1.2788288951232487
2019-10-28,1.3045870978924754,1.3219260653025242,1.319590814067069,1.307234401461153,1.3130796285355901,1.399298968399786,1.4047953491156382,1.339545954520505,1.343490999675936,1.3188549032119423,1.316979868634499,1.285690896185868,1.3237705362742687,1.3709353528261,1.397103481232493,1.4113102294367867,1.2988568544416883,1.2815776104477754
2019-10-29,1.3058997286833272,1.323246233196677,1.3228474916618171,1.30877834958984,1.3130356656555373,1.3972402379521531,1.4049876814342825,1.3430556813603511,1.3453908173717652,1.320988218516449,1.3179894651347095,1.2900815550101068,1.326503254600854,1.3720460378982655,1.3922639537949981,1.4079326776458367,1.3031688015206824,1.284861171717062
2019-10-30,1.3183279394537653,1.3345623930855044,1.3316389294255597,1.3199812209683073,1.3224846523221685,1.405443000415057,1.4137475829105048,1.3522211884530622,1.3526919839505878,1.3190466392505868,1.3104760235885504,1.2942667576051612,1.3201785199802658,1.3696627381392117,1.3958206202186718,1.4085930745748696,1.3076174646856347,1.2865956666537162
2019-10-31,1.3197060041877466,1.3347647136823122,1.3288384024794286,1.3189483833346332,1.3250622900327111,1.4078873078853995,1.4156874605691416,1.3493599063992348,1.34793342602431,1.321572519767145,1.311044599016182,1.2899064999343541,1.318476942020421,1.3645764850187698,1.3886066401014348,1.4082273068181996,1.3035109455700633,1.2794248515787685
2019-11-01,1.3211432137785664,1.3348597942304639,1.331870490709798,1.3178158775640483,1.3276444314144984,1.41230713258329,1.417584405909734,1.3529555854352597,1.3560401560437925,1.320455047573967,1.3110954228668628,1.2961361678316714,1.3194255267207766,1.3607981607564625,1.38095370235135,1.4063462722096418,1.310804069451372,1.2915847443529744
2019-11-04,1.3116577803252274,1.3238663052590571,1.3266830494476565,1.3068581103619457,1.320438795575696,1.3997486003502964,1.4054106904670038,1.3477628268715798,1.35569706813549,1.3118255883133447,1.3032156630739962,1.2930158643389698,1.310891442556201,1.3534824116496817,1.3768002907887442,1.3983619458669436,1.3087121004700994,1.2961383132400117
2019-11-05,1.3100857120563176,1.3238313053712323,1.3230075832576769,1.3082997634593403,1.3207256122335134,1.3984160033980082,1.40476864530146,1.3439539024623062,1.3531429866395215,1.3073487829524224,1.3002862196682676,1.28900032327436,1.3060315782854128,1.3542068488803998,1.3584097274351847,1.3888475656830583,1.3048188947988413,1.294349367348048
2019-11-06,1.3155570107864367,1.3307444398278132,1.3291865468011836,1.3151267021284838,1.3230966533355986,1.4018127814748975,1.4097043648631786,1.3499946237093707,1.3577406773094118,1.3123304685637114,1.3076727521658758,1.2924537462512447,1.3143364342270738,1.3560864682989455,1.3666985804769163,1.3978777086727971,1.3090383145214872,1.2945498806638829
2019-11-07,1.3105354517500016,1.3279051889704165,1.3295137371688965,1.31496329723529,1.3191743809485044,1.398809979275463,1.407959885024704,1.3503886549163509,1.362190332818932,1.2952074217356728,1.2890574593846926,1.289614048293866,1.2995330239668097,1.3404484230656237,1.3538140914416437,1.3842636674315172,1.3067408729839718,1.2959478684715677
2019-11-08,1.3086616774005384,1.3267894357882142,1.3308723054348248,1.3122319745658115,1.311906806422772,1.3957087532151187,1.406054209658825,1.3518102223416104,1.365852910098542,1.2932995128133704,1.2899532754400576,1.2916831842389487,1.2984143745966694,1.3364508488359856,1.3439367352608491,1.3797711195099593,1.308092668529837,1.298883259946793
2019-11-11,1.3028176302236838,1.3211941285030646,1.3265466778111445,1.3070032797961482,1.3037904116259822,1.3891860343409266,1.398643459351805,1.347398360666892,1.3622795994153885,1.2864619074771386,1.2833424458662936,1.2890585965550283,1.290976539271966,1.3265080561518554,1.3378031221728692,1.371471428583962,1.3057084154734846,1.296364003033614
2019-11-12,1.3047324083932206,1.3239162979152266,1.329155409187498,1.3083973463167213,1.3036613133786852,1.3902915912964537,1.3999716428765305,1.3501315864655847,1.3651681869455357,1.2808171615369377,1.2801832089329905,1.2895806823049587,1.2903908983903807,1.3204115625940906,1.339190073603969,1.3700359756059102,1.3063944482094132,1.2975097557335327
2019-11-13,1.3134294031257168,1.332816378892346,1.3364621804429033,1.318625912281554,1.3115746997041537,1.4003966959317193,1.4105940220353361,1.3573726011714145,1.367752951625155,1.2893010381402938,1.287959583693315,1.2951081560741626,1.298406027849274,1.32437053695298,1.3457910261927977,1.3773464218078721,1.3120005079720614,1.2983473216231058
2019-11-14,1.3179212162880798,1.336586138530671,1.3387739129760863,1.3213722783416446,1.3147451848576597,1.4012609774908416,1.4135885815623352,1.3591977634501886,1.369352166600286,1.2931045770930072,1.2912334172751465,1.297914096634671,1.3006217562298537,1.327176610976211,1.3499476715418157,1.3814056304149465,1.314806804809658,1.30081760255412
2019-11-15,1.3260730375675736,1.3463293966472967,1.3476973401509722,1.331093677080668,1.3207144431171245,1.4163626283787605,1.4260450253098236,1.3680636542698015,1.380577888928542,1.2992581783818635,1.2968235661339402,1.3051673759756417,1.3081100751618804,1.3318774272461418,1.3569287335851568,1.3867325036280553,1.321956163140943,1.3102107296266752
2019-11-18,1.3281777183527617,1.3471234696055796,1.349606551154381,1.3326174350301991,1.3230976108971666,1.413133268864146,1.4259859074910384,1.3697403157989048,1.3815142340822721,1.3047538463394226,1.3005817701675195,1.307286390045503,1.3120836977540526,1.3358205066652264,1.3571034401074333,1.391396059923749,1.3241117298485359,1.3105925488832788
2019-11-19,1.3200458809657474,1.3398638461799428,1.3488319469727472,1.32329695063577,1.3131889589315637,1.4014644229976243,1.4144647356547775,1.369306473725061,1.3825349133397282,1.2995439062400687,1.2956478069060462,1.308806437328615,1.3070899507424256,1.330863136444706,1.3503443236289825,1.384730366338271,1.3254894358862086,1.3120395230840909
2019-11-20,1.3216243893681612,1.3418749563489578,1.3472728338118958,1.3285646716734223,1.3144943823584099,1.4078925437218022,1.419863713144005,1.3670679972729032,1.3783830645745974,1.294502978107065,1.2914958007058237,1.3073915163655738,1.3054764362192737,1.3282538485112128,1.3539065927963794,1.388082527255018,1.3231590818794194,1.3083276090430616
2019-11-21,1.3195195739225947,1.340903271997155,1.3446058116444652,1.3269254987192691,1.3127222197114492,1.4055603601976514,1.4172528726120697,1.364313502173062,1.3765215120918082,1.291109388373439,1.2884664828356844,1.3020963264474876,1.3034033775250968,1.3284844114338799,1.356264366194708,1.386509659487093,1.317650320442724,1.3044783351630935
2019-11-22,1.3226720370654212,1.3436820599964128,1.3462891968421982,1.3294327218144595,1.3153109875327198,1.407999797269408,1.4207704929567289,1.3661674858248927,1.378391771013774,1.2957842769439982,1.292439746176144,1.304381071945635,1.3074961788151227,1.3330631696018735,1.3563011089961636,1.3901896766803827,1.3201733145931716,1.3076917558899368
2019-11-25,1.319483766499762,1.3408905912703095,1.350833588108551,1.3253779714931009,1.309356579236383,1.402295698096783,1.4148343604058928,1.3715123059423109,1.3878201457911654,1.2954367521828263,1.2924012447356739,1.309938707956207,1.3077687001677034,1.3311675039523547,1.35476139638435,1.3899764866075366,1.326147107777208,1.3175962794086373
2019-11-26,1.3237644097193446,1.3445629794641414,1.3562702692974054,1.3304252326284174,1.3158564270882647,1.4063709340998023,1.4183188352931901,1.377355894708427,1.3910613580944364,1.2984293226751236,1.2970235525148792,1.3162664831399205,1.3137870993329936,1.3342660537208804,1.3623829729965753,1.3948948304859603,1.3329204708015452,1.3209486290163326
2019-11-27,1.3286986519630901,1.348715787510359,1.359334198885089,1.3358722415464768,1.319350187173279,1.41248083491698,1.4239913912626463,1.3807234986407018,1.3950753250708106,1.3030554029604475,1.3009452329707405,1.319892532334451,1.3170842234859352,1.336287039100326,1.3678136744486202,1.3993664459684372,1.336444279588737,1.3256952829611448
2019-11-29,1.3252736515895227,1.3458460250817708,1.35624820622493,1.332569203197418,1.3154725077395264,1.4069044292134625,1.4190589716440347,1.3777143787230357,1.391223279026563,1.2987515654244053,1.2972842248092102,1.3153029915139396,1.3138786504617626,1.3323049092709083,1.364860665476204,1.3954192333679636,1.3318534034006315,1.3200048541324494
2019-12-02,1.3165430867221766,1.3393662166553255,1.3458223295799752,1.3272863870969158,1.3052645662738194,1.4001201231521678,1.4121004647649353,1.366800134032978,1.3782887156511903,1.2922650690586954,1.2925255553832395,1.306008954447394,1.3107131012261966,1.3277482716206592,1.3638334444956943,1.3936876533972022,1.3223878710434511,1.3089669333491598
2019-12-03,1.313795452199076,1.3366052939242836,1.3419263654779139,1.326452916224649,1.3049173860075072,1.3963199370574089,1.4090745725831786,1.3623487088338477,1.3702060264779645,1.292736172418487,1.292428791235632,1.3014780735532425,1.3081895240464223,1.3271923987773868,1.3674674566246368,1.394907287035301,1.3173686744587079,1.2998702762970675
2019-12-04,1.3233502934821482,1.3468736704264803,1.350360011746922,1.3372115981885602,1.315147227523662,1.410264811118701,1.423380525654437,1.3710314325406032,1.378444102679418,1.296322589162507,1.296513169948159,1.3092826733411806,1.315605287053611,1.3311308003670925,1.3702003537162943,1.4001392799831156,1.3252727224453087,1.3088882132384378
2019-12-05,1.3249406487272708,1.3472356242138812,1.3509278217480294,1.3383075611030715,1.316162028925924,1.409337038092429,1.4228187964539791,1.3715826014158548,1.3791310399613088,1.2996850708014909,1.3003319283862482,1.310661628650004,1.3172791663639218,1.3333709267225868,1.3752866612315877,1.4064871502235166,1.3266440225344203,1.3111026226081504
2019-12-06,1.330981592254974,1.354070373053623,1.360153804337865,1.3434279486487206,1.3216944596790146,1.415255465769494,1.4284471058761776,1.380834926234088,1.391410957194857,1.3008785458376504,1.3023546967783661,1.317458554836992,1.3179243380377772,1.3375260032228817,1.3719580692595676,1.406384895621064,1.333869728296622,1.3218010297167044
2019-12-09,1.3269037139785633,1.3509991034828124,1.3562662606336804,1.340251899238853,1.3189478816800375,1.4093084518503294,1.4236669248023037,1.3766158660220702,1.3870444859390714,1.2996413126828141,1.3029574408745448,1.3148149850584823,1.3161781076285983,1.3327739058177028,1.367432772739221,1.4037282299160736,1.3307324187016965,1.3181035492031024
2019-12-10,1.3218193232312465,1.3462157795558864,1.3525684786015733,1.3353201589710673,1.3134879757492555,1.404532047325457,1.41781370375549,1.3733556145258217,1.3838984867698325,1.295839595549348,1.2984357607443884,1.3131409415752127,1.3146355980941984,1.3308400808005685,1.367390480000304,1.4026613564189965,1.3286083811083453,1.3166533053394271
2019-12-11,1.3234513679258741,1.3465657485504146,1.3551874110550428,1.3366738960669553,1.3140783369607356,1.4113535247999847,1.4225843539119902,1.3762258164026202,1.3876177100691998,1.2959748378427296,1.2983154620287245,1.314338150572189,1.315756186257313,1.329979431638132,1.3734218028270868,1.4077896196843798,1.3300757664064626,1.3200692432015613
2019-12-12,1.3284079349607727,1.3530128404160988,1.363526251860436,1.3420430777763264,1.3175015336783322,1.4154520546465712,1.427081538486485,1.3849005257925593,1.3995799826666995,1.2954965515635044,1.2986632477144042,1.3185111414391972,1.3149186096313052,1.327033633909158,1.371358018596626,1.4079670284766195,1.3350217063456935,1.3311901174286678
2019-12-13,1.3271906938143572,1.353837995924191,1.3655827067474837,1.3420619735518413,1.3164839759872788,1.4047818128239227,1.4189762790018923,1.3863585533559428,1.4009507022955705,1.2943572981967577,1.2992483253388676,1.3194816125450275,1.3187697271524905,1.3281550388215984,1.3696289383435254,1.4086626302867955,1.3358388759722488,1.3301289717921663
2019-12-16,1.3371010560257302,1.363883778491487,1.3732678138984546,1.3522286840510644,1.323613216383412,1.4197335831685312,1.4308892472318055,1.3945343058486641,1.4093488449361755,1.3005638658656187,1.3063225851164857,1.327417269733863,1.3246336018275109,1.3339852419893672,1.3697409979541066,1.4089023005722041,1.3434210240363191,1.3382825915458898
2019-12-17,1.339303513671197,1.3653774066769178,1.3740648199291556,1.3555212067483897,1.326967277225519,1.4204250824051294,1.4323021240328306,1.39568821118246,1.4100386238003584,1.3007052909698955,1.3073466796159308,1.325942531606976,1.3251272879055969,1.3368954175456267,1.3706498174255093,1.4093033604497025,1.3419691694753753,1.3376222511296432
2019-12-18,1.3365332417926552,1.3620124011035954,1.3723315154356053,1.34973741107779,1.3248026781707185,1.419293867600134,1.4302273866185171,1.3935729698886128,1.4090090905641242,1.2986207270772812,1.306500761627718,1.3269988743447663,1.3232655944524665,1.3353222318770117,1.3695727757796303,1.4094044363018927,1.343098104325394,1.3383432501372463
2019-12-19,1.3401861182778276,1.3657409931042168,1.3788128752516056,1.3517515123723973,1.3292432886998036,1.4263559658508604,1.4362569042610145,1.3994071346272678,1.4156715760181264,1.2964828203404863,1.3062328719727343,1.331543328667048,1.3236454298798783,1.3322316636044402,1.362601105690781,1.403966020199378,1.3478603659036863,1.343312950306891
2019-12-20,1.3482970007698756,1.374190380134184,1.387055583382709,1.3595580549070583,1.3360566577916664,1.434397014577046,1.444245313121937,1.4076261569742383,1.4232809593174478,1.300751148010729,1.310280059863123,1.34024484732421,1.3275506569041906,1.3329183303138545,1.3601076793542746,1.4047202704027337,1.3560890663027914,1.351523386781338
2019-12-23,1.3428102036265381,1.3681370208453747,1.385034922747025,1.352888962052755,1.3308946455409887,1.4265745493404738,1.4373388232877964,1.405405828903575,1.4237852767138193,1.2959565823302275,1.304665953481936,1.3368279133740313,1.3201089596355424,1.3281687015674821,1.3546497391507928,1.3983703366768463,1.3526963639340526,1.350706886820336
2019-12-24,1.34356274741996,1.368798763013023,1.3852065934449689,1.353886985520683,1.3320440226460335,1.4277026468502205,1.4386077467629232,1.4055296764848089,1.4235153206461195,1.2997339950944473,1.3068338126549552,1.3381088322215338,1.3225731107848844,1.3318193334426756,1.360400816858131,1.4027360212483344,1.3539527139785807,1.351567040678456
2019-12-26,1.3473208160062788,1.3709775134576816,1.3890682204594709,1.3563866848636128,1.3359410192104146,1.4290591185763677,1.4399530506101623,1.409101177851606,1.428369953701585,1.304176685663231,1.310611217438312,1.3407979963292032,1.3247209787956669,1.3348656749454557,1.354295483934179,1.4006415799911542,1.3565746670191727,1.3545971245895694
2019-12-27,1.3497039448223906,1.3739752963780747,1.3914893089977936,1.359499374525109,1.3389667112100267,1.4305252073514712,1.442709921304875,1.4115830024398441,1.4295563010871386,1.305727640163265,1.3121279675865514,1.3420777824523704,1.3260996206130462,1.33695709521816,1.3582174091240318,1.4041490783016215,1.358100922335846,1.3544613315964265
2019-12-30,1.3432146460777568,1.3671686461942973,1.384359387781616,1.3556918923961099,1.3326163909122914,1.4248119415770681,1.4376684821060755,1.4037076639860895,1.420381559888126,1.3037226891674545,1.3110825209467432,1.3374373007921976,1.3240783151809234,1.3341195764597022,1.3592940421426982,1.405050157845666,1.353364523282034,1.3485894246227785
2019-12-31,1.3470419657289454,1.3709131059994744,1.3874494152722479,1.3591376854578412,1.3374067649654509,1.4289335542437742,1.4416560638127813,1.407103323523854,1.4234992179639416,1.3085831139847584,1.3163310343311319,1.3422108658405578,1.3296687610732891,1.3398029820347108,1.3641921502437657,1.4092016973684274,1.3581579025966402,1.3529981191842857
2020-01-02,1.3450363997462003,1.368725176398321,1.392974627102639,1.3541275528433265,1.3370126721476028,1.4335438997241785,1.4412269090734295,1.412181877716768,1.4344794180503675,1.3008177578361486,1.3096020683477838,1.3413884213088667,1.319947305099543,1.3302200642798572,1.357949759961179,1.3996618612949392,1.3572268414967563,1.358371335095537
2020-01-03,1.341325067968543,1.363147970265413,1.3873952900659514,1.3495718616574752,1.3334231850673164,1.4277337480445633,1.4360344736607786,1.4055586324410676,1.42607522324584,1.3009356170722757,1.3071663346025035,1.3385945842078055,1.3193480988420287,1.332379134692346,1.3556709920329182,1.4016442714675577,1.3538208022103935,1.3510516188181108
2020-01-06,1.3453051160465834,1.3659474779084662,1.3917042389748309,1.3525494422961881,1.3378462222838194,1.4319798930571301,1.438795393649557,1.4098905988858774,1.4317603968181234,1.3014876898759433,1.309371720072755,1.3401735343089822,1.3202667092752025,1.3338025132308327,1.3579386648775214,1.4017161135159941,1.3554035381521115,1.3523886453978393
2020-01-07,1.3391921262081956,1.3585737795941872,1.3867049290691416,1.3454220658941765,1.329222857574675,1.4167142010334368,1.4268049995645877,1.4039690813289545,1.4276152345974726,1.2893349552672608,1.2963490731755012,1.3350470182275453,1.3085309633017104,1.318952268495282,1.3380673646694243,1.3873915308527152,1.35005284161328,1.3498968627383323
2020-01-08,1.3432568293447749,1.3631353074283643,1.3921262444051252,1.3486619375213666,1.3333934029888115,1.4226793997038496,1.4304084709835772,1.4104212346370053,1.434872391872795,1.2882760017839807,1.2962826369912692,1.3392192246534838,1.3098158244277338,1.3185618015963274,1.334662286098859,1.384589605446235,1.3544900739424617,1.354545056980234
2020-01-09,1.3535027907274055,1.372159055796285,1.4020643460825735,1.359309300912691,1.3430389291359446,1.4320673427873043,1.4400565317591336,1.4207068060902501,1.4451667002833888,1.2933798119236732,1.301593246994775,1.3462582922226765,1.3158102771627647,1.3220213666760317,1.3389540451260706,1.3894157786033159,1.3620037073445592,1.3620170680160804
2020-01-10,1.3502548257581242,1.3671765164235488,1.398639719016388,1.3555751970014982,1.3366734730881844,1.430169186493353,1.4369356917862923,1.4173607335592955,1.4408354062175175,1.2931943503942684,1.2998020486568962,1.3450275248350851,1.3170354996300095,1.3190569672557224,1.3440301785072974,1.3936522005650054,1.3608248637823848,1.3586325262746932
2020-01-13,1.3534225752827382,1.368223582356485,1.406248649734339,1.3590272275566573,1.3408026166523057,1.4300432001118406,1.4373519936529318,1.4252764042167323,1.449524749199536,1.2963709783242725,1.301389196271667,1.3530962079508864,1.3210268165660528,1.3194262987162377,1.3413612503025927,1.394184494984773,1.36885877464535,1.367174418619455
2020-01-14,1.3529568252759177,1.371351765427515,1.4054722056555666,1.360651970129535,1.3411000465299607,1.4336735360093393,1.4416783800829474,1.424594856470242,1.4475596330226317,1.2973065515658928,1.303935111211384,1.3536082331074837,1.325173355071891,1.3236400871283207,1.3523213573358357,1.4032821250366396,1.369799954271324,1.3679819651207743
2020-01-15,1.360159370637082,1.3775504784917858,1.4121985826317134,1.3666409844944598,1.3455421534507699,1.4369840836111811,1.4463377370196533,1.4305600675497896,1.4502796233333521,1.3051209268391804,1.3111644433988487,1.3592143807189738,1.3312966071364218,1.3296583148908694,1.3580157075289416,1.4093901575591132,1.3753374573126131,1.3699747621427825
2020-01-16,1.3651993430866427,1.3835407004826294,1.4217016865025698,1.3726558284644175,1.3494811463642842,1.4415188255202918,1.451540768954135,1.4400887156426518,1.4619646332045826,1.3111278855262944,1.318394003723393,1.3699570874837794,1.3367221007656855,1.331076747075931,1.3588897034858836,1.4125777962924242,1.3861503974146787,1.382459268421012
2020-01-17,1.3678259735332683,1.3868443746667243,1.4268788332174451,1.3750917059538925,1.347937945046286,1.4411893343682853,1.451328144438603,1.4453280700491427,1.4679297275518668,1.3135994854025268,1.3215172561930462,1.3746141577370452,1.3414797540988308,1.3310457997139968,1.3614576805249117,1.4158597115405749,1.390885014414704,1.3868029709435221
2020-01-21,1.3711599866318658,1.388532126554505,1.4262150841039318,1.3779186271405361,1.3525205091076475,1.447503049723775,1.4562281071127792,1.4450626551983838,1.4645588166359085,1.3155845067933762,1.3226712568666414,1.373291223509018,1.3434680855247143,1.3361537210245023,1.3602489965687563,1.4168017855483228,1.3907715435226742,1.3818651108253113
2020-01-22,1.3713581427877148,1.3908891577141007,1.4275592896217602,1.3770815405512573,1.3533201191809183,1.4447529793969736,1.4539652590171253,1.4465129459932793,1.4659376768001646,1.314660796812752,1.32143946870473,1.3735291216518029,1.3420869872241667,1.3352079700115145,1.3530423440380908,1.4117657807361637,1.3910807880930898,1.3816984100303542
2020-01-23,1.3747346341819775,1.3947964142737739,1.4287664251738021,1.3821654945156419,1.3572595545072965,1.4576813185891144,1.464573263934661,1.4471476939820875,1.4673249084184579,1.3265509990304643,1.33148401968413,1.3780258450647898,1.3537530586353403,1.3511911939296717,1.3690622813653792,1.4256742846096762,1.3958398572210462,1.384825980314113
2020-01-24,1.3674977568055855,1.388325999926309,1.4180920112805098,1.3744235315718059,1.3509231645782276,1.4523416366104243,1.4599734180708897,1.4351122988697147,1.453947934584195,1.3243899202815272,1.3280700788333815,1.3674922947232013,1.3487642352706875,1.3437560273134617,1.3669909497226496,1.4240496047083437,1.385154369647451,1.370878331135368
2020-01-27,1.3632375931943348,1.3826551764363804,1.4042599013427775,1.371314855732515,1.3495880935332403,1.450645841032603,1.4578630470755445,1.4208029955076087,1.433463992622488,1.316710150430662,1.318689220621025,1.3529983105025674,1.3409835868893358,1.335515388591612,1.3574631536564659,1.4152609911368805,1.3713916055010076,1.3497704338660248
2020-01-28,1.3662698729521046,1.3862835904715685,1.4127225538682286,1.375582432102333,1.354108502838057,1.4485982163544868,1.4567713088323944,1.429022959656216,1.4450992101924303,1.3197562804952603,1.3209000816437673,1.3623703345321743,1.3422325228354892,1.3347325896715794,1.3507576722015744,1.412702273315049,1.38063322682288,1.3619760128884117
2020-01-29,1.3627529315579583,1.3788017861135544,1.407895263597171,1.3719431226821839,1.3553972612438183,1.4397589254070964,1.4489813477906694,1.4237824388383633,1.4402791893265658,1.3147438959240803,1.3153375201762305,1.3590156621936336,1.336684318135123,1.3241443850923276,1.3410354240335935,1.4044167149968694,1.377487074659462,1.357056364054687
2020-01-30,1.3697066083667437,1.3818324151115127,1.4133054006934709,1.3781582464179403,1.368065837633158,1.4465260654789327,1.4573817136786233,1.4306105878794504,1.4437669927803576,1.3250007489701054,1.324109320180971,1.364540608465393,1.3459928368374647,1.3375421581514144,1.351251100563113,1.4140747481605498,1.3830202061666599,1.3605983045688401
2020-01-31,1.3572401300508612,1.3685162022157644,1.391090180076655,1.3642309611720915,1.3526415403105334,1.4393007475459023,1.4475452218181606,1.4078616264989903,1.4166623838011303,1.3148883546216044,1.3149146896913295,1.3436533847344334,1.3326781849074947,1.3322138909124086,1.3500777687263432,1.407915219689056,1.3616004367452725,1.3349222612791114
2020-02-03,1.3582483832697945,1.3711705188034728,1.39674833257045,1.362703799831078,1.351765287394298,1.4328354448309686,1.4427239815728363,1.415272130799413,1.4259124023011525,1.313517049621739,1.3141719033545147,1.3512228230244432,1.3309786040606695,1.3300966257884808,1.3447091412300818,1.4061159122919558,1.3688822006302297,1.34377300934674
2020-02-04,1.3613130324661133,1.3767149777373822,1.4102088282591014,1.3658428688446476,1.352684698645682,1.4298479236294643,1.4394379832013813,1.430825184969757,1.4455466881721635,1.3092991573326596,1.3118204231657344,1.363868153585566,1.3272617463885215,1.3265556688000848,1.3279863027642895,1.3950774624181086,1.3814889796485412,1.3621394204693786
2020-02-05,1.3767514484630847,1.3985727056419321,1.4250291918990956,1.3813986274417238,1.364756142046239,1.445465651284595,1.4581889079728634,1.4463623788332676,1.46310459051713,1.3206701346182999,1.327116673202363,1.377499452663307,1.3440164645391732,1.3382546237285897,1.3434701410540724,1.4128700256711766,1.3953846141772468,1.3794532650430036
2020-02-06,1.3752901050388515,1.395793061465053,1.429928462427351,1.3811977559539679,1.3609251610662463,1.4398653225036937,1.454471160657511,1.4512123771060759,1.4692294097085257,1.3195170099960873,1.3232764865400848,1.377934358822393,1.3466952089397148,1.340042818142069,1.3519366867916336,1.4197832437112876,1.3967308789540311,1.3803989507516405
2020-02-07,1.372375052334101,1.3918196649330465,1.4255526383243289,1.3801336757031906,1.3542355148900125,1.433580246396813,1.4506718074376868,1.4462039400814217,1.4616684290995288,1.3097537269742454,1.3128141695271809,1.3710159936369428,1.3411322560350312,1.3290925034711787,1.3365573921555371,1.4075435233905604,1.390234303848222,1.3700485843566552
2020-02-10,1.3747516750099058,1.3928624024244516,1.432922364114072,1.3845628438526814,1.354442244507216,1.4363264618698364,1.4531300456240435,1.4538703904120855,1.4714625760341438,1.3121201196536119,1.3146845819266189,1.37860507576477,1.34579326774591,1.3321935525599153,1.3391054215143945,1.4105126535940777,1.3978875949909384,1.377527811886691
2020-02-11,1.378130059433479,1.396826388544842,1.4383050281356848,1.3876708133431757,1.3554510727817726,1.4338178645246356,1.453768102567726,1.4588865549270764,1.4768365819504787,1.3114085943884184,1.3129424536405894,1.3847779308084094,1.3485087878345474,1.3367475429482882,1.3405193534446809,1.411085238616621,1.4035712313751871,1.3858665899561415
2020-02-12,1.3806970292322147,1.3972489439591205,1.4430449220374524,1.388177248680657,1.3584599052504143,1.4348265097676258,1.454743755257895,1.4639506528575934,1.4857244340793645,1.3178509538035463,1.3172938878562006,1.3901991742464515,1.3546704006537371,1.3479101691796993,1.34769747345714,1.4195733849684309,1.4086431417794811,1.3948087117242016
2020-02-13,1.390669726836429,1.4053159166158777,1.4457169202336428,1.3953855022183432,1.3672059852189862,1.4418839811546138,1.4616042073602422,1.4675848778843559,1.4859480101700924,1.3235160293331822,1.3223898495736754,1.3919106566015997,1.357348984557038,1.3497363454999833,1.3442498885494838,1.4185227991726637,1.410667123081022,1.3937703491975537
2020-02-14,1.3930552131148222,1.4073638677664546,1.4505872633583894,1.3957787926219245,1.369689493417097,1.432642497307502,1.4542678455442795,1.4729858306248225,1.4905585884409485,1.3281242915070595,1.3248457871109884,1.3961285260165026,1.3575149710231953,1.352845708953196,1.3384250022045245,1.4133716534121181,1.4151588325242135,1.395933703531731
2020-02-18,1.3918294565510436,1.406750144897397,1.4478763691620353,1.3962425345496976,1.3687797723671802,1.4263740500331548,1.4503378145596324,1.4704976156084684,1.4856957763225762,1.3291227029197281,1.3287680234597783,1.393294835177848,1.3551423759512404,1.356206884907738,1.3339374257683765,1.4119056147257425,1.4124146584158968,1.3916287954786866
2020-02-19,1.3847921655555109,1.4005762785798515,1.4491763745438162,1.3906178249587076,1.3588370007699626,1.4130552687474602,1.4372808236836734,1.4716490965866351,1.4924383914115695,1.3214122578541319,1.3173693107038733,1.3933957146647848,1.3500096422007517,1.3459715280865825,1.3299801202669725,1.4054601933033712,1.4122624474590324,1.3963092773422774
2020-02-20,1.3878526881191957,1.4017644417599082,1.4456669318591868,1.3927622315124741,1.364420188304801,1.4240780943584903,1.4454164838232981,1.4685301247213736,1.4858234332104856,1.323839363488399,1.3215216886143633,1.3916572941587044,1.3552367245547603,1.3534476520601033,1.342791924289205,1.4151567640155929,1.4108041425281643,1.3937308174151655
2020-02-21,1.3892374805215442,1.404167690064543,1.4403854278582162,1.3950132412699,1.3663492730936737,1.4290125656387391,1.4499312378552065,1.463329235482434,1.4739449167486667,1.323782324338841,1.3226609385785344,1.384293341257935,1.35453447575032,1.355873313174369,1.338734419508347,1.4140211037053916,1.4035325728432693,1.381365616124422
2020-02-24,1.369379453306498,1.3816986866862464,1.4030929352675572,1.3737079450578251,1.351049045097315,1.4183613266765047,1.4370657078300384,1.425301161969023,1.4271331394013795,1.3041338972707948,1.3059907016878978,1.3504804691607626,1.3345467340479786,1.3410642601023695,1.3318694544263139,1.3997984580305767,1.3697956435321317,1.3395054862281521
2020-02-25,1.3450684808139153,1.3528734884032794,1.3658422098560004,1.3473177440638306,1.3256300894824657,1.3967139568100038,1.4142849271450835,1.386692598039205,1.3827328083213555,1.2736095841090171,1.2741835321792265,1.310463205578937,1.3018037093829988,1.3069176009185977,1.3033422916625643,1.3663382962696182,1.3304366098629181,1.2953593814562676
2020-02-26,1.338706683794643,1.3437243659503137,1.3620094977658919,1.3371757505597934,1.321043471129652,1.3779453411081184,1.3997180745444329,1.3826163782494556,1.378267870043914,1.2607287007273793,1.2592202576655251,1.2997290207532415,1.2893164778616908,1.2982351709516153,1.2911673973237372,1.3521248056137996,1.3196187759744584,1.2836918644077964
2020-02-27,1.2840323065010695,1.2906209488621536,1.3070204616718049,1.2816268483161435,1.2707280490068553,1.324911236026659,1.34349012467616,1.3262829067291886,1.321354351249223,1.210069667780517,1.2060443333248074,1.2472483015636748,1.2369362327947524,1.241015912701492,1.2401548975471979,1.2981793200508336,1.2662168025475429,1.2316262613053983
2020-02-28,1.2527193627371944,1.2611839430198784,1.285162719445988,1.2515914251093057,1.2351432628064174,1.2891919576267894,1.3057204683631167,1.303342255848258,1.3082422799457767,1.1812624786054748,1.1790418385844177,1.2240025605221745,1.206700605538096,1.2077378000471624,1.200530044014892,1.2640544375782,1.2423562502639558,1.2151598315653729
2020-03-02,1.3141389130908327,1.3215724425326485,1.3467658583327553,1.3141471361802,1.296705609274401,1.3531775519179454,1.3704773522685496,1.3670439386901359,1.367927160053331,1.2292069885834553,1.2268979253032088,1.2771997595721931,1.2539630819093364,1.253178481085531,1.2339299077793788,1.3048701767432453,1.2972342088914588,1.264633263677862
2020-03-03,1.2920415313348412,1.2938512526707602,1.317126413370933,1.289662255455487,1.2728257251521984,1.327646725535257,1.347006142222376,1.3368454716222127,1.3309291681517743,1.2126964309962829,1.2059163947855236,1.2514069302876618,1.2327818114428726,1.230961895697019,1.2096804221500146,1.2826858213471841,1.2716828873697308,1.23339301039093
2020-03-04,1.3543349154323698,1.3554475453435388,1.379574228739671,1.352091544116413,1.3346423586341891,1.3866868847466303,1.4086883145513978,1.4000397049355258,1.391593592984578,1.2585832542827184,1.2490921444407075,1.30304825884137,1.2780165859807735,1.2755573367825372,1.2452313522847598,1.322765978327061,1.325435885843093,1.2826027405579674
2020-03-05,1.3202713075025583,1.3214367739763448,1.3376815637881518,1.318154658964839,1.2982363671460255,1.3581920855800866,1.3774935901906389,1.3570134329249541,1.3431967022551003,1.235016086957519,1.2289953722928624,1.2628195418328263,1.2507326424365641,1.244385411932546,1.2292166252832146,1.2990862672305303,1.2856303341664983,1.2363208097866227
2020-03-06,1.3035250981730981,1.3051090618260006,1.321231056682738,1.301186138267561,1.2844521539594453,1.345418181070355,1.3634172018024446,1.3395382042331847,1.3215134076632358,1.2234236524690028,1.218708316845795,1.2436893921895507,1.238987382658623,1.2417407830899183,1.227177976436989,1.2918949040344754,1.2672865907328303,1.211500619285535
2020-03-09,1.2341781032412062,1.2331612811558048,1.2385310260999443,1.2242203593524013,1.2082230658387574,1.2633438428523536,1.2840074379831445,1.252902402684702,1.2291877097189947,1.1449834610633316,1.1383738170258297,1.1540767048119105,1.1757584533976724,1.1709387939669857,1.1644222494498924,1.2261008324706848,1.1750230128731123,1.1079860637080943
2020-03-10,1.2644547931199017,1.2658618621696793,1.2865317047586635,1.2477460069928146,1.2385551345829886,1.2768083439155222,1.3013530242218545,1.303421095411333,1.2864739608458782,1.1641117799565026,1.157874826467988,1.1999285440852674,1.1996413827262555,1.2007827788749432,1.173805719514676,1.2427309571518321,1.2227324755709739,1.1611510355760482
2020-03-11,1.2093327080179093,1.2099280059198005,1.2252494244173668,1.2004970089325662,1.180768701431903,1.223423504349834,1.245347604483634,1.2408029335031352,1.224208196216883,1.1100896307866324,1.1046845881911798,1.1389249473312562,1.1529032004607915,1.1546782766095258,1.114624066890005,1.1850121597532493,1.1608908487077692,1.0982586374917658
2020-03-12,1.097695167721977,1.098139261191341,1.1124738680631385,1.0877889815341368,1.0680497874759243,1.0818352361974528,1.114220298366462,1.1249417605567842,1.1082156896058488,1.0109525487298099,1.0021716642007867,1.0272425837485426,1.0466197214475401,1.0547517499182224,1.0283722034899951,1.0847320488646575,1.0467247489381184,0.9858897149247373
2020-03-13,1.1723658651629492,1.1756520999368907,1.2063870445817808,1.1601941446674617,1.1429868478948033,1.144429302038181,1.1778967429820006,1.2229993183000516,1.2113953896740308,1.0598537475444192,1.0490351199576933,1.1005912534804732,1.0693750441840268,1.101645038207697,1.0501316919949704,1.1090190220963614,1.1222221221975788,1.0666280040717284
2020-03-16,1.061622372855713,1.0614886759667739,1.068203992436673,1.0573857631435797,1.024995429817521,1.0356446964614983,1.0673711695040318,1.0809205864175282,1.0633234453482276,0.974546570633067,0.9576248529994507,0.9701156553236205,0.9845833308925778,0.9891711921941427,0.9775422182945868,1.026563760673454,0.988891069952743,0.9306724539727019
2020-03-17,1.1434073463646464,1.1289016761240371,1.1386262807910295,1.1314635809667608,1.1062561389998382,1.0985952231175706,1.1381103282936689,1.152920751904543,1.1298606377305893,1.0190419811649882,0.9944019986376248,1.0246338536717166,1.0343635717005315,1.0287915105306595,1.0016998554967202,1.0679571548092723,1.0444466475162621,0.9800843114260342
2020-03-18,1.1033036107556464,1.084760181364828,1.0862470598273775,1.1013421778277965,1.0573682760463017,1.073000247146409,1.1120236448217162,1.1009850960110483,1.0722959542176664,0.9785608622265252,0.9381734815772864,0.9545723953126579,0.9956246538227169,0.9917687540974601,0.9416632718243444,1.0200914412672324,0.9710529520200143,0.9053105771867406
2020-03-19,1.088899249467983,1.0727823421567249,1.0826386859453465,1.0952653649154238,1.0485256265296923,1.0932807897490202,1.1239106782733916,1.0964317163643362,1.0772568101467523,0.9908607902845443,0.961696744979497,0.9623491591234601,1.031315007167586,1.0058368961000212,0.9566029129003724,1.046842291010209,0.9804185786361234,0.9182527336028825
2020-03-20,1.0350824922608177,1.0237986423938703,1.0319168395505767,1.04183116113596,0.9994006559468005,1.0499326612036237,1.0742631213312954,1.0441275999087791,1.028222946880717,0.9489526462987228,0.9247953105733734,0.9165623758474671,0.9621717642918877,0.9525999855622441,0.9254976891103135,1.0068202351267188,0.9358401508166242,0.8797548631234587
2020-03-23,0.992539386599425,0.9836062419305381,0.9939334821542338,1.0175380902060471,0.9653878129191156,1.02677202599586,1.0512567194178122,1.006589699361669,0.9953194404037399,0.9114531879272668,0.8968213213260274,0.8815035862615986,0.9487441604869089,0.9189308731860061,0.9316332447490644,1.0008039874515684,0.9010975999724339,0.8472353548729116
2020-03-24,1.061750106687008,1.060811674316334,1.0833435447757223,1.0762229938529406,1.0414712289600567,1.096087807885874,1.1142523384912975,1.0986159857724318,1.092612230557644,0.9587857346468971,0.9492814479981779,0.9684010780653971,0.9936260571378037,0.9732323926574612,0.9612607166481364,1.036269713575538,0.9908129796481975,0.9403461989219967
2020-03-25,1.0696605725799506,1.072645342726629,1.0984466580112884,1.080960897803933,1.057297597532965,1.102875435839797,1.118240936047703,1.1148563071855122,1.108475560787165,0.9735311708624449,0.959412572622618,0.99315233978677,1.0127297789875196,0.9930319824570092,0.9867241967137629,1.0523869487725988,1.0145053840502083,0.9666320916989787
2020-03-26,1.1426722459898486,1.1494847317224213,1.1748625699897155,1.1503785123868286,1.1316714154769365,1.1777597764463696,1.193751796686577,1.193594971715101,1.185750895789232,1.0406958339243417,1.021279013222828,1.0568593100368981,1.0696593993094334,1.0513232510013066,1.0377176783268367,1.106420826759862,1.0787078420450293,1.0276195981275202
2020-03-27,1.1249193829274702,1.13158409970359,1.1451199961363208,1.1330376031407245,1.1163000938329526,1.160619389024191,1.1768500010824186,1.1620103979891312,1.1484351569298308,1.018073925429468,0.9980890343050807,1.0307779138065531,1.0513463335814814,1.0377067688915755,1.0056796231755107,1.0780421603272994,1.050790366803726,0.9943164645301974
2020-03-30,1.165651973368459,1.1724688681768847,1.1867229665963859,1.1710519930485312,1.1495998136905974,1.18721225166105,1.209428591275371,1.203300455746576,1.1884430309938931,1.0381102175381056,1.0148790831030885,1.0585681266527265,1.0720224444262971,1.0673430752066988,1.009352645631842,1.0907512554713528,1.0790390879401897,1.0193689754519961
2020-03-31,1.1462141169250393,1.15562988826446,1.1658494383188627,1.1606659094694582,1.1266127528424283,1.1846193943460375,1.203987017336859,1.1810683335904633,1.168019648708145,1.0235218476261485,1.006628606528108,1.0378684125392288,1.0599305910832924,1.0574342409743833,0.9992930863875573,1.081927492676448,1.0586347377857674,1.0006592653679531
2020-04-01,1.1154977583573842,1.1142323314137337,1.1178920856642214,1.1325682515857436,1.0884920436030414,1.1409939718228153,1.166655774303457,1.1322800873819843,1.1166289386299684,1.0046627023467314,0.9788993905018284,0.9885574539307982,1.0332136633758846,1.028184933459873,0.9694202014354084,1.0586153808720555,1.007832907476586,0.9476050574206716
2020-04-02,1.1540351764495165,1.1497048307603284,1.1480946179143323,1.1807675411664706,1.1278521487297084,1.1999269925399245,1.2207956944033276,1.162837299785711,1.1445660199579826,1.0332542351396028,1.0022747617632746,1.0039498979886254,1.0639346562801248,1.0504658671668567,0.9919218239133587,1.084220447580461,1.023615215797399,0.9616277682020435
2020-04-03,1.1445481235295434,1.138859617717799,1.1332278668240072,1.1772495852995393,1.1141022559333116,1.1916540416898156,1.214372387524053,1.1478007207048084,1.1262692339453915,1.0215159676778196,0.9924218253693134,0.9886793526628158,1.0521238471308967,1.0407132805163095,0.9723667439219981,1.071421921047897,1.0080561380404567,0.944785809524178
2020-04-06,1.2006461567253075,1.2000057384233547,1.206240750415244,1.2198301502185545,1.1699888252231427,1.2346495251776368,1.258054254862046,1.222613145686964,1.2052244064091735,1.0700514578673777,1.0376365034816106,1.0599868167683553,1.100580566026831,1.0975777126731432,1.016904252169562,1.1117379801358491,1.080648674813798,1.0192087708370212
2020-04-07,1.1884172193161553,1.1843126224052218,1.1966665500176155,1.2076568862358892,1.1527664556337274,1.2263734054712427,1.2501685271821987,1.2129844597297121,1.1980386234692235,1.0762503243691446,1.0432066737549155,1.0616423092229952,1.1070712814368127,1.092695309948259,1.0310461474837225,1.129462891427549,1.0820234695186581,1.0256993603013267
2020-04-08,1.2060011736514924,1.204768176038985,1.232973510006203,1.2292278706747573,1.1704959863553805,1.2473747282119918,1.268960088648336,1.250305830990585,1.2389572197863594,1.0912831569051233,1.0587589358943865,1.0982626758872858,1.1067859057965828,1.0974013233460398,1.0412425383754174,1.1414465754098568,1.120513986694835,1.0696364595404204
2020-04-09,1.2108009966087445,1.1996071413372542,1.245500930132829,1.2089343912243213,1.170479833770242,1.2288272779539533,1.2473686452748844,1.2648082433246084,1.2561033338564478,1.102797517135015,1.0667240835644345,1.1174733720218142,1.1110142385437405,1.1055193603247515,1.044407174492585,1.1446983926202223,1.1409414482223288,1.0936799628664378
2020-04-13,1.2197284290498644,1.2055365434193472,1.2342227668119474,1.2278376383335854,1.1802578114586715,1.2559659848290443,1.2770823724222538,1.2507804695256306,1.240091356380086,1.0960937526493528,1.0635620194673625,1.0986587998737853,1.110539026337541,1.1127316023860043,1.0359517252772505,1.1347066351096262,1.1209565158718457,1.0699671330922833
2020-04-14,1.2667093771806341,1.2593324643851591,1.274407119143004,1.280882638739569,1.2200480235318893,1.308229176196165,1.330089232191811,1.29110311172396,1.2771278601781382,1.1278706086536983,1.0970303199811307,1.1304421945974266,1.1507548548151005,1.1429761667381453,1.0778676491399917,1.1805148526300657,1.153144006304484,1.0977366583271877
2020-04-15,1.2644898784546217,1.2605799784997163,1.2501717654862041,1.277006170667023,1.21204982577961,1.3150900538420363,1.3368989624526089,1.264666578331019,1.2490599355783647,1.1238129152298697,1.0954962998458828,1.1027402001816975,1.1629289455818645,1.137279226156886,1.0776772527154743,1.181312196672729,1.1242430765502514,1.06238868127694
2020-04-16,1.275301730152587,1.2763022219792066,1.262262971147394,1.291539156633794,1.2317948056329613,1.3257273577927766,1.34533220808649,1.275420685881969,1.256910725157532,1.136463070245593,1.1155572587751543,1.1091367246128903,1.1879839537198946,1.1599588081251084,1.1005075787683845,1.2067458616738647,1.1297706299642105,1.0607075956999328
2020-04-17,1.2887005332669665,1.2836275488513256,1.2932615573914361,1.297382763832945,1.24967782639639,1.3413280130280636,1.36092001886857,1.3085995172116254,1.2934257179590243,1.1473878935409263,1.1234163011517297,1.1425371694245965,1.1891652241758792,1.1681316926604037,1.1049988455177124,1.2118219611277485,1.1646303717791193,1.1026012535935117
2020-04-20,1.274624344510361,1.272489372050653,1.2727258437978621,1.2934819309424752,1.2349509229657731,1.332176215426252,1.3531176655177837,1.286575021288709,1.2695551349867125,1.1304097653835816,1.1091072549426741,1.1226925085465909,1.1811774734458031,1.1659606397134996,1.099065701706126,1.2046387259086593,1.1433893572845204,1.0787909728528007
2020-04-21,1.2531053095662306,1.248854250675857,1.2339209939866569,1.2639062539811259,1.2134311995151135,1.3153257061930823,1.3376658066449432,1.2477965101487911,1.2285590957000436,1.1158477037139582,1.0995869697566656,1.0919051771813493,1.170371242061502,1.1535932556759816,1.0932863581558514,1.1993250797818722,1.1115886106695523,1.0469588596779804
2020-04-22,1.2646639921759126,1.2585361094316452,1.2601414349263997,1.2669021685534445,1.2275835616891955,1.3162119713135139,1.3379651027745023,1.2736497960466957,1.2574437883594904,1.1301938403472553,1.1196260020227486,1.1117021168837145,1.1705585618775023,1.1640575753737064,1.0951684005404814,1.1997453919737686,1.13190558603165,1.068402544112286
2020-04-23,1.2721165443509515,1.2602640429858003,1.2566081510110096,1.2720554590413327,1.235691664844433,1.33430764229809,1.3559374601518974,1.270020088677432,1.253541864193884,1.1266998107949204,1.1129500944229231,1.1088870790366814,1.1681459894518467,1.1620831730480021,1.0907330849536325,1.1954089937290175,1.1284545319259263,1.0678960046523687
2020-04-24,1.280040011561561,1.2652665412970672,1.2733486797935434,1.284703296497481,1.2437539487258857,1.3416078632177288,1.3598851287693243,1.287747440682616,1.2709873195771384,1.1330702531849899,1.1252225967330274,1.1235931232304943,1.1798436262189544,1.16320069350223,1.0929230012702174,1.1980412256056299,1.1433804967639145,1.0830149479828848
2020-04-27,1.2784531323341528,1.2619714316829176,1.288293514783196,1.2761337537260622,1.2371806781094696,1.3302952515221065,1.3470414757919613,1.3046489693330292,1.290780232112453,1.142593673355206,1.1296500961561715,1.1463648681279404,1.1786498652530195,1.1683712976592084,1.1019865282757715,1.2081056008849729,1.1667911302825287,1.1103276323008375
2020-04-28,1.2633948973994198,1.2439224335619063,1.2767456213029214,1.2451417121183828,1.2197483830096836,1.2990396288549937,1.3148674877624011,1.2935640246759648,1.2814631163841812,1.1250712559777087,1.1082595232048562,1.1468151590886817,1.1365753754496861,1.1464367689452386,1.08216744865832,1.1853476533509655,1.1675802534940645,1.1178739100627266
2020-04-29,1.2368543971321386,1.2212546875225163,1.292529950838809,1.2388245456973694,1.205297682412676,1.2845312761178835,1.2999472126875518,1.3114198287884073,1.3055716290076014,1.1100853353520979,1.0902519373738013,1.1646303577395125,1.1116060122658333,1.1365806664804208,1.0644937579178817,1.1668366215540522,1.186634997907621,1.1467441629136053
2020-04-30,1.236563442598357,1.2181556613863336,1.2815889788450543,1.237771168325456,1.209607786137549,1.2914714640630967,1.3081149227599878,1.3000967172164155,1.2923654269433313,1.1122998303489777,1.0929393182125386,1.1455549458864067,1.1120412562759974,1.1398865530350066,1.0692521390393834,1.1714980068392515,1.1663247842744384,1.1217317283123602
2020-05-01,1.2239550044159602,1.2130913655520796,1.2535395460693548,1.2353610303813336,1.1895380014553858,1.28607822191153,1.3046142665873908,1.2702389204628826,1.2599194511780234,1.1097422601547682,1.0923083338731225,1.1171982793512218,1.1226926774657944,1.1408471701041432,1.0763074031720643,1.1800125845008465,1.1368623293368303,1.0859023567250614
2020-05-04,1.2197146390618154,1.197177508206582,1.256296297559159,1.224150634162711,1.192645022372277,1.2770699025647354,1.2931200750284941,1.2719348706361686,1.2630318281338164,1.1044214740660305,1.088747288950174,1.1195599498565505,1.1141005464327736,1.1433033095427583,1.0726816124759053,1.1756616145013998,1.1387741594516112,1.0873584817682087
2020-05-05,1.2192963689063545,1.1997665695226265,1.2685836559341592,1.2235613628171864,1.19899548107369,1.2866370258341793,1.3025612921027068,1.284033665875118,1.2757656409138722,1.1130858063475433,1.0951901772774053,1.130598126559313,1.1256768353808682,1.1466224513795797,1.080426531977623,1.1854717416645104,1.1498003065092903,1.0959831686221253
2020-05-06,1.204531125386629,1.1868413639433526,1.2560559877723236,1.2070484334335316,1.1841309433369964,1.2732184569591618,1.2869050817484056,1.2710893263439578,1.2642458428860486,1.1134031334547718,1.092550204497924,1.1187057868636943,1.1341733816146862,1.1387535378975413,1.084321357534092,1.19010639270402,1.1371897258123873,1.0815317793140244
2020-05-07,1.1936110461918032,1.1758116598698007,1.2656268100429031,1.1906196986711077,1.1735896177078702,1.2554652362999934,1.2703828339651377,1.2811009734322452,1.27848409438045,1.1041015688160238,1.0949520772141799,1.1311022382230593,1.1285945785674276,1.1386229582261564,1.0900515284885104,1.1949418775590595,1.1504652281198566,1.09829139886446
2020-05-08,1.2094106781652993,1.1937725133024537,1.2830622896179178,1.2090936296507762,1.1868121861586383,1.2657800083157413,1.2815447900695036,1.297105518526639,1.296004178268676,1.1175659820780282,1.111677273688116,1.1515750466082708,1.1242873349454605,1.1488172486921429,1.097494952196364,1.203709110357032,1.1713347651177244,1.1234511614864346
2020-05-11,1.2089207941731093,1.19687420451721,1.287289562318761,1.2120749019422494,1.1942849145900936,1.2600885904025874,1.2759485585980541,1.3029729878157896,1.2978983020749983,1.1100099358068483,1.1048695285424632,1.1505679139314435,1.1204233530655006,1.1403372402055283,1.0803657336374206,1.1867141289122707,1.1697125227204115,1.115800469361655
2020-05-12,1.1966751237758255,1.1886005540643763,1.2639047346289027,1.2069988414398485,1.1794694374094823,1.2497698183962715,1.2675846613706092,1.2790072879637475,1.2718649516960998,1.0903667159538526,1.0851110973067015,1.1266906393406033,1.1056124937091063,1.1206542163848352,1.0590560936166087,1.1640547953137335,1.1447188705479523,1.0885057130895486
2020-05-13,1.1919978444533184,1.1768767812996326,1.2487057289978043,1.1940257760728201,1.1795689777073315,1.2425066170045325,1.2601759426778938,1.2630831154828297,1.252975485236106,1.0825047646584354,1.0791158728602899,1.1073258710963163,1.1070584902150575,1.1267362097223164,1.0591960216219662,1.1637096234571604,1.1233140814665148,1.061349460731588
2020-05-14,1.185157717076761,1.1689402922565362,1.2586085131692262,1.1867843824989235,1.170667017415114,1.228993407434296,1.243664349248135,1.2732394039632726,1.2666826409841145,1.083608796530885,1.0780653511426663,1.117551710002081,1.1034837558677615,1.1282148009204254,1.0614369284543381,1.1649483250035961,1.1344181883372122,1.0763661536032347
2020-05-15,1.1933939111495209,1.1738630951389277,1.2658462927938257,1.1932107651170127,1.1744284606606286,1.227098085932035,1.243637032767436,1.2811762191727218,1.2727825667897565,1.0858173165050864,1.0759073999113213,1.120956293259333,1.0998046390580603,1.1235359557844915,1.0483684818644412,1.1518531462627415,1.1373745181330424,1.0776981470315812
2020-05-18,1.2197113502511716,1.2096761109906784,1.2992425923227209,1.2225138179244273,1.1958002180813931,1.2682739572747521,1.2861921869690438,1.3139545949702054,1.311871541534319,1.092651006911778,1.0828249512672787,1.1572193101772583,1.1130324773555602,1.1314185684199662,1.07010281341562,1.1749040103229527,1.1772026219772918,1.128548731394013
2020-05-19,1.207593321108734,1.1979208452308772,1.2846740359739164,1.218922610541315,1.1834041057594025,1.2663164033896879,1.2849124840491508,1.2983494504753967,1.2964875151096584,1.0875931852463239,1.075863569463054,1.1442514671442772,1.102659354459978,1.1206854334037275,1.0563947835986636,1.161325099682149,1.163588044376659,1.114399926783436
2020-05-20,1.2092908312598003,1.207340985965015,1.2989798545206075,1.2239667319009435,1.1867509621085959,1.2781685923179706,1.2971274665047257,1.3128873687007985,1.3147060887049666,1.0908081602123334,1.0776880616497553,1.1588333938819022,1.1047864715539235,1.1241071358883028,1.065513471791178,1.170124313266846,1.1791079508350293,1.1338774438287533
2020-05-21,1.2023989965906918,1.1959961948548197,1.2885934718788281,1.2121663084387786,1.1759754718525135,1.2609569234752964,1.2807896869500373,1.3021015905101911,1.3046343157602116,1.0721917835424548,1.0604849173881807,1.148798288868174,1.0870962389005148,1.1070997509042095,1.0393951597213047,1.142430995306578,1.1691542972920677,1.1258525619460746
2020-05-22,1.1973492799576946,1.191904321519613,1.2928069481194795,1.2017175367562838,1.1761565837365364,1.2578387879768511,1.2758678834249328,1.3065587660936346,1.3098406837873067,1.0738029474226825,1.0587175967316083,1.1527144816325783,1.0871610340869775,1.1069657157358683,1.0332197772911718,1.1361999058529038,1.1732288912142963,1.128439158428246
2020-05-26,1.2033103884095058,1.199540707517505,1.300125942252419,1.2096100456347962,1.173624289893453,1.2610923364730129,1.2780492983415337,1.3134987297674827,1.3225881952060365,1.0851118816326235,1.0709709003780248,1.1688781415839897,1.0912466424999154,1.1113897395098338,1.0455527076946913,1.1484968652516903,1.1918450941537355,1.1567783737511854
2020-05-27,1.2051133469139277,1.200361970365673,1.318111425463761,1.2031722854301024,1.1789700662474603,1.2572074417773338,1.2718914181190673,1.3316272068894126,1.343661446628749,1.1068850890423862,1.092944623552896,1.19179641109702,1.1035706685651798,1.1353307381769016,1.072615193534768,1.1793734146640757,1.2151809900406847,1.182324625985465
2020-05-28,1.2210357899104556,1.2140542681667228,1.325720042613885,1.2165973480422354,1.192910877753877,1.2767840268694362,1.2911386892996433,1.3391022188753507,1.3480843146426553,1.1183692983021347,1.1007015726064218,1.195752392398874,1.1135421673504684,1.1444536857782024,1.0746798346397988,1.1806953358419585,1.218164496006288,1.1788839803482176
2020-05-29,1.2303217668079234,1.2196774965991393,1.3368315209274362,1.2296783315378013,1.2071310831711148,1.296265731359166,1.3107432024308079,1.3505475179779793,1.3571044509475325,1.1338663195469578,1.118832392123801,1.204787644061836,1.1291510137723875,1.162638239138703,1.0948891858514647,1.202564947974867,1.2260535507342187,1.1814173174237312
2020-06-01,1.221549451536271,1.209767369276121,1.3349202013381338,1.2093693640630823,1.1996622058197712,1.279715223290953,1.2934428258673027,1.3492061380819742,1.3584576786883533,1.1330620108878082,1.117284875579989,1.208144482900669,1.1233578339682633,1.1625776188893173,1.101222856951719,1.208953734147939,1.230487106487013,1.1894404872335995
2020-06-02,1.2250995097631074,1.2120453444169235,1.344047905653082,1.2113950217666385,1.203912708972966,1.2788928809388145,1.2919880879212968,1.3573083701744209,1.3683648009480514,1.1312534086974337,1.1169761565049665,1.2177276995574513,1.1230586804320073,1.1600351926438643,1.0924430879021243,1.2000313972548997,1.2408185389622068,1.202446859062371
2020-06-03,1.2365512923050803,1.2209742817686182,1.3564136573000103,1.219470981134063,1.2122593287810688,1.2897601069776587,1.3031379942087509,1.3691616175723402,1.384765811997259,1.1317301962505233,1.1172695128995793,1.2317647029801837,1.1165931495393888,1.1529157672536987,1.0925942033019969,1.1993907308796925,1.2572644123984065,1.2282959401925158
2020-06-04,1.243345262138058,1.2249123477911223,1.3508373216187317,1.2177211169682178,1.2146770821163295,1.2811629508126554,1.2937801860544762,1.3624664867960758,1.3781034721966223,1.1314745672943807,1.1175174496753901,1.227942948932546,1.1107886207736828,1.1612883894578294,1.1027110000018645,1.21047619695313,1.2545975845921682,1.2287162018213778
2020-06-05,1.2619238634854133,1.2379365407166332,1.3770348066641112,1.23412180202049,1.2217633382073005,1.3012681518791531,1.3154000902613971,1.3886986835460695,1.4103368808242032,1.1350724966475862,1.124251896306311,1.2527245833044598,1.1248304449251902,1.1592799311582165,1.1097400953912684,1.2165180393601576,1.2817234214566955,1.264878358378863
2020-06-08,1.263862320778076,1.2367351506379596,1.388978729605432,1.227220165114086,1.2337524072972728,1.292939727078133,1.308421439718868,1.4009210236762348,1.425585037998303,1.1442811651565772,1.1344704044238445,1.2681767909395196,1.1254788351281786,1.1729160878446339,1.1123985001174483,1.222068257750424,1.297779855216887,1.285892079504924
2020-06-09,1.2540532739558001,1.2259399420787136,1.3790721546679077,1.2153463966827052,1.2290529262318965,1.2727794589264072,1.2868768760743494,1.3903450760765272,1.41304075114434,1.13089956515764,1.1220987235407462,1.2512407907963938,1.1189932088876071,1.160775069420517,1.104787849520218,1.2098458266870888,1.2794658729309396,1.2610862844284458
2020-06-10,1.2448628503467223,1.2219458719327858,1.3760472705062878,1.2041144584953116,1.2278200625393627,1.2666449826827662,1.2804311641712143,1.386334065391925,1.4052507953662072,1.127082154669596,1.116378954817921,1.2408558438547637,1.1206261327991933,1.1557329371414655,1.101565541714517,1.2069619312328455,1.2681239147621153,1.2403867175919756
2020-06-11,1.2030561714105643,1.1878809598061018,1.3026535583755396,1.1723859192336,1.191030213038223,1.2407940422203798,1.2550335297252861,1.309801678009195,1.3207626666054904,1.0974519234079192,1.0902810748209861,1.1746858764203896,1.096361025271634,1.1306908055883123,1.0819532532028264,1.1837649728182886,1.1994383506040158,1.1605537165196453
2020-06-12,1.198358133802114,1.1857340584839122,1.3147977321172548,1.1678131859227794,1.182823232846093,1.2333724599508988,1.2468887009252179,1.3231109670475871,1.3390468949815293,1.0882247015013098,1.080708458840923,1.1860891237293363,1.0833029505203438,1.1188686991894898,1.0724450975198403,1.1733637826285965,1.211505667671037,1.1808096993635124
2020-06-15,1.1967961676215575,1.180878173044246,1.3219542254298344,1.169339357539239,1.187850274294847,1.2434839541340967,1.2573936550393106,1.3305333236675179,1.3491213629025243,1.0925466366492682,1.0863448456421643,1.1990543554368207,1.089335329819432,1.1272849142284835,1.0778608412948225,1.1804773030325972,1.2241250059851378,1.1940679714311815
2020-06-16,1.2197866222089355,1.1964055330657393,1.3480051934940642,1.178824350029425,1.2052038070893916,1.252302736086611,1.2667434645985634,1.3567294314200646,1.374663493108586,1.0982949414159924,1.0948918985059257,1.218811689719158,1.0894325184202762,1.1334470505353442,1.0810601267997788,1.184540355887816,1.244659353592021,1.2160937850782685
2020-06-17,1.2157468696641653,1.195126695917925,1.3452603569685044,1.176994208449628,1.2059804610637206,1.254479054793957,1.269402814776694,1.3532772923879335,1.3700142364088177,1.1021414646236907,1.0973850336620128,1.216339149327673,1.0962461136249275,1.1315110860875384,1.0797644905107349,1.184178733015726,1.2414643413579276,1.2079065989829696
2020-06-18,1.214799034169597,1.1876417186162067,1.3458259762600537,1.1757192964759369,1.2057836796663262,1.2577792219184907,1.273619154331759,1.353891856880938,1.3704634713242492,1.1010656381073896,1.0977547624752644,1.215646299767544,1.0953134131093383,1.1324439004365396,1.0785682576220426,1.1833570217286988,1.241133934687697,1.2074172703017532
2020-06-19,1.226392773067773,1.2071183001403092,1.3436360854964662,1.186477879224529,1.215886275129083,1.264308659724697,1.2800878166797263,1.3502242809896419,1.363193960586217,1.1067798428465359,1.1017036817664168,1.2109332244332576,1.0979527214471752,1.132224485874845,1.0856053792743696,1.1894178396950148,1.2364919548875135,1.1967131913447684
2020-06-22,1.2190471333215875,1.196720661335195,1.3464841178202698,1.1785758325876052,1.2155345859327413,1.2594387956742923,1.2749289371592756,1.3536343822219519,1.368173048423783,1.1045755665947776,1.101701315796732,1.2132424642750417,1.0952031015625876,1.133214610594693,1.083326360423762,1.1883306785659489,1.2381539645980901,1.198759564750162
2020-06-23,1.2218389523867286,1.2017965113314475,1.3496558834739023,1.1846764340289864,1.2171240953904947,1.2674430729894506,1.2838232348395595,1.3568895442545734,1.3717121020126395,1.0995315466894116,1.094980560315947,1.212076885802739,1.0906295295871615,1.1304994959519505,1.077051871984057,1.1806277064496427,1.2373268916935631,1.1996994046014144
2020-06-24,1.2046489641522966,1.1844481272641092,1.3195770504559678,1.1687905611805607,1.1999949566081176,1.2514326612423317,1.267876494326891,1.325973158745835,1.3369825792635834,1.096926074037453,1.086324567517678,1.182712820516774,1.0843843016215682,1.1227344340141436,1.0773404473316182,1.1790469668186898,1.2071235984276438,1.1620207553898199
2020-06-25,1.2097358939014557,1.189353712932387,1.3321552716934904,1.1680254895422761,1.2015771847319947,1.2498332119704474,1.264578624120116,1.3384133888791097,1.3510810588697066,1.0974726883414858,1.085250774052099,1.193025092456691,1.0766573494789422,1.1204639612289227,1.0692387620731565,1.1710235054957545,1.217341499167122,1.1742694962088498
2020-06-26,1.1803495054956026,1.1611589722079096,1.304379366038731,1.1329510190153091,1.1738064694932862,1.2131631499303315,1.226623718063189,1.310263231090696,1.3196166632160016,1.0849646622663485,1.0764395761338352,1.1725979195372158,1.073852437878136,1.109510176804386,1.0575917816813758,1.1592112603536238,1.1961474095067797,1.1494164728136504
2020-06-29,1.2023022749042573,1.1838688389577738,1.3208758910846208,1.1496045259042769,1.1932079928199208,1.2326419510472055,1.2476070827559167,1.3269965589918993,1.3376797253159778,1.1040312316223375,1.095197884073037,1.1899455015775093,1.0881162095908412,1.129281385425519,1.0777883640103214,1.1822737231855793,1.2144388671956088,1.1700723579767582
2020-06-30,1.2100111123538873,1.1953025229887768,1.3381010976763636,1.1633433754039346,1.2036483405075857,1.245482271270367,1.2593398682025274,1.3444049288183868,1.3552965431383772,1.104746514777294,1.0995850648432843,1.2072751100695431,1.0879679819284946,1.1272459261563925,1.0756314069146606,1.1797249862265888,1.2318858329434996,1.1877010155106318
2020-07-01,1.2245810497469622,1.2054037452495652,1.347362785726538,1.1794116205476664,1.2207664869562458,1.2722005116831905,1.2881832139988971,1.353547437442425,1.3633711102846182,1.119383298715105,1.1086652788322073,1.210041922415046,1.0989859637562114,1.1397077774692659,1.0890685937871436,1.1934238240111632,1.2352385204124352,1.1875903744525895
2020-07-02,1.2291147527659694,1.2108023154962144,1.3532602071496578,1.1823005444165566,1.223622380194217,1.276956413889697,1.2917791172787054,1.3592154609714469,1.3686807659571778,1.125293488035286,1.1153862714508882,1.2168773062568146,1.1068551221304788,1.146108719403844,1.1000443040426304,1.2048985929345426,1.2420878148002128,1.1941021592386378
2020-07-06,1.2587101224804624,1.2523755673518653,1.3681636662976258,1.2257986160476342,1.24549565258509,1.315712560898782,1.3325491041835769,1.3745529232012448,1.3838149319443918,1.139808872709987,1.1313671680337045,1.2286515928677741,1.1141692383937718,1.155554347460841,1.1161951020237426,1.2227305527806256,1.254157816357245,1.2070007120597603
2020-07-07,1.2720257681619194,1.2604506017298358,1.3616266283302774,1.2346129222335214,1.2534617110904502,1.3311529874879124,1.3491972366771323,1.366910568280013,1.3709775471807528,1.1466898015695581,1.1360522987444759,1.218869793754653,1.1176487601174592,1.157064202472552,1.1162653044606605,1.224073183085476,1.2429859070536748,1.1894861670191041
2020-07-08,1.2636119248886268,1.2500857088920336,1.3661839340453037,1.219131838347769,1.2472577961518274,1.3131365242976116,1.3308782023862769,1.3711719354432603,1.3781423241380468,1.130514942481221,1.1234735132984202,1.2205155235474672,1.1063149878344316,1.144901996332132,1.110683988472086,1.216930316990775,1.2450868384057527,1.193182524295617
2020-07-09,1.2578828938757507,1.243578246287673,1.3585891593973274,1.2116236260364626,1.2400184198976796,1.3022449776112779,1.3191138742803483,1.3636875412200762,1.3682898095966727,1.1291460773946604,1.1199152357136675,1.2116233994270498,1.107084402834025,1.1419136360752065,1.1085613219080621,1.2133902926651277,1.2352782838213003,1.176928982734345
2020-07-10,1.2726793907568963,1.2590682458946658,1.3695303920865052,1.231937828154513,1.2529250016101152,1.3164046442035597,1.3354796066383687,1.3750229685176814,1.3814251607367434,1.1405935225111046,1.1332543778230852,1.2237883646361274,1.1140666843043132,1.1541126539858961,1.1145629800727073,1.2214887585664083,1.2476033891833855,1.1935675184150016
2020-07-13,1.2728420399339562,1.2670674779710285,1.3606991792675058,1.2419881060054487,1.2524394245295503,1.3175137279162679,1.3390203727197607,1.366186708545592,1.370996447179424,1.1397759301908696,1.1351984413692597,1.2156278952059465,1.115843998279465,1.1525425567968186,1.1075842410171648,1.2143838319077558,1.2398015288157163,1.1868772464567054
2020-07-14,1.296683181612389,1.2900876160106303,1.38111235158193,1.2709224799701677,1.274521608606579,1.3489840348335063,1.3721690612533914,1.386334206808685,1.39092289679047,1.1565585850022198,1.1540010305973423,1.2368755773058702,1.1352958019246828,1.170702601833591,1.1306281593088683,1.2384932127014692,1.2610968215369958,1.2061311801385017
2020-07-15,1.2997409859293851,1.2956753759601345,1.3921703388439588,1.2742088382324108,1.2740476286693359,1.355219599818829,1.379589077183536,1.3972410153217163,1.4052508378008364,1.1681494051882961,1.1657532186552642,1.2520370347759964,1.1461425250890318,1.1809833764124498,1.1418656148478006,1.2531799912612651,1.2775161039556824,1.228962811429556
2020-07-16,1.3076972792299342,1.3037538273327602,1.3909259033363508,1.2877565181264867,1.281636800964197,1.3727596511377866,1.3981314349287002,1.395343512998846,1.4011526408025825,1.1706973572892436,1.1694674125497369,1.251955371365288,1.1539970556485806,1.1823088497987797,1.1436058885030136,1.2554147591198686,1.2774172476606056,1.226941711586749
2020-07-17,1.304082634404739,1.3066987557855703,1.3996328567162968,1.2915300442308524,1.281655070100393,1.375299278678106,1.3986166690464659,1.4039495188161668,1.410055374096712,1.1683485665831523,1.165989636801875,1.2603636514520136,1.1558791114958353,1.1781802500148122,1.1350966006923968,1.2463292467456986,1.2862936642199543,1.2333506994367798
2020-07-20,1.2968210096713169,1.2986974372280886,1.4032262629428058,1.2786271160103646,1.2787141051581734,1.3610227138245785,1.383465350567244,1.4078107459297886,1.4141898283923404,1.1605071201126314,1.1585047439634273,1.2601919023775947,1.1491354244232697,1.176691700100194,1.14287347715646,1.2520056949729328,1.2859642919291934,1.2290552320146149
2020-07-21,1.3002654405632188,1.3037094385352803,1.4041223028682,1.2827945680559536,1.2771099140122113,1.3667087221300231,1.3885797195575968,1.409133778765651,1.417348486371395,1.1719023920212592,1.173429633717071,1.2654468798666836,1.1549996912590388,1.183579238226378,1.155287956454831,1.2635331230299334,1.291542449753338,1.2394680309713344
2020-07-22,1.3012910439833978,1.303683284851088,1.4119001603771706,1.2821521535590767,1.2757610970411466,1.3533609728335512,1.3776940869870846,1.417462745607534,1.4265127654028815,1.183761259275985,1.1882000842528877,1.2742884237937895,1.160127024246109,1.1900543399391161,1.15704345732835,1.2653609875574203,1.3011537853138404,1.2488630221198571
2020-07-23,1.2981491285589541,1.2977366028306658,1.4019845646676026,1.2844381643896088,1.2725622184487717,1.3624087773091662,1.384912540235388,1.4069173848350858,1.4149331961645284,1.1783454266679398,1.178695668884131,1.2697443907546326,1.1559965617722678,1.1815886424549649,1.1467515817680431,1.2536222025757793,1.2957632099510377,1.244699951843429
2020-07-24,1.2934529322026806,1.2899600539623726,1.3954645562136758,1.2830908235233047,1.2693428342560422,1.3532396749373155,1.3782661110524521,1.4000961141779042,1.4081755363406288,1.1650407694006581,1.1640363281764223,1.2617522254723386,1.152216204297284,1.1723993474666494,1.1315720037478998,1.2383638428511041,1.2874556635601466,1.2359431488633172
2020-07-27,1.2992148239028736,1.2964663167037103,1.405793237344354,1.2877783450774052,1.2771031558360393,1.3702134947093854,1.3950891024876617,1.4096428230681566,1.417165718741219,1.1697721265787009,1.1661299035166044,1.2702993610238995,1.15864287349339,1.1728898585438912,1.1378352456219756,1.2459308439296888,1.2959171437369343,1.2417305398789196
2020-07-28,1.3064512384150393,1.3055949053394733,1.402499482153681,1.294673449424081,1.2849267366853445,1.3679565618308875,1.392743786337382,1.4051262912056024,1.4107486652648638,1.176655814988525,1.172037515034303,1.2640062653131396,1.162162342183016,1.1818383654458111,1.1395462444819309,1.2474578033960793,1.2893116458679759,1.2341907053620282
2020-07-29,1.2988405155208458,1.2989259025919424,1.412901374248104,1.287790903622069,1.2787648289025049,1.362042104560064,1.3835543096472112,1.4161452241280954,1.4249563125204525,1.1778417565288335,1.1723140710032505,1.279447040796286,1.1631423693095773,1.1869359687730632,1.1332182384204559,1.2404534223012447,1.304802856212958,1.2525023237616677
2020-07-30,1.29995195715843,1.294083083480691,1.4090197577177996,1.2880100727474995,1.2779033006020932,1.3554389195571146,1.3792296325692046,1.410326955608237,1.41766960326016,1.1808532138400756,1.1731830224351834,1.2736925709529425,1.1630239143755667,1.1815107316965396,1.132782820487863,1.2399052877569752,1.2986051684158488,1.2433848199186852
2020-07-31,1.3087857186983074,1.3061775397618944,1.4102765361608356,1.2985755861816102,1.2861044278282445,1.3723875891654447,1.3979517943661355,1.4106955896875757,1.4174984820316423,1.1939973457631672,1.1830040054372084,1.2757126824587957,1.1869751883195512,1.196116521800756,1.1490341594726212,1.258058591970638,1.3006424072388232,1.2426439491194936
2020-08-03,1.3138108840221108,1.3098382943391964,1.4175826098447706,1.2985952541765462,1.2879917578042186,1.3720821165992503,1.3975436680330828,1.4183941407295848,1.4245827609857111,1.1946311706340706,1.1828136200925419,1.2807565261325442,1.191533326545642,1.2021599191031764,1.1525942626145638,1.2600612008081098,1.3051640999205052,1.245949837060855
2020-08-04,1.324173243996506,1.3177347969856013,1.42602763714941,1.3108393270239145,1.299169613660591,1.3818587138300151,1.4066739372862072,1.427698120347211,1.432778191258402,1.2143787305184135,1.205763620943176,1.2870176066994075,1.2118507422451752,1.225510228807629,1.1809948370780747,1.2923561166279043,1.311555144034737,1.251435625802218
2020-08-05,1.3253704996299047,1.3180395799661602,1.4282323487333726,1.3124741774461692,1.29519955061163,1.3839347195731762,1.409754922989673,1.4314763969065591,1.4399539869507196,1.2072459051578666,1.2040670986335766,1.2888941018662246,1.2038379865029736,1.2166015123508647,1.1643888214802787,1.2764745538846893,1.3142381119583175,1.2584279518892012
2020-08-06,1.336576489022825,1.3332342014479441,1.4335844597678464,1.3343597988860316,1.3048365316523394,1.4062700853389418,1.434067686986091,1.4369650996867036,1.4454312809036758,1.2206248298904943,1.213686810300169,1.2879496397543142,1.2183924427092543,1.21951153497283,1.175820973972722,1.289460772355098,1.3142476093669428,1.258190494694881
2020-08-07,1.343993557565482,1.3396007330669868,1.4388100993638793,1.3417149123016887,1.3100102107823988,1.416251101222154,1.4441976946442328,1.4415996079283895,1.4513236369999676,1.2267775744709732,1.2208498347950543,1.295019639395984,1.224923911029553,1.2234839184204103,1.1715217081300635,1.2870256097003896,1.3224293195342491,1.2681583258853428
2020-08-10,1.3485247361281822,1.3425174324477924,1.4403640009953478,1.3461660700710392,1.3145182591702655,1.4250321154736447,1.4525836961238787,1.442466746558648,1.4540506206469674,1.2295474337790522,1.2249316047265557,1.2979128147273662,1.2243764914003066,1.2206849481506024,1.167001266503677,1.28265919876707,1.3258137672177641,1.2779182887441078
2020-08-11,1.3429134828019045,1.3425692067187835,1.4294158800704615,1.348743448027438,1.3056780523341014,1.4243696120451603,1.452423813450663,1.4316043475223617,1.4452332988508327,1.2193471052392097,1.219561643939157,1.2891184921921517,1.2204900780523,1.215065319308985,1.1643057031977644,1.2780123093682252,1.3168328538541294,1.2739113318927304
2020-08-12,1.350199923801462,1.354878045221741,1.4491146958117587,1.3529256850904963,1.316306173808786,1.4174370246642263,1.4463866187338903,1.4514762400209544,1.4645417923166684,1.2266135479304536,1.221334389085664,1.303120594127057,1.2200867037284033,1.2187536304949882,1.1630416103640213,1.278393436671009,1.3303916266780575,1.2840804238043266
2020-08-13,1.355086240502609,1.3632573969638682,1.4461089238298988,1.3575367593478407,1.315757514951088,1.4207547005766923,1.4514045991062179,1.4481288392161862,1.459966993661152,1.2302799132325712,1.2228669036566964,1.301948728188147,1.2234087093814785,1.2256721537218154,1.160664868755828,1.2783557678733573,1.328982159863484,1.2797079796314215
2020-08-14,1.3562840353453471,1.3623492558854808,1.4455905187554938,1.3563336517127957,1.3169580773809346,1.4169302591679351,1.446505741375061,1.447452297593471,1.4595410732064915,1.2308259857764334,1.2242191905578954,1.302047835101397,1.2233772578290367,1.230204628566368,1.1601226890552787,1.2774989760822728,1.3291905503099117,1.2811593404011588
2020-08-17,1.3641223395506883,1.37126933714078,1.4530327566319645,1.3728057575027748,1.3220130411926183,1.4263801314805025,1.4570136245821672,1.4550503180460694,1.4643606144956087,1.2395452353113803,1.2308767283495494,1.3074588147012614,1.231089656553788,1.2369218305578622,1.168103791459723,1.288494814629978,1.3344447940953623,1.2820618536213304
2020-08-18,1.375958319819194,1.386520588007795,1.4565352376756746,1.3891454724224777,1.3357093853316342,1.4559223505922798,1.486677291542844,1.4581109303200854,1.4653412996373418,1.2489142109585738,1.2429748023707659,1.3073290147882903,1.240748924780475,1.24588439707913,1.1783267852985806,1.2992305554714252,1.3341180248074314,1.2783343975431511
2020-08-19,1.3720686027144238,1.3776942165550856,1.452906886285536,1.3796293398987078,1.331655913300234,1.4470549242986845,1.478338172296088,1.452114827028849,1.4604104496038963,1.2408957341086018,1.2373956291248018,1.3015495324614723,1.231015120746543,1.2380994297569161,1.166981718246277,1.2859075947455756,1.328525543058204,1.2726958626272746
2020-08-20,1.3656758607286095,1.3723288315676847,1.4527850394110278,1.3716980134259087,1.3321468685837958,1.4403421023134388,1.472771005077457,1.4517905777101225,1.4597641091394773,1.24279284513725,1.2349127350189741,1.2984485691960819,1.2371971588992396,1.2430764136255483,1.1703934531019669,1.2909699121531726,1.325456514982621,1.2672240997302917
2020-08-21,1.3592850481301135,1.3743519868405532,1.4556486602520973,1.3699055573465262,1.3253998119841117,1.4222254685515021,1.45552819902483,1.4541833951780743,1.4625735404649343,1.2422716796632027,1.2315093702274518,1.298010007834275,1.2359198344672178,1.2395574527718578,1.1699158315194567,1.2905392043441206,1.3255422776858479,1.2666360341007779
2020-08-24,1.3645475831233933,1.3764576694439261,1.4631711093457997,1.3728997478478664,1.3289186159343955,1.4224793094735042,1.4558247235558435,1.4613734140791819,1.4739465866123815,1.2506057971405558,1.2435555035661667,1.3077757446435776,1.2439154340693788,1.2456296020933246,1.1800000975904443,1.3014048883592588,1.3362440995663285,1.2835582274301855
2020-08-25,1.3685397675251576,1.377426680827362,1.4685324774284003,1.37836726783716,1.331809825967221,1.4361519781047907,1.4673258885252787,1.466712396898087,1.4803917530743549,1.2503375456093913,1.2413776862352957,1.3097095448581952,1.2495945567025681,1.2475725357962018,1.1834363009056563,1.3050675731106793,1.3377862797785998,1.2843942515059432
2020-08-26,1.381212304439458,1.388479617773279,1.4806225956288246,1.4050825837850427,1.352390015958296,1.4854795238089882,1.5178270635651243,1.4777586042327269,1.4924520683326674,1.2634246391885302,1.2521703756756464,1.3138912199193722,1.2713671301838907,1.2597591182221104,1.205715238315468,1.3264810002545604,1.341901683769337,1.2842969126190733
2020-08-27,1.3834582259889963,1.3863854840457612,1.4849537366551786,1.3974744241352688,1.3516051572765855,1.478562401171955,1.5097919885191753,1.4827998942014224,1.4972245540567646,1.25746941275943,1.2475209253838,1.315990713222319,1.2590724488952183,1.2548880398826157,1.1962183617972495,1.3154764205470035,1.3443916556156785,1.2906240427471631
2020-08-28,1.385619907372992,1.39093864695954,1.4936024159743442,1.3996633026308831,1.3520543100728173,1.4745965246436419,1.5060315209401163,1.4916858250431488,1.5083514245102285,1.2514870155536642,1.2416333853015682,1.320686594053855,1.252116288492217,1.2496434487782309,1.196565327294025,1.3129196742210703,1.3497910797470405,1.3004716684093502
2020-08-31,1.3830425356219989,1.3910907810202224,1.491620958666758,1.4049648875398288,1.354966219796872,1.4793319228674213,1.510545003778993,1.489340235484158,1.5039162613106114,1.25614191859157,1.243192128736278,1.318797790468636,1.2535789932731007,1.2534399982757278,1.1933753965550347,1.3100206256704396,1.3476621325128217,1.2923160113561167
2020-09-01,1.3816890588065944,1.3828077935765921,1.4949511286114494,1.401919861724415,1.3557606828963173,1.481283744606447,1.5119598242302663,1.4926685704207245,1.5093521047256562,1.2542564997360293,1.238586546066558,1.3199176827476464,1.2523050615457667,1.24696446261116,1.1846224623518167,1.3019149562509285,1.3488924124790551,1.2964464271908214
2020-09-02,1.3989122573737354,1.399457586267771,1.520690411524572,1.4107027632870666,1.3711903712071571,1.4872108398282249,1.5166935710865497,1.5193536136939063,1.5367684079929125,1.2731906233769048,1.2603975742748728,1.3449450130071425,1.260033358124982,1.2633737453114762,1.1909742191695778,1.30994912656661,1.374264644964199,1.3213218654616363
2020-09-03,1.38294696033205,1.387618333124224,1.4772202219542752,1.4013759973440152,1.3467326610080805,1.4826786188224854,1.510943332736216,1.4760459523486984,1.490648598860407,1.2500956504240148,1.239521159795754,1.3079607789053922,1.2391118382863768,1.2400745382103526,1.1781494570110271,1.2921574509049918,1.3373346748489185,1.288333676312263
2020-09-04,1.3777354271954856,1.378869825884242,1.466242583563684,1.392446465933568,1.3392333423851561,1.4713912308785282,1.5000077256343916,1.465644298029773,1.4800721559329515,1.2389295458741354,1.2283028237591183,1.2985162479788037,1.2283275818439299,1.2284250513097934,1.1714587040820452,1.2861437321095606,1.3277858602030208,1.2829744617469527
2020-09-08,1.3657290019375825,1.3611774832105827,1.4366599450422288,1.3795104581442033,1.3182294228724347,1.470748006290293,1.501883708568671,1.4371021298126951,1.4482435124334276,1.2276692470334787,1.2176027221844632,1.2725303733278548,1.2269040686057147,1.2191251936073786,1.1718484949630543,1.288002926355965,1.301865013501766,1.2561994815286597
2020-09-09,1.3792924972928826,1.3758593322021544,1.4631132863156258,1.3929049850794732,1.329447925964818,1.4809062647021984,1.5117157389259857,1.463774839487589,1.4752610091276035,1.2496760944616865,1.2394903508142616,1.2948574099024326,1.2432639051421777,1.236817548554736,1.1869054635161198,1.3043753146451493,1.3244615170208678,1.2749619495940965
2020-09-10,1.3655733057922108,1.3607740142181197,1.441044239253254,1.388671849635172,1.3101267341657312,1.4819100687822468,1.5119446306909803,1.4418791748949409,1.4530367631444834,1.2368479505494827,1.2269275924529581,1.2762934738678522,1.236668711217166,1.2187324589490418,1.1753930183851324,1.2906604435189437,1.3053276822359563,1.2560661709416963
2020-09-11,1.3700917656272387,1.367326328772833,1.4455610460489183,1.3982047316974164,1.3154872256935881,1.4898561477684118,1.5214197286806752,1.4481384377376092,1.4574136140940233,1.2379715879167903,1.2300293718588433,1.2799727068909132,1.238160788535858,1.2203982027992706,1.1681963948164105,1.284190033036952,1.3091376748748227,1.2607884510736616
2020-09-14,1.376036505353106,1.3738627709640765,1.4638025482270285,1.4066246773613211,1.3209321198179107,1.4891988710378419,1.5181041928216172,1.4659330417225989,1.477324703953549,1.2441392084865412,1.236353992671191,1.296046499602925,1.242650172969784,1.2279418362289154,1.175159152856885,1.2913274211281625,1.3257450286920125,1.280770297129789
2020-09-15,1.3845251110001666,1.380426728734642,1.474001472560903,1.4230143560467239,1.331318148395876,1.507295788316209,1.537355148281906,1.474608989196932,1.4863893444124276,1.2459397472633278,1.2357025892263078,1.3001673374528158,1.2428433058338733,1.2277021192313442,1.1725088015478968,1.2904271799912421,1.32947816511027,1.2832543525220965
2020-09-16,1.3809458519674516,1.3707349353866582,1.4682624385226117,1.4105174705968497,1.3190335308588463,1.4978644100391805,1.5279956717413694,1.4700447776914491,1.4823540800955464,1.2414201566417211,1.2331150740133083,1.2996828390207689,1.232087611065131,1.21869556258256,1.162083363316938,1.2807118649311795,1.3291617185200728,1.2890722964246357
2020-09-17,1.3709568495095135,1.3622569340518442,1.4586534089243006,1.4025493255221826,1.3113355940909486,1.4893318699151474,1.5199977265179914,1.4607622725957603,1.471761508691623,1.2344072644183282,1.229164279492701,1.293095932852731,1.2270233817777338,1.2157073881070999,1.154631510646583,1.2734089055726285,1.322228489972154,1.2820189659312637
2020-09-18,1.3709508750563297,1.358536857530028,1.4474456359873578,1.4056588409711877,1.3071179881548023,1.4921048208454313,1.5240228757663257,1.4502166522326065,1.4582444540462594,1.2311284837616154,1.2289102630382382,1.2821015001717413,1.2243554974565314,1.2155561757672335,1.151709548669433,1.2697046251184136,1.3110691284792033,1.2682316947693042
2020-09-21,1.3552044298773285,1.336987013408586,1.4316350133876858,1.3805656713729904,1.291082254623154,1.4551939250429975,1.4861283692006806,1.4331707682214958,1.4397098721510642,1.215468930971183,1.2122855678237239,1.2632804292234947,1.2067971023527633,1.2015110492723682,1.1380016713159964,1.2539163043514563,1.291067255270569,1.2409193535401912
2020-09-22,1.3744430076823957,1.3559101343392015,1.4442089979228792,1.4081990565750977,1.3155898325508744,1.499869684153781,1.5308061195088496,1.4449034898024133,1.4503263526574905,1.2330948051470896,1.2311561806584617,1.2727708322040951,1.2278831111241495,1.218718058603709,1.159754831174478,1.275664607971195,1.3002317470416722,1.24788225713659
2020-09-23,1.3700891307380836,1.3507823600292093,1.418680442896293,1.4038162284465998,1.3041519871360072,1.5009037803163034,1.5312549872334769,1.4205639997617745,1.4217224106269293,1.2173972878346377,1.217418739216904,1.2486488050478164,1.2174587646698858,1.2046668691036841,1.1497060061591056,1.2636733717345008,1.2758032881738386,1.2209999992078602
2020-09-24,1.3686202733817627,1.3508974474688757,1.4201273549533153,1.3997050905403694,1.3062260240982275,1.4914141977964728,1.5208974290359139,1.420507781162613,1.4234172766227002,1.217691345101621,1.2141055244439602,1.2514345965000218,1.214298660123661,1.20318432305387,1.1444241654061198,1.2567126382114862,1.2785618070394018,1.2234904490092033
2020-09-25,1.3686733581874422,1.3506969960241937,1.4378152182412607,1.3981763722318632,1.3093222335799735,1.4874344321305684,1.5132109531141515,1.4382226852956619,1.4439542798032217,1.2241384999632017,1.217379353092852,1.2685005209536375,1.2198709541098625,1.209841629048843,1.1514267697954204,1.2630318097705895,1.296287117334619,1.2413645077805961
2020-09-28,1.372953448492908,1.353278940210178,1.4564841530134771,1.4002391722041991,1.3144255595308756,1.4897236205807953,1.5153519134035331,1.4568605016203822,1.46546884978805,1.2307205491564677,1.225206020103176,1.287257742753524,1.2278565105495223,1.2178605405271055,1.1543504263125794,1.2683513760364904,1.3155214938175304,1.2632915252981285
2020-09-29,1.364594769859827,1.3458137303272097,1.45193807725815,1.3952677503632678,1.3085292025950341,1.482758920976727,1.5072907810179994,1.4526290177990582,1.4600725265334478,1.219750487022811,1.2158501261199064,1.281436114439516,1.2184884898625539,1.2073220140219216,1.1402610357202123,1.2526280343045368,1.3095607268168958,1.2555024391485365
2020-09-30,1.367424411822162,1.3525431853388736,1.4641006016463864,1.396579740357678,1.3096028866530296,1.4704175207717711,1.495313668601646,1.4653814909322551,1.4731268383412968,1.219240295211372,1.2165673094886549,1.2895674395651902,1.2142568718601472,1.2054755604846072,1.1329098765056052,1.245966031565098,1.3181526120647533,1.263713282474176
2020-10-01,1.3715775437236193,1.3527898195659438,1.46980128116221,1.404282772309145,1.3209513786340619,1.480807545546078,1.5049231814118573,1.4690301347178782,1.478044694371763,1.2171494609214752,1.2133018853719415,1.2926231672015636,1.2131396870268534,1.206935712775688,1.1356709139058792,1.249449809578706,1.3214249057818608,1.2667485281967017
2020-10-02,1.3618238716921967,1.3374394591936734,1.4558394081563506,1.3836014218142225,1.3022776938036609,1.465208407657929,1.4884233078205065,1.4561435650660388,1.466210977492793,1.2122755854652556,1.208203119676433,1.2900732030868092,1.2107085954566483,1.1987800185666426,1.133260672792337,1.2460843549377543,1.319061639989467,1.2693867778760184
2020-10-05,1.3762818621304695,1.3519104074014325,1.4784679576604567,1.3962973647783092,1.3230918651516241,1.4795212377814557,1.5021847553047531,1.4791028233833796,1.4901814608768422,1.2145149554916652,1.2107720179868535,1.3101246235435335,1.2156040313165404,1.2062827762551802,1.1349068782123128,1.2480307531320602,1.3397533441480591,1.2913771734432355
2020-10-06,1.356978297040301,1.3321038450653493,1.4595513871874286,1.3783198806356523,1.304294063797218,1.4613388903263904,1.4814872220135749,1.4599194908746929,1.4712781320539101,1.201860912320935,1.198309934681542,1.296862608852377,1.201457463930928,1.198435690107515,1.1231761791259105,1.2347855523054785,1.3262888058737587,1.2785759913856436
2020-10-07,1.3745241085996605,1.348502652284969,1.4844948993383438,1.3942812485208311,1.322136607539326,1.4762089844606252,1.4970866273951695,1.4848930893296268,1.4976099293808498,1.2102559330200606,1.2061779983130934,1.3163900670986064,1.2146696607608929,1.2106746117666272,1.1275244745647062,1.2414993378638741,1.3466870508966156,1.3003688663953046
2020-10-08,1.3830599775583992,1.3580880037453607,1.4948402401797398,1.4009641972820355,1.3332988777318593,1.4890434543712585,1.5100362681102728,1.4949089695521478,1.5094539933368303,1.215318340336675,1.2105660591826963,1.3290650957974521,1.2171534887562103,1.2148499056605353,1.1264210875259932,1.2414472466862951,1.3599455875611686,1.3169695006153281
2020-10-09,1.3931708100769298,1.3744473879764152,1.5057815974722646,1.4140323380415314,1.3477028387450514,1.5109323891292419,1.5318574500497522,1.5046938838008106,1.5198116368724075,1.2225139677128085,1.221129859336809,1.3374364034049646,1.2296796228142426,1.2264889362704914,1.1472948997173205,1.2616655993866508,1.3683315929209654,1.3222609400643817
2020-10-12,1.3988203573491433,1.3875019070229082,1.5211178238190128,1.4216091878429473,1.3532974819897767,1.506763634182099,1.527904166737081,1.5198523069009935,1.5362317038635815,1.2260599663557337,1.2284335857584217,1.350050682850653,1.2336074094802374,1.2307944916640041,1.1467835181888628,1.263271284144689,1.3810278995417786,1.33332523292881
2020-10-13,1.3978784424710458,1.380272844285144,1.5145265357664983,1.4199657891238116,1.3527229120287914,1.503541249076115,1.5242177109757256,1.5131163846348246,1.5279308048189535,1.228248041552748,1.234340759537945,1.3450213942432885,1.230919486980226,1.232184993537369,1.1479030485835158,1.2656188807551925,1.3745794061822059,1.3222050363451832
2020-10-14,1.3857232348198705,1.3685769878715441,1.504029007416819,1.4095387555464574,1.3380287269541489,1.4866437966326305,1.5086475330415632,1.5024810819373198,1.516970724334333,1.2200787053590636,1.2260607931370904,1.3386821397732995,1.2210080978814897,1.2214389859634895,1.1365769680435918,1.2542249271908623,1.3682077396553936,1.3174566570707285
2020-10-15,1.385000357795566,1.3528943395779973,1.494102133995642,1.4023792815747913,1.3294425894046271,1.4818395927400831,1.5019221701416767,1.4941750811761552,1.5101433127053465,1.2289418894322122,1.2325171152087302,1.3390387017352823,1.2243688109064994,1.2240702109409225,1.1496345310918348,1.264350374966531,1.367865812688931,1.3205802092964856
2020-10-16,1.3903439242462987,1.3568021855255041,1.5004316427390247,1.4011273336043044,1.330238897762267,1.4745130716959955,1.494843903140847,1.4997146801791283,1.5160139412245133,1.2311894949127624,1.233582253257407,1.3396127851135007,1.22050333649952,1.2234508586894226,1.145186646119589,1.2604026028438022,1.369005159974407,1.320677978286447
2020-10-19,1.3739963954609955,1.3372862843400803,1.478552258871901,1.3838918788724701,1.3115488339755226,1.4575068100923272,1.4769829275656385,1.4774499711027278,1.4933717663297232,1.2142611715496403,1.2145623358922577,1.3207488604724509,1.1982045393092249,1.2088565057493068,1.1264071830924447,1.2393574031727208,1.349751959696902,1.3021148812120609
2020-10-20,1.3777440100147154,1.3452245524667834,1.4805257589368472,1.38835417140623,1.3126379086005473,1.4691727310369935,1.4867317542962044,1.4773929929813698,1.496164415262102,1.2113389029619235,1.2114913578576363,1.3240431033091336,1.1908912847572484,1.200424917166702,1.1167743548671256,1.229453530285076,1.3533365963148094,1.3089859289546537
2020-10-21,1.378236387930819,1.3483572647112734,1.4750850920742784,1.386721524429519,1.3085069679786832,1.4637298020914882,1.4825822366985015,1.4709822834971902,1.4899509117594165,1.2146133897409448,1.2146948424396504,1.3209203256997128,1.1937307310249488,1.2006292608380758,1.1224543416696378,1.2338399611480189,1.3497999865185817,1.304290124738843
2020-10-22,1.3874976102402765,1.3600982827689532,1.48090826095358,1.3980549186237932,1.316143064832417,1.4761533091496921,1.4968260428837528,1.477331059289137,1.496608976907328,1.2170400205474663,1.206793871849902,1.3262254247351157,1.1999310704596908,1.2136205937639089,1.1386112984076202,1.250277448297342,1.3561977275115102,1.3163392794023892
2020-10-23,1.3909519839974436,1.3651991199304636,1.4857924126688973,1.4018204643465342,1.3196893396058413,1.4630184959644867,1.4860443294828827,1.4813441669834972,1.5004723593776248,1.2214306492296882,1.2134257060129874,1.3325306704662694,1.1991775496160668,1.220811525014542,1.1479321452512141,1.2586533815705991,1.3625686052882107,1.3231069190150557
2020-10-26,1.390008548108101,1.3598529009129419,1.4622080831765831,1.3929622181574635,1.31966811192682,1.4594458804769386,1.4829998190729103,1.457809766371349,1.472362511211784,1.2142810245584494,1.2028314118002512,1.3107991675080217,1.1860948900629331,1.2125144017517837,1.1373831789838535,1.2471085202475376,1.3399355357793483,1.2946961956589422
2020-10-27,1.384620535097369,1.3638040175698611,1.4540356816988222,1.3930133040911672,1.3165212394836314,1.4580641563858896,1.4807931142015442,1.4487163284893434,1.4612253099718173,1.2107820754425447,1.2013767283725372,1.301697095720516,1.1815576825954968,1.216099238297497,1.149924849290588,1.2566122855997046,1.3299628745248977,1.2807261231502733
2020-10-28,1.3524873005105116,1.3267578804681524,1.407619535943512,1.3561886608228022,1.2889948756714982,1.4237235183409764,1.4457058293334417,1.4028140718926791,1.4125905312294784,1.1867409513666132,1.169282080278144,1.2634845430947808,1.1478742595973093,1.1842458311069852,1.1172023678304701,1.2211175208435265,1.2902435176642493,1.2411448261660645
2020-10-29,1.3573909352731723,1.3273639315101258,1.4159503615068698,1.3645426688355033,1.2925589342463917,1.430821181306188,1.451762060847034,1.4109110226693384,1.4226872100154613,1.1871405923341132,1.1685658803254504,1.2688917763672172,1.145427632764498,1.185050024730202,1.1189862423490264,1.2226929865023488,1.2962189390187715,1.2524936700568714
2020-10-30,1.3590278585424487,1.3301497936292728,1.407221301403882,1.361145578826012,1.2920279521118831,1.4452210800520144,1.4629988165774084,1.4027730624505412,1.4117083877031948,1.1869116064753515,1.1642913601739104,1.2614269910610165,1.151139990564608,1.185871188401005,1.1241544520793627,1.2254412440487374,1.2891940231028831,1.2459589417309256
2020-11-02,1.3765141381303985,1.3431239395818024,1.424615262783563,1.3681200183730147,1.302525064754218,1.4584910218752534,1.476464907868528,1.4192696175390789,1.430172286713659,1.2002606865204781,1.1749726377857665,1.2831181919266004,1.1547552413927558,1.1941860708063192,1.1258173415148025,1.226287831300251,1.3119036415701149,1.2710329893937928
2020-11-03,1.3839663608327963,1.3562973011078228,1.447457346977926,1.3712785552684132,1.3121232750030543,1.4572595829094939,1.4754452328853596,1.442127426909026,1.4557207847519111,1.210933578344601,1.1869889877008353,1.306465552242031,1.1618297467024148,1.201395335554702,1.132647550822816,1.2335301614247185,1.336444539177168,1.2970783076147292
2020-11-04,1.3979867862784923,1.3706170924262544,1.4767305723393245,1.379973977812093,1.3377531364213167,1.4625172503966961,1.4773531369591626,1.4723088081616202,1.4855342762222397,1.2065879866340945,1.1882039425514215,1.3204699270932967,1.158569051851728,1.1896272837621082,1.1156697927388968,1.2212343733996913,1.3502037598333976,1.3036466497283936
2020-11-05,1.3984951828275032,1.3641415507985264,1.4955745616306593,1.3766230949351386,1.3402619518111067,1.4558419581966084,1.4704242689238423,1.4920065879335698,1.509919134700926,1.2130685637859344,1.190138640050592,1.3384436162243163,1.1608897651032597,1.19652336825234,1.1161912901069573,1.2209134485525692,1.368679221492355,1.3277966492470945
2020-11-06,1.410726880919524,1.3833828273834923,1.500512881020955,1.3948438700017158,1.3518850913385565,1.4810948096292116,1.499831044025973,1.4962384230242918,1.5121306200275373,1.2174274168926453,1.1991892487053168,1.340462767040818,1.165554954979801,1.1987905521549653,1.116002033014711,1.2225962048075756,1.369951749318452,1.324858013839378
2020-11-09,1.4179537628573102,1.3913467172274114,1.5104841385025793,1.3895828845269291,1.3414222046836817,1.471792703653549,1.4900760375865367,1.5079132374298438,1.535002916393236,1.177153609158966,1.1674945934657641,1.34677556661585,1.14148611878407,1.1812942847062722,1.0882074803671922,1.1900937445935629,1.3776634950720128,1.3646340193270832
2020-11-10,1.4406159518385337,1.4108802422687101,1.5188658112160727,1.4177483441073786,1.3620623493913198,1.5093211698248072,1.5295854031609357,1.5151097370153896,1.5387023752234479,1.2076623701762939,1.1936179889492669,1.35512325101791,1.1783247447360332,1.2019167048055466,1.1161694076289157,1.2230473362385452,1.3857728105578444,1.3714475608368946
2020-11-11,1.4361154570474066,1.4052852047729147,1.5277071335429866,1.4141327453853183,1.3713634293618155,1.5166527371751615,1.5320302345321501,1.5235412043992147,1.5463935157027835,1.2185108631216846,1.204749116308472,1.3632697796935982,1.1801772986488215,1.2096875723931164,1.118882763655877,1.2267313387017664,1.3937302050479654,1.3733094832800605
2020-11-12,1.429897872436428,1.4035173526300992,1.5169986177570431,1.4118488857958353,1.3687951979677782,1.5167179346320452,1.5295812761336485,1.5128361293813353,1.533350279113557,1.2106225407499611,1.200940395684249,1.3496184542133902,1.1771058796396683,1.2045420861556975,1.1123571831266157,1.2185860179331924,1.3794802577680336,1.3544445667185088
2020-11-13,1.448073738890165,1.42402278424723,1.5359404195680373,1.4315883337660738,1.3828906989797394,1.539841198004703,1.5528381613728717,1.5327966977935723,1.5532712496009768,1.222123155697497,1.2147805343187918,1.370950229870896,1.187596222616713,1.2124221164595599,1.128964706755445,1.2369563677704511,1.4015676779102708,1.3809912114820095
2020-11-16,1.4478782662257992,1.4211466251371978,1.5485331912321592,1.4281705077128717,1.3819890896108662,1.5462701850055558,1.5582578055203353,1.5442034990297266,1.5701485548897198,1.2231816387088081,1.2137861466825475,1.3853271041206854,1.1876770221989998,1.2072990611496224,1.1283525633434879,1.2385642849336842,1.4167054366700336,1.403803313084922
2020-11-17,1.4481950160634312,1.4185165449675021,1.5421792454892616,1.4315696078401239,1.3787998807085355,1.5477212016403852,1.5560362864598325,1.5393750019117447,1.564330357990406,1.2187488828676445,1.2153384602236406,1.3775922291675975,1.1848323916791639,1.2063745238666124,1.1229630941347968,1.2333565544910483,1.4086050555475118,1.3972405478622973
2020-11-18,1.441305885466195,1.4022821493416109,1.5250977987437684,1.4129129099840991,1.3625053358243753,1.5202855668002397,1.5282019827427724,1.5228118826699157,1.5467554703497044,1.2047019148718037,1.2029249830658695,1.3617524288826126,1.1690819577285978,1.188785684407268,1.110836909399906,1.219298947571939,1.3922070686600878,1.381221348408218
2020-11-19,1.4480870059778468,1.4059262592799195,1.5301997991264011,1.419358032727622,1.3647078982722736,1.5305063525694071,1.5384313462270227,1.5273988501457394,1.552199556543186,1.2154980500108328,1.2100823054641006,1.367841880671293,1.1802581989963343,1.1908104539399258,1.1253688879812984,1.2326073129319066,1.3985742392009919,1.3870084710782227
2020-11-20,1.4546655958259243,1.4040916170918938,1.5229252761531704,1.4221402725488985,1.3687446497623355,1.5396490336082513,1.5489482737466762,1.5194021662122235,1.5424516343108357,1.2147700058204263,1.2055764931938204,1.361369581183002,1.1768930089369332,1.1907853338256869,1.1255423806520524,1.231240692680863,1.391889537953947,1.378951285745454
2020-11-23,1.449346380284846,1.396179448888947,1.5287424423995384,1.4182922797374458,1.3595378641896219,1.5413569264984037,1.5479175253703958,1.525317908653505,1.5529119784515915,1.2108393246803373,1.1984729900421682,1.3670704943575314,1.1719290889013088,1.1854539478522,1.1244623759606656,1.2288952930634196,1.3979636168710285,1.392748056945472
2020-11-24,1.4619823903430813,1.4089709652347326,1.5475602493448732,1.428650341195881,1.3667070966662591,1.5470107588695123,1.5551784697005449,1.5440129833407186,1.5759793633506156,1.2126402024919403,1.2016422962702458,1.3803439346750586,1.1732390330321998,1.188406153118307,1.122936488806815,1.227445402196096,1.411985069185087,1.415683440209332
2020-11-25,1.4577907485134847,1.4055328697651517,1.544420506300941,1.4244558077169474,1.3687941360966633,1.545131861325948,1.5516011400967702,1.5410396849838948,1.5722418683392165,1.2118617305867512,1.2040135446311997,1.3773022458069157,1.1710582557915368,1.1921367767361872,1.1280359726335043,1.2310040193983558,1.4089765582029625,1.4092163801092266
2020-11-27,1.4546917792496987,1.3998754291304594,1.5492186434265252,1.4164953420895203,1.3680203787661378,1.534918970370694,1.5407492559650324,1.5455878141423949,1.5771821428622868,1.2083637399774882,1.2002483770069867,1.3818006692406677,1.167138961947092,1.1887476620262487,1.1205708732218072,1.223305794677391,1.4135064360950775,1.4109775271740104
2020-11-30,1.4612302753234356,1.4014020297360796,1.5474497767195448,1.4188892379587286,1.3686565582340673,1.5356775375178884,1.5451607461388566,1.5441199421665583,1.5727819512086274,1.2215188290278753,1.2158315697101412,1.3796083216032624,1.1786928529122975,1.1995531404902577,1.1299068025127792,1.2324239214485815,1.4103656627138696,1.4005738074009013
2020-12-01,1.4686670578774268,1.4075003155939527,1.5588354648266545,1.4237560248019094,1.3789380919442193,1.531752109320876,1.539822464044417,1.5559215726649553,1.5843200853473627,1.2258823591383758,1.2257870852702364,1.390708730928171,1.1761308361293963,1.203371362089672,1.1345077440945273,1.2393459790441432,1.4220688815769624,1.4142027323354753
2020-12-02,1.4752780430031214,1.4105417001219773,1.5587304862865365,1.4251087637336166,1.3804828114389598,1.5263125511798072,1.536610995234686,1.5559746370841754,1.5850359351940417,1.2151846623853333,1.2159878623836586,1.3868270071826683,1.1671205617808194,1.196565414963511,1.1239862328165153,1.2290795188969321,1.4174933374257197,1.414725485417671
2020-12-03,1.469704555640704,1.4043297791850715,1.5559559736946351,1.4166841235715928,1.374294412457158,1.5230787146595564,1.5307579684606594,1.5532430996509714,1.5835311164804613,1.213720579414568,1.21288710343004,1.387770025293961,1.1656716194086814,1.193402586514228,1.1239487700123667,1.2274959217327006,1.4183255675340636,1.4186653304237853
2020-12-04,1.4689840994655348,1.405932568106965,1.569337422014022,1.413400814881613,1.373424931940722,1.5239475398998923,1.532401028364987,1.5662296315796165,1.6000564543008065,1.2065624856143413,1.2081256125536748,1.4008695514770766,1.1603240801777193,1.1875372809097124,1.123206496473586,1.226151467641597,1.4316766178102698,1.4372649687378185
2020-12-07,1.4661477959659568,1.3989144174810084,1.5656251302988793,1.405635786855541,1.374656559346583,1.5145178321783448,1.524361522374616,1.5617335750286718,1.5966937665421659,1.2020831732373107,1.20723030618334,1.3969236424364948,1.1557421846449616,1.1903689097434826,1.123356019583134,1.2261497363482794,1.4277951887253924,1.4310001962922925
2020-12-08,1.471726490255289,1.4022302124965391,1.5684236711095991,1.4071703928150732,1.3819722637544596,1.5188573398242928,1.5289905627062232,1.5654800545820418,1.5988866525616525,1.2081075684105735,1.215664207979333,1.4023905691111556,1.1546159653931523,1.1973793478724413,1.1237259719596733,1.2263765954368953,1.432975163239454,1.4351596326486822
2020-12-09,1.46769036662402,1.40312091427276,1.5610365914129845,1.4134859558278183,1.3801356731940246,1.517429256133092,1.5281550263682204,1.5582697515345925,1.5897739374728515,1.208444974157695,1.2148459328779173,1.3953982033179892,1.157903287658385,1.1953508487010382,1.127448621416959,1.2299095249655403,1.425945273436795,1.4286790535507807
2020-12-10,1.4639908857851145,1.394532902440829,1.5558444582202668,1.4050135539805584,1.3708296977418521,1.5150772880547974,1.5246030817599276,1.5535996683037276,1.5864761656951423,1.2057244224562114,1.212123199386631,1.391963069459837,1.152321274472779,1.1885055006847893,1.1248912041309502,1.2290326684926294,1.4222527333944242,1.4268284223846615
2020-12-11,1.4743769646115543,1.4076317667992628,1.5565531447524754,1.41909243754144,1.3745616184155605,1.5251127575871433,1.5385404507221976,1.5539946894957986,1.5847166393456578,1.2191076157293244,1.2244394440868365,1.390441003463637,1.157737782014524,1.190844991654105,1.1278510787906875,1.232684812301154,1.4207532126538913,1.4215338046175152
2020-12-14,1.4573268046330523,1.3891836995518283,1.5466798907152248,1.4087287408135334,1.3598034999501367,1.5122204327162059,1.525529376402471,1.5452643669057047,1.5764265864171743,1.213614426309183,1.2185684458625003,1.3858442605899652,1.1554903967104933,1.1813733886052593,1.1234428009609154,1.2283189746196446,1.4154963448729174,1.413119425380227
2020-12-15,1.4640355995557492,1.3957481363290238,1.5602403606100077,1.4200999870971491,1.3625029446981831,1.5122244178112154,1.5255310027668663,1.5586421589832604,1.5927086977791574,1.2192945895364211,1.2241010544764237,1.4020520549708875,1.1650659366812823,1.1846739370086556,1.1314805316098682,1.237524358513237,1.4321515191445842,1.4336532335490364
2020-12-16,1.4573427522918316,1.388936150732917,1.5598640030641224,1.4118388444934162,1.3615270570031694,1.5095253905641624,1.5217941928473537,1.5586323267037623,1.5935776914180246,1.2184672071197225,1.2212968307806418,1.4019101309106259,1.1652532190043625,1.1897042038173729,1.1425198029598997,1.2481540517735397,1.4322312582373458,1.4324107013522693
2020-12-17,1.4630657675220713,1.3942346876498837,1.5710890314198767,1.420121788158138,1.365866871151949,1.5193057042433993,1.5307391085965498,1.5701591075902261,1.604443495924024,1.2294454741300562,1.2313333306243204,1.4139173002776435,1.1761366955423824,1.200588065445654,1.1562671376360387,1.2620519338931213,1.444383335887928,1.4431220053775164
2020-12-18,1.4687829836347075,1.4001404295143685,1.5703545721113434,1.433406461866504,1.37681690692209,1.5379431801614099,1.5522915542102385,1.5688074510739627,1.6009279037239805,1.2406909911296147,1.2418264822852365,1.4139904864394481,1.1870137134914625,1.2118502606864094,1.173761553472858,1.2775110795995457,1.443861847231084,1.4399039679983454
2020-12-21,1.454230490772737,1.3835882005091427,1.5594209667193528,1.4132903905489798,1.3648089624318278,1.515505402292191,1.5261415701358947,1.5573038963029138,1.5920606053285917,1.225896232975882,1.2260619526063057,1.4040338497495435,1.172398180264928,1.2010363526756795,1.1637784254162253,1.2662644367837195,1.4332831763433276,1.4300319879723606
2020-12-22,1.4399935273210875,1.369190538081692,1.5519093231636292,1.4024307352029595,1.3519074174193153,1.4938993092437787,1.504957475227823,1.5494750510585444,1.5850575408406888,1.2198803196104744,1.2195575152094345,1.400706479447796,1.167093156898286,1.1989953982273605,1.163460235405778,1.2619902211720597,1.4299271345677027,1.4255924120245826
2020-12-23,1.4408119985017398,1.3696374903217008,1.5514462424880493,1.4024060579358633,1.3516749270821729,1.4914598231648206,1.502781559445709,1.5488841932670805,1.5858922751855244,1.2213150452816968,1.2196023904730995,1.4021253432536807,1.1669537554522527,1.2020753794900212,1.1664725376263194,1.2654534605221077,1.4313837444505477,1.430565932296325
2020-12-24,1.4406741372570155,1.3705129136451368,1.5567905223805478,1.399940372338911,1.35146847141074,1.4916127303882276,1.5031360538062049,1.55413130520352,1.5917371011125625,1.225715288508636,1.2231919269932234,1.4069483791164663,1.1698224273298772,1.203863982731097,1.1662567098105314,1.2652617678536873,1.4364110889121207,1.4347300179195863
2020-12-28,1.4522794222825548,1.3849835026210455,1.5652002716034865,1.4175272525170937,1.3639581193415413,1.5069707697174006,1.5206575396679642,1.5627964563789076,1.60034006880098,1.2289261926632022,1.230842382035301,1.4096490387558092,1.1736887059090706,1.2077419589441614,1.1666028793888579,1.2658445554661153,1.4393336830033743,1.4383165865899559
2020-12-29,1.4554898222435524,1.3909726492431127,1.5644684073294792,1.4239696741410464,1.366880752085698,1.514008879378916,1.5286298723855913,1.5629229161590732,1.5991817650001185,1.2307402431844858,1.231740965152461,1.40559820353319,1.1691480698028789,1.2049248550445417,1.1594012839940795,1.25982513955872,1.4350181449672446,1.4326490132236904
2020-12-30,1.444632470208286,1.3824516438108532,1.5650244260687753,1.413531508667322,1.3592107449318636,1.5017447943354982,1.5166263566131648,1.563499557028344,1.602323160377864,1.222379425153153,1.2233893833129363,1.4084005017378327,1.1580761139816982,1.196823066990292,1.1522610161955569,1.2517896524796706,1.438060981690385,1.4402470110061176
2020-12-31,1.4622931921916782,1.3990342026513307,1.5796644168371188,1.4277250606291265,1.3734011538568376,1.5211069504314336,1.5364653758805784,1.578190943949451,1.6165185830439839,1.2347720750687134,1.2329729676951973,1.4208700087892443,1.1692679377323645,1.2092702013960153,1.165199212711137,1.2637807244288406,1.4510819938760633,1.4521487692032362
2021-01-04,1.461706560806896,1.3959082049167888,1.5604277803817521,1.4237831573932371,1.372794236065604,1.5264381828648321,1.5396196379344953,1.5590647376545541,1.5933699955592389,1.2259685058073762,1.2226529797645906,1.4009349728095204,1.1575240050152165,1.2047113415313548,1.149330142442978,1.248641050147842,1.4305571373168835,1.4279164186823416
2021-01-05,1.460716513884025,1.3959121311010576,1.567388759878955,1.4220293261237562,1.3705715017442464,1.5208362329861467,1.533625575640736,1.5662697454158938,1.603047306683525,1.2298457973722599,1.2249033079053817,1.4084348561620559,1.1567311155504165,1.200346449693715,1.155175338224813,1.2536464394830718,1.4380631089114995,1.4400559857624382
2021-01-06,1.4687334237338228,1.3984437693541656,1.5761468935246432,1.4216504858499535,1.375242532949753,1.5208108397636957,1.5338266983830646,1.5752035021915087,1.6156696927012517,1.2342822888115734,1.2280640830791087,1.4265838765566374,1.1600342428118053,1.2111839604312198,1.1661024642111626,1.2650856960885941,1.45804802851677,1.4681225789544736
2021-01-07,1.4590296481533398,1.3901083888522647,1.5902268171560496,1.4101566927905338,1.3767562407587304,1.499123854212586,1.5114630527656774,1.588910480079161,1.6352228444320338,1.2306424098156106,1.2233883756254769,1.4377401655431183,1.152459774909295,1.2156974727448244,1.1621664103206937,1.25881039631698,1.4698108986443097,1.4833197512980487
2021-01-08,1.4622098835077988,1.393044882898662,1.5986532362877555,1.4182424318940043,1.3813535228702392,1.5172568397702313,1.529690997313913,1.597215160566032,1.644992038461631,1.232689206147119,1.2229674607143528,1.4432233470419642,1.1563177969250016,1.2166015287155911,1.1640475820959846,1.2618613440719992,1.475229562963255,1.4871330397212075
2021-01-11,1.4639813503489019,1.3941620740098104,1.59653709215392,1.4169688724671334,1.3833756815094076,1.515935303947173,1.5272713671867815,1.5937492505432143,1.6408008054822136,1.2273704157068857,1.214222873476873,1.4391888720309611,1.1504068873026014,1.2153008969296786,1.1587674839155682,1.2576149192279005,1.4709783253555717,1.4842769759967906
2021-01-12,1.4481245100472993,1.3746001102450127,1.5908678613826461,1.3991003977157008,1.3717469861708884,1.4975142326351263,1.5053777299542843,1.5878234012523647,1.637326711842596,1.2232939854670024,1.20985175893789,1.4396620456366542,1.1399308936766221,1.2120531415234475,1.1569567872475857,1.2540444159275934,1.4719248878471938,1.4905779939321593
2021-01-13,1.4404040623759973,1.3667773624596764,1.5910429570343319,1.3941904834274887,1.3671350124369628,1.4908107319139834,1.4979568841604813,1.5889734469566095,1.638875423344523,1.2203209636721586,1.2084603509170502,1.4376727684704784,1.1441238030034204,1.2095590032445849,1.1593801350069248,1.2562712772362803,1.469693442139502,1.4873609614397034
2021-01-14,1.441386940253686,1.3609044577879759,1.586341361820402,1.389448191835718,1.3646752098561363,1.4937973322790552,1.4992000850463314,1.5839087402870753,1.6342929196569544,1.2146338051051089,1.2032135662671242,1.4343443785359886,1.138666404643429,1.202114317568086,1.1544139620205407,1.250538783004153,1.4671077174607072,1.4891006186337896
2021-01-15,1.4457924036296874,1.3646725975169989,1.5813579780182538,1.396635811333638,1.3700297918430144,1.5066014912661858,1.5119074359546871,1.5794911056640366,1.6245065199473663,1.216666252039441,1.202457217890113,1.4314324835709122,1.143043168571652,1.2013312805428014,1.15152373076208,1.247692978486262,1.4636339906502644,1.479480716275582
2021-01-19,1.440377610252286,1.3555322934656517,1.589256843971351,1.3855478870290372,1.3717905469986043,1.5062526341699443,1.5127328152476363,1.5866316935753237,1.6362636765619476,1.210258169523101,1.192021054422767,1.4371160931988907,1.1371835347908845,1.1966992562634156,1.146850715522302,1.2456409939615336,1.469697218046552,1.4878079123322492
2021-01-20,1.4565942010269004,1.3658606306890935,1.6052676699865578,1.4100605112401736,1.3929363016362248,1.5411463175378057,1.5476968978270635,1.6034568114065175,1.6523489922202232,1.2271624943581418,1.2053955872063342,1.4483755958872102,1.1504652864523064,1.2082027522864445,1.1571822026204952,1.2606354173401775,1.4809812365698178,1.4980747772031615
2021-01-21,1.4408730667753475,1.348436274193084,1.599874006081865,1.3933016723088907,1.3718686909352529,1.5014478436256353,1.509583474523808,1.5992500656049777,1.6491729654785583,1.2295686043495144,1.2035027177767277,1.4429257871809429,1.1573915637508543,1.2044851716951857,1.1660698513545702,1.2652655483608788,1.4750964619101417,1.4904448174412044
2021-01-22,1.448793406563563,1.3561728520192042,1.5919328661475247,1.3976108264438585,1.379309618459164,1.5155158091593486,1.5229369648552418,1.5905001361302846,1.6371262243012685,1.2316458664812588,1.199918280062617,1.4385511088640701,1.1546234274450133,1.2073552260692197,1.1636875397648792,1.2638495633058286,1.4709269076394378,1.4833073128081746
2021-01-25,1.4540381684605646,1.3602650753257914,1.5960767011803607,1.4007316871146052,1.3864522147876568,1.5037567677206503,1.513289183010289,1.5947816270545354,1.6386008823711642,1.2420998129100618,1.2126892713285926,1.4439057499704187,1.1684919836494003,1.2113933718483998,1.1699290126270958,1.2720992496624972,1.476846826212947,1.4825976527834603
2021-01-26,1.4442129127366155,1.3504437485287353,1.5921293578712998,1.3911226751428714,1.3771783727326075,1.4839418521313212,1.4966665335604397,1.592472742442808,1.6337693212095228,1.2537159683606351,1.225107113191629,1.4421521572454605,1.1691560337117184,1.218689855691183,1.1704238140271788,1.2768463444918092,1.474555677558396,1.47454512182954
2021-01-27,1.3923995446081872,1.2985209413684837,1.544627132172532,1.342813523428552,1.335807522356561,1.435007689144583,1.4430748460732319,1.546075887011984,1.5826059311127618,1.247859466457627,1.219918425122366,1.4118114740469858,1.1665559967630303,1.2234756881928723,1.1754304166609095,1.2798897026444698,1.4441924023905484,1.4381786862671295
2021-01-28,1.4146528776483085,1.3183334841538497,1.5678548965216008,1.3521357067730515,1.3507652688104164,1.4648359224288685,1.474039250323558,1.5687563461607053,1.6090923216263369,1.2242396763038144,1.1953711189786276,1.4195761471465587,1.1421958406922266,1.1940094750118464,1.1439469674137408,1.2456872293770784,1.4509572970075328,1.455092953146271
2021-01-29,1.3926992593118772,1.3058960341599526,1.543075131125456,1.3400203655546823,1.3380942649757965,1.459675792494492,1.4660561907049496,1.5429750476103057,1.5810260296750922,1.2082991402140006,1.1817007541901134,1.3984355748133028,1.1367140089509482,1.1815813629891228,1.143202518719164,1.243316550047711,1.4297707128831592,1.4301273306973838
2021-02-01,1.3895382293635794,1.3003929067229445,1.5568293381681877,1.3339694945246174,1.3376648752131326,1.4481659516559549,1.4563072519430014,1.5563633502904908,1.5998937969643034,1.207829897327255,1.1779093591634024,1.4137821397119141,1.1308174855209612,1.1844248297574547,1.1368895193054471,1.2367967353841316,1.445408756447314,1.4494378288131493
2021-02-02,1.403790382753007,1.3130332698281273,1.5794177572071313,1.3490413569292092,1.3471958627258012,1.4706178331795292,1.4764496605451682,1.5786981994025764,1.6286703571314547,1.2147571082708548,1.1819576604617192,1.4287658658197904,1.139760478632299,1.1965994777286124,1.1439371889493135,1.2452174540209315,1.4601810610508008,1.4696621391027391
2021-02-03,1.3969071031502462,1.305457109235936,1.5735815179921109,1.3419655599114595,1.3433168853044362,1.4626100251875311,1.4656927891633744,1.5734634610816127,1.6233818349871472,1.2164897755785078,1.1825509509092629,1.4249549422966732,1.13477093169274,1.194073784525654,1.1374238117030055,1.2382717729787256,1.456064165934427,1.4706592783135177
2021-02-04,1.404013382457667,1.3120788440169515,1.5888460874897061,1.3566523236068229,1.34617701950557,1.4754787947392694,1.4805191044547927,1.5888247209654678,1.6426769051754735,1.2181263966632088,1.1808792027786013,1.436041358781281,1.135520630496842,1.19142327714315,1.1302117685828394,1.2327989891867646,1.4681848979676273,1.4881336797205262
2021-02-05,1.4273328778397265,1.3326756121330827,1.5978275821694488,1.385233703219701,1.3620116183853859,1.5165877810625041,1.5217094024709312,1.597920686695008,1.6483474639058335,1.2262006980314868,1.1887289716396992,1.4440195667177897,1.1448397286944836,1.1999881623628965,1.1415107678251013,1.2500951327413128,1.4764368443486287,1.4966368153557195
2021-02-08,1.4217424724733643,1.3225081122154738,1.6076087439668931,1.3746370650217388,1.34895516352424,1.4918681679293018,1.4988967655534764,1.6075362164623448,1.6636078095518594,1.2281932385337349,1.1903324521471872,1.4542104638211086,1.1415922009257689,1.1996433788615997,1.1448823477791705,1.2548950814620987,1.4871146212220498,1.5116704977992215
2021-02-09,1.4200812417388118,1.3250027930268415,1.6072762703638845,1.372862022478154,1.3491679416178617,1.489256170225962,1.4965336664536346,1.6071706031240356,1.663040915723266,1.2376091083349146,1.1986570494416724,1.4553971392431522,1.1456039112585186,1.2086398056380445,1.1456844894152143,1.2544869693820484,1.4882359967157697,1.5113238284285484
2021-02-10,1.4127493916237972,1.3189051072430462,1.6054808653256034,1.3706804200910427,1.3438432293873233,1.4777523876746494,1.4844301919303733,1.6049236091723662,1.661823756836495,1.2392131994249913,1.2019811872678297,1.456471865648103,1.1460595983260953,1.2092815894393714,1.147727959646878,1.2568943853274321,1.489533440046263,1.5147197086090025
2021-02-11,1.401293965760454,1.3107105282810572,1.607716304879943,1.3649804958240426,1.3332355615360718,1.4637492330317454,1.470263745461558,1.6073118693929198,1.6672743259326266,1.227919731799527,1.1904413020227809,1.4547265257484185,1.1480731885705509,1.2013731922282298,1.154300186192585,1.258314227533365,1.4881173142647328,1.5155160758604842
2021-02-12,1.4047495418078402,1.3135425289989866,1.6135806951923568,1.369417607649853,1.336718893810756,1.4735073201380398,1.4787870172620716,1.6128441752023748,1.6751579554934606,1.2339298476152416,1.1968799177978404,1.4617866270641977,1.154585890984389,1.2063115481095905,1.1650434157810166,1.268282246987973,1.4958023144576194,1.5244788700180376
2021-02-16,1.395098601745154,1.3092236340722214,1.6092701379385284,1.3616045866946247,1.3273421112298425,1.468202032744446,1.4702175031253952,1.6085039045117377,1.6750081975779405,1.2160928666686561,1.1800113656084137,1.4539397737042126,1.148078270432782,1.1952205563679246,1.161481558016485,1.2595950769154098,1.4883331215984716,1.5236008707895574
2021-02-17,1.424431069757296,1.3355113878886582,1.6144224349469716,1.393384007474783,1.356780004920111,1.5075721245463476,1.5094909875783498,1.6134022782252895,1.675284256534679,1.2341254145799925,1.1982423140526304,1.4563893428246564,1.1670117850336623,1.2145400680110723,1.1703703615057082,1.270812502684772,1.4904671338109117,1.5229202953355343
2021-02-18,1.41609441065836,1.3271164100029629,1.6078022861996852,1.3886676303940306,1.3490426744933692,1.5081846641973844,1.5099270948858081,1.6081420655698075,1.6698151104529195,1.2318056518398792,1.198576416821161,1.4543000789729799,1.1703210037109806,1.2176926403538715,1.166045074456153,1.270625512501717,1.4886052639001492,1.517266120118114
2021-02-19,1.3889329169689761,1.300898150572146,1.5968405243085946,1.3583508234299306,1.3245634169081166,1.4655405284321386,1.4662012387443342,1.5962160192810502,1.6640973301427433,1.20835935144842,1.176808575618942,1.4505559903661074,1.1468086779587712,1.196485771128163,1.1384868865778595,1.2401125578119725,1.4855057605052182,1.5247683942852792
2021-02-22,1.3885378635343306,1.3029739167113463,1.5909900451830254,1.3664289060688222,1.3229619756274524,1.4620050322295437,1.4643852024125499,1.5897024357957381,1.6559388866797957,1.2005396695190567,1.1684901392914704,1.4422065593749949,1.1523943179862182,1.1952890525845519,1.1469897724232325,1.247384003054466,1.476922531038669,1.5213961261325009
2021-02-23,1.383384643585383,1.2975880225226664,1.5915615626121025,1.3611389290751934,1.315321488417265,1.445399064995911,1.4490750655268012,1.5901514685897578,1.6578939540482625,1.1985525029050055,1.1656067361210394,1.4428285447611608,1.1490124411872544,1.193055766248368,1.1421690970283163,1.246522659519304,1.476811986283953,1.5243149568452095
2021-02-24,1.381810427142744,1.2968608484454447,1.6056132934847935,1.3550556112573962,1.312114239945948,1.4379133728524685,1.441412511472816,1.6027786595732287,1.6798776927152879,1.1936237747124427,1.1601565517043215,1.4512942756627487,1.1450501679366893,1.1895355696197984,1.1454113088301443,1.2453254109927128,1.4863328418006603,1.5436896481627422
2021-02-25,1.3813290780486578,1.2936997258307723,1.5783598559589225,1.3540429220344024,1.313580514752342,1.4465832631629818,1.4495874538608322,1.5761611847337533,1.643506031704102,1.1909311438078274,1.161768122221262,1.4265881984945643,1.1470249516970092,1.1904558922904285,1.1417220890215396,1.2437272993641644,1.4594790019642998,1.5089013800335758
2021-02-26,1.3561660754162688,1.2718431745231173,1.5660125988562028,1.3276689441328486,1.2921578349027438,1.4213365348434899,1.4252341486576252,1.563174899966752,1.6327102890876313,1.1767567059420567,1.1486575824632412,1.416298546748363,1.1304879791169145,1.1764168523382956,1.1342944426500956,1.2333073476033904,1.4489668451912225,1.4993504730807776
2021-03-01,1.3627242230788903,1.2792751275697374,1.594836754587671,1.3296704643323536,1.3000719253743551,1.4208774300696376,1.4245929368282697,1.5922137367318998,1.668085573363971,1.184939174451569,1.1560407081736297,1.4419409979397424,1.1346504861731597,1.179978646529622,1.136046777068666,1.2360541382739865,1.4763671380031858,1.5316183029846955
2021-03-02,1.3568254224989678,1.2729650050977326,1.5844786893047975,1.320837328221413,1.2914226263772601,1.410886559549563,1.415813831120549,1.5819191969114499,1.6562922167924825,1.1859840484784425,1.1570799871000106,1.4351228922568402,1.1298176720721846,1.1777300038982568,1.131315233273963,1.2336568053518788,1.4691007015763395,1.5237839842081844
2021-03-03,1.3513940028171252,1.270883010738373,1.5653653513220707,1.3154325880884983,1.2839760920902614,1.4007929500244591,1.4057037040887628,1.5630376911525519,1.6354430283941421,1.1796439050701695,1.153558394584641,1.4181186458137718,1.1268785064044105,1.1690963631226945,1.1277060575270559,1.2277415998213037,1.452426005529172,1.5095942063896812
2021-03-04,1.3426780270225556,1.2614128116988415,1.5445628514225016,1.3025899702458057,1.2723255267684712,1.3922433949280382,1.397015663443979,1.542932052067652,1.6109797720053756,1.1732042736802335,1.145722361253366,1.3982982648194273,1.1143997955148035,1.1613461702408374,1.128583553000828,1.228622411812159,1.431231535592076,1.4858370707959023
2021-03-05,1.3667508941918851,1.2837248476047756,1.5751712896841827,1.3206811836056946,1.293940412641172,1.4141495890123068,1.4183671384733245,1.573351767854352,1.6425852731606274,1.1967409299351794,1.1696538280605866,1.4285162022599591,1.1398069131372381,1.1821494310280696,1.1469694616959778,1.2487726967730843,1.4622418800228074,1.5182683412993534
2021-03-08,1.3805564396956005,1.2913206568209474,1.571489380669388,1.3298256045978802,1.305946291117465,1.4273313459459214,1.4342917314020687,1.5703626100732744,1.635670064547555,1.2121349619467705,1.1857769106775689,1.430989785428286,1.1538304386286866,1.1948767993171743,1.162284111150477,1.2658275728442159,1.464773680661082,1.5223310692976946
2021-03-09,1.3785553262267565,1.2880730815860562,1.5850485793839062,1.322496178995003,1.301981366124888,1.4101521324855688,1.4150106060351828,1.5825968252971976,1.6537515143386674,1.2040187033409593,1.176554090547377,1.4402538968959893,1.1459049650759952,1.1880957357279849,1.151775455975124,1.2547505191058144,1.4740872189781318,1.530330223258804
2021-03-10,1.3969658107760807,1.3043190416806933,1.5972766056664311,1.3427128677650253,1.3143819267457852,1.4342141616662138,1.4391112487943536,1.5948356328606235,1.666602092184614,1.2164814788372875,1.1889574956810651,1.4516101410339577,1.1590478625994447,1.2010557889064835,1.1568861776030368,1.2610623277548283,1.485424798521059,1.5443010713898995
2021-03-11,1.382688395993286,1.2883412393648153,1.6041247767792055,1.3224735880466656,1.2982032326750013,1.4051462864610464,1.4125420580457937,1.6006708651935815,1.6791881436019256,1.2109531044303135,1.1844650686148508,1.4592613342879421,1.1511888724094466,1.1912056752795226,1.1510965587064923,1.2569324950302911,1.4936851831156686,1.5565713315122809
2021-03-12,1.3824648755663382,1.2899204114557374,1.6088215964683832,1.3189740292081615,1.2971787910289305,1.403220178569855,1.4114825476663864,1.604583188626748,1.6857564791317072,1.2176085874666405,1.1895854706139515,1.4663213312611372,1.1522252641819137,1.1967122418117018,1.154458146191043,1.2601020408747285,1.5011800109327427,1.5656422888656507
2021-03-15,1.3857163073162908,1.2970665549609959,1.6175301582375903,1.3311970215502942,1.3017037783452632,1.4176226324929528,1.4259913192865323,1.613054881516991,1.6940819112334,1.223207603403449,1.1941153908362983,1.4797031539409886,1.1616739521954866,1.19985204730147,1.1667736128965458,1.271728992188436,1.514687489281177,1.579787407466243
2021-03-16,1.3865731144375009,1.2972707096223537,1.6188994874218583,1.3274975535342042,1.3035596386389379,1.4107127731271478,1.4197464075686628,1.614750504495271,1.6921753191899942,1.2262337724384316,1.1975734940609504,1.4753915749518445,1.1623026772268885,1.2024936331729625,1.1677162704718949,1.2728568943905425,1.510041219734144,1.5681697702538444
2021-03-17,1.3843836544685082,1.2961096939660763,1.6200734715407263,1.329404342929822,1.3004483654450174,1.4193504670499184,1.4300705153163402,1.61534415805213,1.6971367063651657,1.2244868425795414,1.1972085447203433,1.476429776591103,1.1584328231522174,1.1952441113600751,1.1563795266190438,1.262896798582818,1.5110384829487864,1.5746895867764965
2021-03-18,1.3838436149569706,1.2922656293177825,1.6056570828410488,1.330322229338195,1.2997449068887985,1.4124746547050466,1.4236780913662554,1.6029501173157583,1.6782565261962508,1.2236215939221469,1.2000483794536634,1.4655735358377104,1.1632393769864946,1.1930368143433474,1.156220515971367,1.2648167887673163,1.4989912752614885,1.5584978286046964
2021-03-19,1.3910357365305968,1.2991518286072137,1.6059510987362364,1.3367313384497284,1.3046047893711838,1.4191769544408277,1.4289252581195937,1.6023803988374985,1.6748866416010895,1.222894323771427,1.1964298949283296,1.4663131394945956,1.160242077515671,1.193870190452171,1.1523318493635217,1.2619445353478578,1.4998213219333938,1.5570656558497682
2021-03-22,1.400878944117372,1.3091865497543151,1.6177939438016176,1.3474159332131408,1.3186474657362068,1.4222720555959798,1.4330360669804476,1.6143606940520743,1.682733280855147,1.2328300405107553,1.2058183678295031,1.4768543375073273,1.1684370085483027,1.201737109570835,1.157774190024152,1.2668831838647672,1.5106369084748597,1.5616145346289294
2021-03-23,1.404297877674093,1.3149904274655806,1.608621413833193,1.349613820515604,1.3225929191186314,1.4224676820666762,1.431723626140229,1.605352281274127,1.6678665591687667,1.2393423412558255,1.211554860830783,1.4670353302418326,1.168667141857249,1.2083429974694502,1.1611517413918697,1.2698631418463797,1.5000420954717908,1.5419795059117538
2021-03-24,1.4024352456072284,1.3121620461234236,1.6043438182491916,1.345157227380685,1.3153503038555092,1.4140739332655197,1.422939903905908,1.6013849128909097,1.6635574803762927,1.2352722664573543,1.209774646848567,1.46253583770996,1.1668493070796677,1.2012391265439353,1.1539406024837375,1.261072297540419,1.4942112907869924,1.538863760396864
2021-03-25,1.4098030513525373,1.3179658121792492,1.6142554765566084,1.3537806821644085,1.3224338062685987,1.417130070054569,1.4252740028079214,1.6106461460046426,1.6752401038635574,1.2440188018143328,1.2187348828089228,1.4740856752958604,1.1741584934170404,1.2082773540348897,1.1607700086834998,1.2684327640998523,1.5060351455272794,1.5544889000405056
2021-03-26,1.428637230940794,1.3351074924561601,1.6458708860948086,1.3683919102337376,1.3391754248364238,1.4174305512890661,1.4243841349437036,1.642707228228006,1.709171464145525,1.2662235608179406,1.2443232598924763,1.5010731974611864,1.1863464474638272,1.223583642988686,1.1769932935093887,1.2851999875993882,1.5332317433631497,1.5828633662953637
2021-03-29,1.4455098910209776,1.3542266293526937,1.6499048356888417,1.3938571174752612,1.3557457285696377,1.437985395973225,1.4456362290288847,1.646972300770313,1.7070820963688211,1.2844814760512848,1.2651320903370369,1.5033614831113051,1.2090853044230494,1.2400535946175857,1.1975318781874063,1.3070296154378969,1.5349768171405407,1.5761402377057927
2021-03-30,1.4321912165960922,1.3390017837445563,1.639913400000207,1.3809158779938897,1.3445843203302215,1.4255399992587454,1.433456504401499,1.6368244002947065,1.7021397330779218,1.274252003263146,1.254128277301827,1.4963531566360706,1.196436398116252,1.2301508888419634,1.1892078249873672,1.2990442380617706,1.5285623006474993,1.5762669941854066
2021-03-31,1.423367598627614,1.3329983869065158,1.6404385572205666,1.3729235725748956,1.3413693694864433,1.410485490009864,1.4173956434999049,1.6368739657984124,1.7039378318116623,1.2598773057809383,1.238157959664277,1.495530128278992,1.1853675861223236,1.217723812572792,1.1685602334205047,1.2784440663113859,1.5274512979128938,1.5753388100436405
2021-04-01,1.4233226766475005,1.3350718031664075,1.6523323509429855,1.3751126722960711,1.3459093812568688,1.409772085635398,1.4153390656067928,1.6489392357092896,1.7203494588816481,1.2590458053826374,1.238205736159605,1.5072614610329123,1.183265571121213,1.2207292075691478,1.171084391705767,1.2796336470904144,1.5397592178689845,1.5928123520873378
2021-04-05,1.439380398650368,1.3505738138518362,1.6722727957046635,1.3879399964146897,1.3582166116827796,1.4206923355328214,1.4268483919326942,1.6683550091179853,1.7416997609156388,1.273836037076159,1.2546956293789848,1.523832117034552,1.2007425317871079,1.2327513075260128,1.179701576871337,1.2901470545119627,1.5571898715471872,1.6082945005107263
2021-04-06,1.4428140752561232,1.3535893689105394,1.6699733689129654,1.3901830052148618,1.3604034983078854,1.4307165134126996,1.4379307519495819,1.6660942967243788,1.7389065523420784,1.2764112667437548,1.2551372059341366,1.5243421980696399,1.207223316626911,1.2375361037606214,1.1919105822894267,1.3022340400446877,1.5576590389530014,1.609320437433876
2021-04-07,1.4396316634276578,1.3501890071265632,1.6688994709118121,1.387354050212353,1.35881432746238,1.428851455850543,1.4343763102966933,1.6653797850087522,1.7390879072564667,1.2712248724191626,1.2494564023674815,1.5182644516578951,1.2000663145816164,1.233329824596359,1.1888256304120788,1.2964401401160608,1.551524393392161,1.603714134749811
2021-04-08,1.4358646916021562,1.344622135783492,1.6725568392400472,1.3816806772251504,1.3529559368486113,1.4209332752751371,1.4280747929473157,1.668829911161219,1.74669380672264,1.2645214183206195,1.24214526774796,1.520670703907647,1.1888066112544606,1.2242140465100602,1.1761889128424634,1.285303295357486,1.5537844149648756,1.6065218194596231
2021-04-09,1.4417211375607248,1.3478010484920424,1.6833939442852164,1.384972259472023,1.3544041888813145,1.4215895995732841,1.4296856634142092,1.6792194611308227,1.759269141957075,1.267294781643735,1.244757329690682,1.528569155441454,1.1915640272174466,1.2255516606992094,1.183355108085579,1.2897369988877263,1.562053165516134,1.615391507444034
2021-04-12,1.4441632716145405,1.3503486899074213,1.6851838935569121,1.3886975943892599,1.3576947095930696,1.4238549442998256,1.430849262384099,1.681079823966359,1.759000767888849,1.2711725070616102,1.249315208476926,1.5326005135586893,1.1942666890980773,1.2303868188923401,1.1864389883380178,1.2896746521115041,1.5660441922810202,1.6170978522856283
2021-04-13,1.4462959649394442,1.3508301721761653,1.6865017977697176,1.3904663218215922,1.3563010367835238,1.4249618608742813,1.4294673562635731,1.682234055309983,1.7605039583885762,1.2735900080886007,1.2504561793606401,1.5342995661932892,1.194361531629576,1.230625399719401,1.1839379865250477,1.2896039246494853,1.567198019524401,1.6160589987294727
2021-04-14,1.443316305513131,1.347642665546365,1.6828267660241933,1.3855235029948116,1.3537265130057665,1.4128235496842656,1.4204011981963,1.6783643577139378,1.756750345147139,1.2707362243578588,1.2492657170745338,1.5320139589017212,1.1915811728602095,1.2276251929871234,1.1820667303949508,1.2852669355436965,1.5644198358750057,1.6170535081448523
2021-04-15,1.4547237387099758,1.3577641807393401,1.7008920087416515,1.397476332451667,1.3627585269579212,1.4247142209764276,1.4314961491992704,1.6968188439820173,1.7747999123326437,1.2809198494517136,1.2582876423527507,1.5487168024207103,1.1978990113462364,1.2363274629114542,1.1907036057431437,1.293468705845378,1.5817713711763195,1.6302354833104136
2021-04-16,1.4683804180852928,1.3723198264206906,1.7121403432214566,1.4104412966284556,1.3766373339181708,1.4392245497541947,1.446717660567567,1.7077249390924165,1.783231212360293,1.2903776536582148,1.268928680338934,1.557396890655165,1.2052915385969,1.248452392289784,1.1951218801263261,1.2991104071460728,1.5906671385312048,1.6367559128589342
2021-04-19,1.4686668443791282,1.3720909407655868,1.7042393452452969,1.4087792175435923,1.3783570778930454,1.4385261640249,1.4480720033730052,1.6999490716255474,1.7718521978696362,1.2886033348061603,1.2680477044079321,1.5514068207387766,1.205715000290838,1.2477995456967768,1.1966567771097385,1.2998678532185723,1.584259698851402,1.6277048642784053
2021-04-20,1.4756626872033582,1.3803611298919316,1.7019595005540478,1.4178781259275972,1.3830161599890953,1.4470747590989077,1.453628103984079,1.6980318438092865,1.7592490903590907,1.2991773590533315,1.2828989959985175,1.5512926005854182,1.214842729913249,1.2576868356193116,1.1973177383681572,1.3039973355496524,1.5835427107897089,1.6155528156553198
2021-04-21,1.4739714380959572,1.3773710809054762,1.7126229390169057,1.4141564665481137,1.37835322846746,1.4422563638698254,1.4469946004062464,1.7080722027012278,1.7759168137207477,1.2925899991456429,1.2742630230741432,1.563141646345337,1.2130429995225183,1.2536405199166547,1.196123437356246,1.3003353445433656,1.5963239876050972,1.6357626305135005
2021-04-22,1.4674056650758112,1.3704770926439709,1.69939482922927,1.406930527715721,1.3706404489242676,1.4378351085376728,1.4410611307728112,1.694654047104045,1.7595018781646747,1.286598852752384,1.2696373091521087,1.5560190494645303,1.2088630634783686,1.2521217660188848,1.1974217977594037,1.2996024477743275,1.587901014385745,1.6242439452281434
2021-04-23,1.4712142245173558,1.3718394216488543,1.7100332778702387,1.4077453348799351,1.3775740359394457,1.4409185403838636,1.4432304117468346,1.7058368644166264,1.776844355091976,1.2840001647110617,1.2651529699337527,1.5650360263210796,1.203844880118349,1.2488975244332183,1.1970221844421944,1.294839448517166,1.596701786916616,1.6418267395333053
2021-04-26,1.458885439191613,1.3602311277554593,1.703824837184987,1.397110101447266,1.3681499378077262,1.4343432722919607,1.4352930871857186,1.6998009033569765,1.778278909762808,1.2783815579704547,1.2561619509183592,1.5608782844775968,1.196536672541511,1.2385933867714618,1.1913782925984682,1.287144255414538,1.5926685843219421,1.6446840980040809
2021-04-27,1.4561602980564494,1.3551956533418663,1.7043945776009934,1.3948366259626348,1.3659872351069455,1.425852437604631,1.4296960697335288,1.699639295294189,1.7800999805311646,1.2810519860272698,1.2539674431763048,1.5605218395093945,1.1964950085340362,1.243163239007317,1.1958351041622501,1.2895467643195895,1.592373193742065,1.6460715980836298
2021-04-28,1.4590480619029642,1.3567367335392526,1.7008660506544038,1.395621555561402,1.3708870981760148,1.4358486243366049,1.4381349891778252,1.6950531191681708,1.7760993691339058,1.2734859171748478,1.2483424592954975,1.5572988247045232,1.1944567425458272,1.238649617102341,1.1987103216096622,1.2886505347898451,1.5887661159364308,1.6450673944717742
2021-04-29,1.4682765416322552,1.363462689701349,1.711257586672881,1.4028340343903538,1.3791199464386439,1.4391005626039042,1.4445674241627973,1.707755691277429,1.7873716422564903,1.2800285646468912,1.2560946646394433,1.5678288126424673,1.205876866604102,1.2535868235298346,1.213981428713566,1.2969476724529543,1.599394239715331,1.6552630551080216
2021-04-30,1.4696193098216312,1.3644529811289547,1.7052968444854448,1.4051556084803611,1.3794558734585185,1.4432638189322131,1.447771613310073,1.701463022648916,1.7762667245320212,1.2802064023235344,1.25969068050764,1.5601081806042003,1.2044858911774035,1.2589658589547468,1.2124016413121268,1.2938737630611241,1.5913467408311412,1.6421064916405765
2021-05-03,1.4871046824067065,1.3785364370700233,1.7178396711707131,1.4226321087468128,1.394267299042709,1.4586639602523936,1.4656936478287288,1.7145082245842806,1.7824282142511794,1.2915507953609953,1.2712045169548227,1.569591503618072,1.214321516449457,1.2684600965397745,1.2231285252103214,1.3025585671738542,1.6015320511108164,1.650094308267283
2021-05-04,1.4891411015066958,1.3811552466814967,1.7142830930215636,1.4266336846628525,1.3970135880502317,1.465897832660009,1.470600788360268,1.7102254936633863,1.7751751962446138,1.2917199816687963,1.274187610134276,1.5670555281775689,1.2113860893796289,1.269983867907133,1.2108678565227058,1.2924933764333018,1.5990246009952507,1.6458288100673513
2021-05-05,1.4921869046312946,1.3825257082777367,1.7169377259343588,1.428628543066805,1.3990094169596807,1.467900867589099,1.4747710298493495,1.7131738814821502,1.7777303910990192,1.293100739465399,1.2765721904952274,1.567052330758613,1.2147450606130183,1.2786526891910872,1.2163958107946489,1.2961904813552367,1.5993453208733674,1.6488224875486268
2021-05-06,1.501734163271789,1.3933366908572629,1.7320929639996805,1.4397320272199239,1.4119410459606618,1.4812607781508937,1.4883496890575822,1.7283772376469098,1.7938645983809443,1.3149013230861142,1.3006917898889996,1.5766136020688892,1.233569329652299,1.2989605236062063,1.2459580869323843,1.3190597874359358,1.6088156822588822,1.656279899114515
2021-05-07,1.5037902418108449,1.393067015972925,1.7424695370099876,1.4388460512208892,1.409097411238705,1.4736449527683735,1.4833731633294924,1.7383583146865136,1.8075958538427368,1.3102230325934145,1.2955600004576477,1.587125707573432,1.228447795608038,1.2912431629503507,1.2421873414594247,1.3145434618622416,1.6196206003323066,1.6731276302808205
2021-05-10,1.5157211106972381,1.4045404575440843,1.738307890799598,1.4520731947671517,1.4200199708209011,1.48824058986265,1.4983219998702448,1.7332208649578913,1.7907012640880982,1.3235861652423937,1.307174721945079,1.5865817093585337,1.2374904619229152,1.30099809557059,1.2537836825346917,1.3268777501296432,1.619141434282302,1.6649488251165807
2021-05-11,1.5001904982530836,1.391569070955905,1.7221797193057984,1.4365267266842277,1.407772809780358,1.471965439982194,1.4835142750866726,1.7170412985878212,1.7753276811331233,1.3104804877036509,1.291959978985881,1.5694714799155964,1.2209716670800335,1.2862514027766336,1.2387642896962707,1.3097068931653917,1.6014182424622596,1.646891829738599
2021-05-12,1.488229920809293,1.3819277614560161,1.6928280312671546,1.425168079297692,1.3956360774887484,1.464115468964677,1.4757006877932806,1.6868803013319453,1.738672283367837,1.2980041532088036,1.2817812313339523,1.5386511606354836,1.2076990510254522,1.2744230132670091,1.2216378963205683,1.2948044535830152,1.57043107856108,1.6093501400298336
2021-05-13,1.5058148868311945,1.3956948208796804,1.7153299849134238,1.4417108364219706,1.4138678239009737,1.47950292918322,1.4924527574303366,1.7096583591930652,1.7612388198119466,1.3107096155950562,1.2931685528160648,1.559845584485797,1.21653242878652,1.2851138525160872,1.2306825411270002,1.305070216998589,1.591380564259988,1.6313197650783635
2021-05-14,1.5108733160913843,1.3989806293385103,1.7310316697935737,1.4468958683995476,1.4181955899679581,1.4851224931472415,1.4977059392299632,1.7257593501824928,1.7851155131556753,1.313556446066969,1.295049148431349,1.5744000044467679,1.2229644198322644,1.2909943079711996,1.2396863831625737,1.3144723393075801,1.6061978782209836,1.655646409771922
2021-05-17,1.5058746819726418,1.3973998662504483,1.7244787052904544,1.4457830028322791,1.4145191858773978,1.4832239020798135,1.4959612613700386,1.7201518075261812,1.7786859161668038,1.3114433191414863,1.2916115488023385,1.5692874723734946,1.2198874752358164,1.2889056656453817,1.2369468325237585,1.3113363236046038,1.6016081522704388,1.6530957520779253
2021-05-18,1.5050076928289984,1.3965185697869344,1.7164314119031467,1.4475985090562242,1.4125160767043723,1.482967477892097,1.495567174928381,1.712164591905916,1.7665325954589424,1.3090659126494908,1.2912513224279218,1.5597425813733468,1.2162976189243484,1.2841511641200667,1.230053482008421,1.307474807567529,1.5925346091929427,1.6402219369401525
2021-05-19,1.5026257799515406,1.3927601591769845,1.7133003042233306,1.4458823622991035,1.4086238207020778,1.4771910832377204,1.4914570940639866,1.7092655777074448,1.7640791617233198,1.3080054831607848,1.2927382636833995,1.5533532843731133,1.214352259767831,1.2813892874416843,1.2314225964110488,1.3082654536577383,1.5863611932650967,1.6329080064866117
2021-05-20,1.5150604138329833,1.404886615931827,1.7306220081682508,1.4571286992693775,1.4177719655320686,1.4851165247254732,1.5002245698460317,1.7262602709653179,1.7830130694123292,1.3206611739391994,1.3040641813862366,1.5683742003969319,1.223423743177178,1.2941039291650078,1.2354607324979945,1.3154420028898224,1.6016391956988068,1.6479089535066533
2021-05-21,1.5113227035451242,1.4013299046675431,1.729907471247444,1.4541940911484827,1.412344060660391,1.4787790235657048,1.4939439461034179,1.725756048202006,1.7845049285205794,1.3194846554111368,1.304120519802094,1.5687008211148812,1.2235984900116432,1.293039642556704,1.2363418871683665,1.314040753186606,1.602329771886254,1.649329944242736
2021-05-24,1.5148656447194364,1.403850009518389,1.7393414657796245,1.456605110530848,1.4135192951596003,1.479023471482454,1.4932336865502422,1.7358394108975364,1.799787776421475,1.3196818502501024,1.3046549191439214,1.5745670732689914,1.2247975433204186,1.2947969786127091,1.2381490285227312,1.3133511143054826,1.6083921064637543,1.6601704739994354
2021-05-25,1.5100779374759592,1.3994148702306775,1.7351945299983424,1.4509495412267093,1.4086879589737025,1.4768153170823812,1.4885257135868248,1.7314188946527707,1.7959268780355553,1.3156715115295006,1.3023556058873085,1.5695025888662633,1.2206741128974208,1.2925443114618698,1.2322449106726951,1.3089980702070179,1.6030395244471605,1.6537956236169258
2021-05-26,1.5089031917598752,1.397718984481214,1.7341471526203605,1.4481907521148614,1.4066070098553254,1.4774867886023024,1.4885593272173303,1.7304305461049074,1.7972703464894826,1.3142725765020886,1.3001963838303914,1.570199921499364,1.2222218229044193,1.292308772357929,1.2392729608718913,1.314049728086513,1.6033684838247415,1.6590129902859374
2021-05-27,1.5033266962455183,1.3919042688217023,1.7330652009294458,1.4413002409861762,1.402684223818312,1.466983971855227,1.4786084363073664,1.729950804847319,1.8015153543663696,1.3107520520064493,1.2970946786564703,1.5722792192562445,1.2189464741467175,1.2886734448910702,1.2303281527317764,1.307771271876067,1.6050203851151992,1.6663076897810412
2021-05-28,1.5025274624653828,1.3912244481776428,1.7354903922197797,1.4394958380931016,1.4008168277299955,1.4632746783938555,1.4759128819017002,1.7318212305753249,1.805250328731371,1.3081236447795341,1.2963775450380106,1.5750187921559489,1.217549177845681,1.2882026019279944,1.2268546859971283,1.3067438512001581,1.6075452911861352,1.6680681710219494
2021-06-01,1.489874874497006,1.3804290243475121,1.724962803929148,1.4265205649199084,1.3833199941431964,1.4509076324725656,1.4626500049335998,1.722989341434178,1.7994741350309558,1.2962474620048767,1.28228125459092,1.5707596285784218,1.208852081537699,1.2769312775431723,1.2164202713415857,1.2962764241780225,1.6031038104956732,1.6716843664888814
2021-06-02,1.492836057147226,1.3856597515094589,1.7286327808108677,1.432941214462316,1.3884943833446206,1.455767556585504,1.4688401804761466,1.7269569708902381,1.8014843966375642,1.2982624304142585,1.2868704210268,1.573475441610806,1.2139133900927561,1.2819519451082013,1.2190505715836684,1.3010960295573755,1.6060652065276861,1.6734490821243655
2021-06-03,1.500473851943761,1.3916438156481432,1.7300730921066736,1.4420541530870774,1.397567712950209,1.4702485799060139,1.483454950006486,1.7277948202183486,1.7980285741667823,1.3069888267930783,1.2964798175857883,1.5743316769447637,1.2215222348020986,1.2862628468490815,1.2293422227343715,1.3100364557065738,1.6070906575398698,1.670470581589711
2021-06-04,1.507913956401379,1.399589554995581,1.740576041112692,1.4488950447315607,1.4023874291768605,1.4748759682992225,1.4890867441419957,1.7390606856467494,1.8113905541304456,1.3108134150781152,1.3013872777757813,1.583165305827768,1.225923249307627,1.2912996990304393,1.2289566129261191,1.311698228472813,1.6159842779601292,1.680132939365031
2021-06-07,1.5039319380271163,1.3951973690667772,1.7354718523299055,1.444323963802267,1.39326501643151,1.467349082630821,1.4821348856631418,1.7339621146564135,1.8071256399984155,1.3106998257888545,1.3017625010038698,1.578700738276261,1.2259302262292424,1.288588523484631,1.2248432134253937,1.309343808536037,1.6116772679599891,1.6762104117414718
2021-06-08,1.4974245546621654,1.3886246220822238,1.730929218237702,1.4384579315348616,1.3841256856871773,1.4621308473891357,1.476053845654349,1.7292584993727793,1.8035793087859187,1.3031196444242752,1.2927069156693718,1.5776382891384648,1.2193759521137886,1.2807333366220093,1.2129496203478507,1.3005260901810838,1.6103262804590142,1.6775802446306554
2021-06-09,1.5047054910914204,1.396603082594069,1.7305534869365284,1.4451118262808014,1.3902850458066836,1.4696269726574847,1.484444198546788,1.728955573722738,1.7989063168432926,1.3131474075733114,1.3036739158798325,1.5754931865050292,1.2267887714946468,1.28760327133883,1.2241600356966862,1.3099507453172097,1.6079778461387277,1.6706908943756524
2021-06-10,1.5213064260604972,1.4130672095960928,1.7422626348757728,1.4608395171835806,1.4069912959483974,1.4925785763515906,1.5052630309242596,1.7408130620519542,1.8091869525237811,1.3249626030942225,1.3185393167860437,1.5835960009974972,1.2380310725836217,1.2989397351860303,1.2365764337725087,1.3228200292834036,1.6162749645532697,1.6744031725137862
2021-06-11,1.5186762591240686,1.4123862192371581,1.7424847468176583,1.4582908574653597,1.404822696097388,1.4913843099838509,1.5033630898686225,1.7417836534480327,1.8114035117852958,1.3218331167151767,1.31555754798012,1.5867602375279362,1.2360415000565455,1.3009084629059626,1.2327918418428425,1.319693620181174,1.6189929414248023,1.6789676758367602
2021-06-14,1.5187915321571948,1.4118996087724571,1.7427629313660917,1.458018769068392,1.4049843929443209,1.4896176664771008,1.501950400289129,1.7430417575838817,1.8135308143375115,1.317890899772214,1.3130350275662788,1.5855509327270327,1.2352034712124034,1.2988118256112082,1.2284959831231612,1.3166338954669345,1.6175975262461784,1.675104307341465
2021-06-15,1.5139792912721293,1.4070150167188555,1.7407507145637688,1.4546380649080854,1.4022992942445314,1.4830686297011932,1.4961939752900293,1.7404046187932558,1.8108024867422283,1.3132648971751535,1.3078111859807908,1.5844716047420826,1.2294075234728257,1.2976058301189353,1.2260537037080794,1.3112908080016383,1.6164217675034593,1.6751615958384443
2021-06-16,1.5014327638129608,1.3941399421294338,1.7266422881124621,1.4400783980631113,1.3910180786603163,1.4705316708720622,1.4836914617625026,1.7261230048829361,1.7993258175114843,1.3043389678093955,1.296027768119522,1.5713871092813836,1.2211679310892576,1.2892382259879067,1.2178977528696477,1.3022890010396817,1.6032913285675083,1.6638357774180508
2021-06-17,1.5095272357915706,1.402597724456697,1.729074281239921,1.447146499953213,1.3993194791379546,1.482047990982318,1.4946822639080113,1.7303624744759298,1.7986460325528695,1.3077866505321691,1.3000459835111537,1.5680755403824864,1.2257628685007915,1.2896333715328923,1.2213075943044123,1.3058244316841054,1.5998108998602751,1.6510209516641117
2021-06-18,1.489900591475135,1.3837772454157728,1.7048848620417416,1.4285693157169324,1.379845249553846,1.463012493786254,1.475674154827566,1.7065974580525445,1.772952520687748,1.2939779381245153,1.2862812933530376,1.5456132239945897,1.2125183526789058,1.2744509593697435,1.2073436161950564,1.2917785592436823,1.5772909444345236,1.6252386761708375
2021-06-21,1.5070244055926727,1.396537808631767,1.7292312914439336,1.4452111207500975,1.3941187319952162,1.4776002125446768,1.4894630564879738,1.7300026689085533,1.7990290328096454,1.3073673091527307,1.2992341251261077,1.5694177682754162,1.2251319429125298,1.2892358158275148,1.2214063845739613,1.3051778331772583,1.6014030813572373,1.654899111117897
2021-06-22,1.5101030526467452,1.3987162779375104,1.7355422176887028,1.4484328692591864,1.3954829489833396,1.4797784268801373,1.4912081724379922,1.7367894053543178,1.8068727804907974,1.3064887677642734,1.2982459211663138,1.5724555504678517,1.2272144082997583,1.2877826179062164,1.2239004248113874,1.3061136730735106,1.6050182605727947,1.658512514786019
2021-06-23,1.4984091532790937,1.3903651952128204,1.7277878244564038,1.4401998340695628,1.3878670866980125,1.4736789403873949,1.4840976571722788,1.7296925793094036,1.8040133924210726,1.298802571520884,1.288036177188309,1.5663137266344158,1.219026194980779,1.2817036998771933,1.214750259202327,1.2968018242520982,1.5988663811859773,1.6563143132945815
2021-06-24,1.5047685932331376,1.3964297062386768,1.7390810679212034,1.4463203182015183,1.3906758685299943,1.4765199554221937,1.4874107450438423,1.7399864130242158,1.8192871867236773,1.3016663743320849,1.2897997982947524,1.573406826558252,1.2238068530635235,1.280907750191529,1.21891409743493,1.3018508275700849,1.6069899065728324,1.666867326952452
2021-06-25,1.518766667906548,1.4080116140321857,1.7492397713636205,1.458218499677632,1.3994297533960929,1.490305478877009,1.5020141752013054,1.75216975118867,1.8280605833199315,1.3075981755979433,1.2971537021353212,1.5844128152870447,1.2323652820022788,1.2877390179494557,1.2291810176957645,1.3132692382693167,1.6179948441165526,1.6779549977814665
2021-06-28,1.5201814357060381,1.4095928020481285,1.7492506312691425,1.4593128701163034,1.4008178351279275,1.4940892165949464,1.5056316496041204,1.7529524383100838,1.82963930528498,1.3083482093571663,1.2953096758757348,1.5849864920213212,1.2355518680434536,1.2863676474065657,1.229515175194545,1.3150623700208373,1.6185357774698956,1.6736962326394194
2021-06-29,1.5193634167736472,1.4062658347123336,1.7482462536232828,1.457120678068863,1.3969129262980349,1.4936106278453474,1.5043967410948258,1.7518239287022483,1.8296688226254383,1.3051414349071724,1.2944534329083381,1.5841774229370154,1.2327984837292494,1.2819454181216614,1.2259487846750425,1.310691886168968,1.618032591071958,1.6730756283252848
2021-06-30,1.5235355132033952,1.4125789034318819,1.7523652630843205,1.462789138230685,1.404660112129342,1.501934902214996,1.5129082495718424,1.7558533441079227,1.8342429958486803,1.3082385097222022,1.2963105018397334,1.584602095671445,1.2375052207712351,1.2844699623217468,1.2329348764275248,1.3172146800013933,1.618909006568553,1.6758844877596804
2021-07-01,1.5293709257334862,1.4159943613079726,1.7611807645305235,1.4655018052837117,1.4068285338172775,1.4988937587654663,1.5112258794334688,1.764759726800201,1.8416907886718425,1.3107705628913364,1.3000154654818576,1.593995780487563,1.2405067634428784,1.2897528289281162,1.2321799208788042,1.317093404343846,1.6285806431990328,1.6866854509897038
2021-07-02,1.5407585977760079,1.4277872260730238,1.7720144155794588,1.4768357256739117,1.4183862178430227,1.5136186919564052,1.5256356717358197,1.7765226009967086,1.852310339874455,1.3184922115867972,1.3071518547575394,1.601713347983319,1.2478244050850447,1.2984738339158117,1.2391106887672536,1.3238547766533497,1.6363736155350643,1.6927522432104622
2021-07-06,1.5403003063209535,1.4290502273748373,1.766202553833905,1.4770925101375307,1.418810369093756,1.5174213541413282,1.5284778563877996,1.7723314976353308,1.8442895936867842,1.3203186018380708,1.3086788105294689,1.5975134804763613,1.24969025245935,1.2984455050040826,1.2434212422680793,1.326305902895289,1.631375513169182,1.6806577804117164
2021-07-07,1.5537908247746564,1.4412326717159734,1.7758001998667998,1.4901555210153405,1.4289356702934024,1.5333420396282116,1.544135691550869,1.7823539753228945,1.8477696319902297,1.3285623916745324,1.3189931965917774,1.6077493978085697,1.2583467314232315,1.3068877350320403,1.2524051222850752,1.3340334338207447,1.6414193667722121,1.685006467896245
2021-07-08,1.5449068117871716,1.433629754515595,1.7640208223858438,1.4826598197626832,1.421104050959432,1.5245280829376948,1.5360635746959292,1.7702791534828188,1.8333565495985797,1.3197685752421324,1.3117813373330967,1.594199774147193,1.2494603520843153,1.2955237535266915,1.2378859360670593,1.320833610820643,1.6270797230169707,1.6677366116185932
2021-07-09,1.5546330379569417,1.441791339657595,1.7799666005340713,1.494157889555259,1.433801431547774,1.5392119251556182,1.5506395863623037,1.7862994871161992,1.8543951988634182,1.32741307455128,1.3180334219719925,1.6109494854334048,1.2566660073065157,1.3027880482347458,1.2415564041258276,1.3271458845356454,1.6438996217120574,1.6924944625344254
2021-07-12,1.5563930225605058,1.4393565773403179,1.7832608073337706,1.494902693314703,1.4341430307504637,1.5431006411612538,1.553714698503182,1.7898875563441412,1.8618590815331792,1.325948626923182,1.3152674553350647,1.6134032714748479,1.2576484610295362,1.302475565837031,1.2398438287688427,1.3261762432240116,1.6459455046174671,1.6972828398346946
2021-07-13,1.55777855235345,1.438354601204832,1.7802317242484242,1.4929680935480991,1.4326533925538596,1.5410851261248504,1.5510862274898936,1.786759902505301,1.855584280049396,1.3280773006812308,1.3175003070544076,1.6040534322127424,1.2551825563336139,1.302393013967318,1.2392141828863963,1.3261248521101758,1.636701270749395,1.6837194265504078
2021-07-14,1.5675351716146766,1.4475777594491377,1.7868031301764442,1.5008072252721067,1.4375297963953262,1.5477966280496496,1.557924587968312,1.7924198319260394,1.8573373200547147,1.3316263063152747,1.3215900123753956,1.6066998484652766,1.2579332786675839,1.300918270716259,1.239054530289124,1.3265115115933026,1.6393364014228786,1.6808318902100687
2021-07-15,1.568466922016852,1.4465211477080184,1.7871376176661848,1.5006113671423849,1.4383009675418814,1.5448668279896618,1.556319501097664,1.79267540730409,1.8536793957802031,1.3343344229399496,1.3249744811152813,1.606754193567012,1.2573795269955559,1.3022116130574297,1.2384320024524609,1.3267715200850536,1.6390672149234802,1.6771334735677788
2021-07-16,1.5686259392444797,1.4465303177765438,1.7812294300157274,1.498737312146936,1.4353375117904186,1.5392374056159834,1.552408922991625,1.7863978757027281,1.839709097585783,1.3321529869143456,1.325234401018678,1.6031345911565071,1.256231384195449,1.2987652138262145,1.2358948886778707,1.3253779706894022,1.6350829964573883,1.6646894367737997
2021-07-19,1.5550305841557197,1.438421363948169,1.7578782964054034,1.4898103412751436,1.4247004247045554,1.53554481503617,1.548456690262682,1.7634007630243826,1.8127592016753482,1.3267031763106498,1.3203963192591182,1.5812286665544004,1.2496584263252688,1.2940377957072084,1.2338342594191214,1.3226996844691257,1.6138295790636121,1.6354177892657589
2021-07-20,1.5647710812495754,1.4421492666549023,1.7774076428910843,1.4971806122067186,1.4313383326253626,1.5404829911510305,1.5530746580597536,1.7827485544091135,1.838718564571996,1.3265347910222844,1.3189522458537033,1.6023237485923936,1.2519158491965379,1.2957354361666251,1.2310126039084874,1.3207488189878973,1.6353608144302176,1.6657072525105483
2021-07-21,1.5670083634385372,1.4454448529528976,1.7857235526129274,1.4985515374187488,1.4329911487502245,1.5437806069120992,1.5543112614880898,1.7913148368876133,1.8546734071880657,1.3289599491979553,1.3194357480573164,1.6079587040360075,1.2518179179634827,1.298502916899738,1.2337857597510007,1.3214244827971644,1.6413524380074416,1.6813448932428303
2021-07-22,1.5753862955867641,1.4522248398292668,1.788545294364225,1.4999480292911989,1.4332636558813714,1.5498135910451276,1.5588975189639107,1.794039419460511,1.8552864847074209,1.34513567498294,1.3328929947817199,1.60993098492221,1.2658003909353,1.309537997453907,1.2534710102809148,1.337730144860628,1.6438733105840881,1.6785742514391695
2021-07-23,1.5909347177239086,1.4647322520788002,1.8036226753681317,1.5129179992050794,1.4427020937379864,1.5634876466816807,1.572206577327646,1.8088494776119812,1.8692564377890655,1.3554969910351466,1.3399841191744766,1.6247931774844306,1.273727111000142,1.3162009910737154,1.261507146789537,1.3459840968798136,1.6588717245476756,1.6921945097636868
2021-07-26,1.5895940735579563,1.4644472437555445,1.8021576466253086,1.5127937201550297,1.44248983022153,1.5638408307330964,1.5723759929073338,1.8074509035830606,1.8709876263332827,1.3564710952442944,1.3399113614985745,1.6245296995844263,1.2773147140358612,1.316933967993678,1.264873968644369,1.3463029184554642,1.6584037961024163,1.6963196327041008
2021-07-27,1.598874252706345,1.4735405524498997,1.8033977448071499,1.5169621825344706,1.449760437153543,1.5703322796933648,1.579351771685058,1.8071907020376892,1.864816427661534,1.3672077823735582,1.3508360570778821,1.627167118992456,1.2817486755009562,1.3233510439698013,1.2693883878512766,1.3510730520937204,1.6608440416598684,1.6935838091002782
2021-07-28,1.5936447274483105,1.467175162620532,1.7971955754196942,1.512225664097811,1.4441520825167842,1.5663732792777643,1.5775273812416755,1.8008662574558862,1.863843232193114,1.3610056833829427,1.3437113059921288,1.622876716790384,1.2773877231191848,1.3161787285547055,1.2642383104807187,1.3486989182788773,1.6566899924703238,1.6942603340733366
2021-07-29,1.5945338166944971,1.4679218590323475,1.8046860244328256,1.5151050243962756,1.4471837752042973,1.5693128060969483,1.5793292033485657,1.8077403399769316,1.873566882164237,1.3637079984266873,1.3426095992321772,1.632925831438935,1.276749185973754,1.3188244899319876,1.2534397426511645,1.3418192616967257,1.6671911052509794,1.7073640381536854
2021-07-30,1.5927247622753542,1.4669880370229182,1.8016606960255301,1.509277785752596,1.439406865911066,1.5594648848882602,1.5684935195702492,1.8050420444998452,1.8691509362872127,1.3601892027558755,1.3341179411143582,1.6306147226462588,1.2659287698716395,1.30800514530963,1.2445050448514086,1.3315734650779563,1.6649810167819845,1.7022934356914408
2021-08-02,1.5919857265990625,1.4674239039760033,1.7973464820689784,1.509147825634596,1.440608141875711,1.5627289272171139,1.5719113682046373,1.8007010906009298,1.8647267503327536,1.3614497752006387,1.3364598262784093,1.6290014588246042,1.2685080383239227,1.3107792307828423,1.2482923412056184,1.3336626127941145,1.6630783069251198,1.6982660672530654
2021-08-03,1.6067478237604225,1.4815576686262877,1.8116433566864463,1.5273984558701361,1.4548817125057572,1.5898315679726205,1.598446950517059,1.8152369829154347,1.8798963188427442,1.3667013892574622,1.3373256009061696,1.6423403028009007,1.2728846951864135,1.310838777607636,1.225738087652761,1.328950404446274,1.682396661025008,1.7188947078490853
2021-08-04,1.6023015250396324,1.4748827714439054,1.7964022219579334,1.5202996725361513,1.444307821210528,1.58752267458183,1.5948698803836505,1.800714814905522,1.8680813398870673,1.3615020798400292,1.3334220183553003,1.6296560073764383,1.2670009412443575,1.3051855320639856,1.2202850218540333,1.3246313184910525,1.669112305167566,1.704905392166181
2021-08-05,1.604962902243598,1.4794706880935806,1.8025916756992872,1.5241279404638244,1.4500975430833165,1.5853463072442517,1.5966106823433888,1.8075940427788004,1.8767972199144483,1.3680747507483797,1.340882095494929,1.6352009960086067,1.2691379118020605,1.3104653479017654,1.2235930815440381,1.3275553543780212,1.6742739069795598,1.715680797147866
2021-08-06,1.6025152615498384,1.4751558723321125,1.804300616153306,1.5231558172364745,1.4465064073810037,1.5843165631575293,1.5952569234416647,1.8082796026732415,1.8808720672366466,1.3698740219105308,1.3436593738252989,1.638355174720915,1.2692741878701264,1.3120177057614368,1.2250959399902521,1.329902859300045,1.6773077957632632,1.7221699716511776
2021-08-09,1.6052644862856607,1.475415904888863,1.8016123974054072,1.526127498990117,1.449383633654749,1.5892256110183323,1.600235092204703,1.805973351064587,1.8801950735699537,1.3789282289099245,1.3517253736788097,1.6375244295634885,1.2732492310357018,1.3182457259253535,1.229230380064841,1.3341359218253956,1.6767246454142912,1.719233746801844
2021-08-10,1.614099778931005,1.4800515094603948,1.8054889677495551,1.5356609531510923,1.455307251454684,1.6005685272573156,1.6121947736161517,1.8094302879522177,1.8798225505979929,1.3810026654960008,1.3526891552755917,1.6404957793374508,1.2784182079494384,1.3201640884014483,1.2288071211325027,1.3348488347071599,1.6798048685351918,1.7244655290715962
2021-08-11,1.614589698063899,1.4821728063757849,1.8103888826343393,1.537086419586975,1.4554878281922494,1.6005266900548951,1.6130170986119456,1.8131671044677924,1.8821932295759327,1.3807841849976952,1.3536283968002214,1.6481437300092503,1.279548597140858,1.3227752560745107,1.225583825199481,1.3325872958418714,1.6873653376916415,1.733780243365414
2021-08-12,1.6208245307186044,1.4880050786130559,1.814176583689515,1.5430514499456471,1.4599025478198506,1.605465171746538,1.6192515716550655,1.8175650733723576,1.884318725788686,1.3836800778236928,1.3561734432905737,1.6497616850692876,1.281750539145644,1.3225785876630054,1.2221898184064546,1.3313027672878746,1.68878604744186,1.7335094919687628
2021-08-13,1.6315356202965055,1.5004492215816194,1.8209804903748463,1.5519019336818065,1.4681923991999444,1.6160918502549517,1.6305823327275317,1.825100236277439,1.8886247136191645,1.3891634527163075,1.3614511780403369,1.654716184250019,1.2863207663700544,1.3281224339540731,1.222971165416146,1.3332710885391046,1.6939154101501106,1.733867523229955
2021-08-16,1.6424336806981432,1.5106612325933864,1.832085544582959,1.5624232801272604,1.4781885295891983,1.62360541712521,1.637468037118535,1.8365554324777142,1.893913140200993,1.3988775202246126,1.3717507668602626,1.6631627684309602,1.2937014165878766,1.339224736028379,1.2282987113490729,1.3390843762758236,1.7022234452888643,1.7357017356274527
2021-08-17,1.6507672837353813,1.5188997523457777,1.8295174827304528,1.568916836579916,1.4838666176126547,1.6333679677270967,1.6486673121166835,1.8348470583419745,1.8853924842686238,1.4051567546624455,1.3805785195566274,1.6584215843085894,1.3024980398604205,1.3449420989903218,1.2402508766980485,1.3517465310903962,1.6972789127109842,1.7238634596054812
2021-08-18,1.6280122930003116,1.4950316732061144,1.8095769022665318,1.5437843220044305,1.4591048716556319,1.598703732849777,1.61243196897644,1.8130069393226516,1.8664115118477924,1.387585083274734,1.3632142671251428,1.6402137298394537,1.282371536968132,1.3280408901853837,1.2187190827524486,1.3296094003571652,1.6785716978675884,1.7067177120150119
2021-08-19,1.6312059251349247,1.5000526378748493,1.8142985914852763,1.5458999792309456,1.4622003117116542,1.5945019700615393,1.6091502711843948,1.8184127503468799,1.8681651115832685,1.3962675289469721,1.3706802421460513,1.6446003891462244,1.2852174995507584,1.3329530366037832,1.2239041590989943,1.33480928105925,1.6826499786500175,1.704593617751129
2021-08-20,1.638396865640496,1.5067573701606602,1.8244331916184304,1.5514374943800446,1.4651946892884997,1.5930895008020856,1.6101135638674502,1.8288679373141339,1.8795493638019907,1.3989744876520351,1.373116582981829,1.6545523360398642,1.2871466510767227,1.3355684275177524,1.2217555941553528,1.3341923590364118,1.6929853168883027,1.7164251548229799
2021-08-23,1.6362835409915375,1.5048324871895398,1.8283271109971386,1.551251186128579,1.4670231733537176,1.5975760885027877,1.6138021154403566,1.8328343196466406,1.8943962459518144,1.4002194168438862,1.3746217363754156,1.6579615966094845,1.288955580265158,1.337514869382585,1.2250375448933049,1.3382519689663985,1.6963324152377692,1.728939063126095
2021-08-24,1.6245439489108837,1.4934146456953854,1.8220913685484694,1.5393383874336386,1.4557372033473321,1.5863271474294818,1.602526151626568,1.8267600638016581,1.8933045329788631,1.3915802291969326,1.363645648755195,1.6562188473243273,1.2821440616021516,1.3321159404003922,1.217599591728358,1.3290811790184303,1.6941802972507238,1.7348549572389784
2021-08-25,1.620136269624007,1.4896090592275837,1.8214910802297974,1.5364771693407255,1.4505846887333407,1.58333529006306,1.598977774770017,1.8255901693593182,1.8967223759574463,1.3871749048919204,1.359805799373081,1.6601139314517344,1.2797244919892876,1.326671111158572,1.2119342019643908,1.3247274093203218,1.6980824108051988,1.743422750155531
2021-08-26,1.6140857771619759,1.4854301451499277,1.813967467082241,1.53196673710874,1.4494976099596533,1.581917464147454,1.5972059010360649,1.8181842501260579,1.8885414928633246,1.3844743212431652,1.3589549293350445,1.651568469137252,1.277053664583447,1.3245917624290235,1.2110281355505714,1.3218470283363641,1.6888923704796648,1.7321293944275322
2021-08-27,1.6154779068395666,1.4870059659870811,1.8217314505759685,1.5327631606202228,1.4506981105963885,1.5829641088636177,1.598788591280023,1.8256911185890514,1.902355070996923,1.3858142766235688,1.3614686312596287,1.661492982725964,1.2804543859834256,1.3282564183852645,1.2154913857433178,1.3267105229312777,1.6990431168405893,1.7494648475431747
2021-08-30,1.624129712342369,1.4957527885749065,1.8278786762280181,1.5406987798380658,1.4565263081966229,1.5912764338340224,1.6072594627926162,1.8323861278134623,1.906023958242049,1.3908025912420376,1.3684818517431516,1.6656166841214817,1.2837735980763685,1.3301449327613126,1.2148154309436048,1.3271488888230039,1.7031339022066398,1.747943594497167
2021-08-31,1.6253994724228809,1.4981902785086387,1.8278227676403933,1.5413236000305741,1.4579184765177913,1.5970101883063779,1.6125958054381653,1.832104711036433,1.904506046845187,1.3949606964640526,1.3731171353444416,1.66673109238006,1.2882999562745923,1.3317967747267483,1.22012873812265,1.3337350978595952,1.7040518311362258,1.7483604073513672
2021-09-01,1.630121822168537,1.5045483339868764,1.8287626196222213,1.5431674716747747,1.4625652531789233,1.60120808649076,1.6179300651160493,1.8326701977948296,1.9033757778430918,1.399649098417384,1.3784388158915148,1.670124068400668,1.2931536044559522,1.3402273097464916,1.2300449214734472,1.3421480165131485,1.707260888879461,1.7479727754516925
2021-09-02,1.640829565683744,1.5124881625039106,1.8384395730499252,1.551952220110244,1.4721576814088038,1.6090331172513603,1.6263361431472518,1.8413655376974296,1.911157223282692,1.4061355240087992,1.3901684044878395,1.6798449405900935,1.2997452150956508,1.348860770176725,1.2377796819795048,1.351294051417175,1.7171496004941278,1.7584705892652177
2021-09-03,1.6413139781951622,1.5124756974830376,1.8365534652577467,1.5517176810417406,1.4743786775066212,1.6148464268924145,1.631196063801943,1.839310733640341,1.910896598109443,1.4083015971284536,1.3926643347899041,1.676678962575857,1.2996739102235486,1.3506643327429508,1.2358617226859097,1.3491413212801098,1.7140924569069487,1.7533550065582517
2021-09-07,1.621078758677024,1.4915092567319352,1.8176210537340696,1.5254517114692001,1.451189981079736,1.5745633295403905,1.5942046570679447,1.8199510264091738,1.8988838839521633,1.392831140618699,1.3774264202909312,1.6585285709126685,1.2844317864710315,1.3373778930577667,1.2209927112786456,1.3335948959043142,1.696122019371485,1.7380749623044012
2021-09-08,1.6271314048338381,1.4967130939147537,1.8214405587528597,1.5329450845318764,1.457365379374575,1.5828712937385911,1.602030491033857,1.8236918759413774,1.8966713035594922,1.4003435293705433,1.3849847587144968,1.665579215245476,1.2906967744102895,1.3482822455206085,1.227697866375773,1.3410502032261848,1.703357941079806,1.7380191545415173
2021-09-09,1.612750518518732,1.4804817454807073,1.80861879305706,1.517964123544525,1.4441815141270657,1.5687229813592112,1.586780476097027,1.8109740563147592,1.8884725255096444,1.3885642781640726,1.3736181402414305,1.6543390926975365,1.2810754663654929,1.335378399243561,1.219933195526517,1.3309661429809931,1.6915798099488553,1.7315296079099676
2021-09-10,1.6075687533028924,1.477439435115761,1.8003627009667253,1.5139944916193504,1.440005546462268,1.563186016802401,1.5824651594297523,1.8031872165963592,1.87923860524968,1.3808228706511791,1.3660722155629597,1.6440867027034731,1.2708885149415987,1.3303082191181461,1.2106004760795732,1.3212062355209968,1.6820533433429956,1.721062675830645
2021-09-13,1.6023101599364171,1.4733410391312332,1.8008801531375216,1.5096642315197935,1.4374170407414917,1.5579812999687521,1.5754417267969119,1.8038916835423098,1.8812015181612116,1.379177254169733,1.3659439981918517,1.6430298561734415,1.2695141186624366,1.3285643140566683,1.2056997920723695,1.3157704423956564,1.680530090161858,1.7251003207603037
2021-09-14,1.5935188636453896,1.466033689369595,1.7893585144004809,1.5009276006244023,1.4316853328801242,1.5505698129194156,1.5667253067212688,1.7915511016378018,1.8692384802035737,1.3739062808645048,1.359937781583854,1.6349585689356845,1.2637144930651165,1.3299334143934252,1.2005113620538799,1.3107233710027582,1.672474108487104,1.7132913202954014
2021-09-15,1.5968669007436054,1.4677917452084697,1.7994633077228064,1.503608847343764,1.4356948753343246,1.549480836352219,1.5671177039514075,1.8014167641027572,1.8822990221028597,1.3717134571603988,1.3620345175124298,1.6442534785471008,1.2636349940105236,1.3314743816447252,1.20180779480186,1.3103052164382272,1.6820065896296348,1.7283233691371633
2021-09-16,1.5932074278986248,1.4633271940301058,1.7948383884603998,1.4996905116368675,1.4343083139549075,1.551005872506631,1.566694708089507,1.797204279997718,1.8793762097028777,1.3656881377468824,1.3548190209368118,1.6399493678721806,1.2608320070311796,1.3297853959435302,1.1958413498127027,1.3031992638958037,1.6777649965860086,1.725231293632708
2021-09-17,1.5823362665871405,1.4544261841241153,1.7835866947285035,1.4936919949887217,1.4311452496217505,1.5457221000086223,1.56159181375549,1.785637801089468,1.8659247128654848,1.3589983610900773,1.3478825512367538,1.6271917180093487,1.2534597627992778,1.3267787483781839,1.1888609716433531,1.2976026454917704,1.6644858917942462,1.711270460729528
2021-09-20,1.5701746864651411,1.4448011059603119,1.7641560812089714,1.4823373040377195,1.416958604573482,1.532617745782069,1.5477054836100546,1.7658437884863132,1.8384042502173479,1.3521551780817331,1.343635749089034,1.6096954622535937,1.2449593835525405,1.3189259169837109,1.1832157840386925,1.2898146578330898,1.6460695505860137,1.6856475829083553
2021-09-21,1.5697129920114323,1.4414593521101986,1.7627349143265791,1.4789341647652414,1.415018727730359,1.5276852550745799,1.5428055755067476,1.7646026075809018,1.8378247374685104,1.346830686896279,1.3392102161719146,1.6057480746027009,1.2404699639915635,1.3160060238432016,1.1793345012232388,1.2846490893838407,1.641986882153861,1.681083184380807
2021-09-22,1.5743971454040033,1.4458884441323108,1.7718656998244298,1.4842386023249456,1.4217802567084041,1.530728190158791,1.5472307443218367,1.7741426822917967,1.854294445309027,1.3463483492362849,1.337125390243556,1.616147433545656,1.2395139470624295,1.3198599994400173,1.175785414437181,1.282521742593705,1.6522787554294631,1.6988261390215507
2021-09-23,1.5853141423817263,1.4529409973067295,1.7879135830195605,1.4947235999643396,1.4346413776242322,1.542349418691335,1.55918691631082,1.7896583670508424,1.8778385613693833,1.3554048827719267,1.342653889687402,1.6301053667353196,1.249497250078389,1.3302292326526093,1.1876099962003597,1.295469538273421,1.6666523341154618,1.7217872747855913
2021-09-24,1.5839521484022663,1.452779549210901,1.7868749877523675,1.4949478554184217,1.4370024208283223,1.5436100724500967,1.559331057083083,1.7885247363501082,1.8780007489218817,1.3546795646406988,1.3406449486779004,1.6294765648117813,1.2467351390383634,1.3308837977473327,1.1840306438183708,1.291725393484867,1.6660730004626942,1.7225512271759957
2021-09-27,1.5750189409704227,1.44467351490415,1.778232423043222,1.4885210321996627,1.4332626375361481,1.5455649756303498,1.5602082071584624,1.779857198411495,1.8717929318901205,1.3475020568940046,1.3338889398598097,1.6210624133916702,1.2405524224164797,1.3261908413067212,1.175377272474015,1.2828147474355516,1.656704391744392,1.7224358691158062
2021-09-28,1.553686629630102,1.4266637973573388,1.7504433994072988,1.4703671757958097,1.417777485620519,1.5234931425748877,1.5395702647041825,1.7516745404434033,1.8344200784024252,1.3382587969760464,1.3233722117330153,1.5979817239818366,1.231351282653626,1.3187177758454212,1.166795772857799,1.2742457185822305,1.6325057955013706,1.6955096065360253
2021-09-29,1.564055496495154,1.435966092968138,1.7599699906836237,1.4801422968495397,1.4217937713318738,1.5288255096672838,1.5459613147119864,1.7607508786326864,1.838785351778615,1.3434543260392218,1.3273999933071818,1.6068276019763326,1.2381170619427346,1.3262466184008872,1.1670869011961968,1.2771221850945298,1.6409725315624655,1.6994684584807462
2021-09-30,1.5436575195006894,1.4206187613270602,1.7345207874263937,1.4609156635040967,1.4018925776165045,1.512341992479916,1.5301103179482656,1.7342922874681472,1.814856987836156,1.3289991397947736,1.3120006767587409,1.583356174893961,1.2232076810915906,1.308103744293658,1.1539482721280152,1.2640582163431724,1.6164792732160276,1.6747271257594387
2021-10-01,1.556234092174453,1.4312144869081844,1.7504753101272448,1.468451934161055,1.4074144599602285,1.5195527857789852,1.5378811433115984,1.7501302154565133,1.8330620878914334,1.3318974123377478,1.315298226892839,1.595029157041105,1.2277862753273683,1.311533457782755,1.1589944480781271,1.27005600131174,1.6273487994330904,1.6927800388753504
2021-10-04,1.5522837763015953,1.4300935116126203,1.7383674147940111,1.4644027152494326,1.4054956205313813,1.5197097340131882,1.5392619161999233,1.7374305167812463,1.8123946914978997,1.3280197352175063,1.3123942185224473,1.5844849412169837,1.2231553759395897,1.3051598248833078,1.1586415984370744,1.2679422494745571,1.6158664389496813,1.6794953163549975
2021-10-05,1.5600686552594634,1.4372785966152073,1.7506348236449076,1.4729556859506854,1.4134974707345924,1.5310546955889681,1.5501490069061903,1.7503653806750643,1.8293603516462698,1.3371941786172188,1.318421251437231,1.5955483855437398,1.229671689066778,1.3172740762171886,1.1671270254748043,1.2766679981896907,1.6274729204952834,1.6935122878379445
2021-10-06,1.5647889084144795,1.44484268442207,1.755776575405894,1.4786976323518364,1.4209446771173107,1.5371171436136388,1.556512871838233,1.7554097276612861,1.832214672547143,1.3440649260180395,1.3269154079967067,1.6017881395866491,1.2349436418786617,1.3260306847496055,1.1685614017043569,1.2798194017548084,1.6335544369226582,1.6968847248342318
2021-10-07,1.5759351413262328,1.4509076055096386,1.7688884153833133,1.4873899308888883,1.4309256921021836,1.5488063527868832,1.5673765251499128,1.7683915679448432,1.8471799559308741,1.3493028887726375,1.3319010738415191,1.6131209104953068,1.2391682026343396,1.329608235535737,1.1719884611895284,1.2827033355955608,1.645407231144038,1.7111985389031457
2021-10-08,1.5697534835374263,1.4414748421639425,1.7629159082620671,1.4794092551094709,1.4268236095128843,1.5432831953913853,1.5612971887780371,1.76275233159141,1.8429366769484805,1.3474029716045373,1.329673517657498,1.6069170895166105,1.2321257489613238,1.3283256760505853,1.1661076066928302,1.2766933810319008,1.6393516842259015,1.7074354753976904
2021-10-11,1.5598954573785,1.4322013905320012,1.750706178016857,1.4706744159507774,1.4186990833761248,1.5299933422680958,1.549445695495931,1.7514333307131507,1.8287134805149217,1.3391954095031666,1.321518663648378,1.5977260887282427,1.2247006803538267,1.3220472871478153,1.1626251140938197,1.2722592900911547,1.6300033252694235,1.6973911652316636
2021-10-12,1.5570261313422395,1.428611112070199,1.7465082137024188,1.4663112489006584,1.4141444345771383,1.5277700389012252,1.5475716001077475,1.7467329464615338,1.8244614988788126,1.3396328821536923,1.3228484619460972,1.5977491541670523,1.2254326553666348,1.3221815466400317,1.1668219345923678,1.2781971282923632,1.6297509685645253,1.6985724674277929
2021-10-13,1.5585182432697515,1.4310258558997335,1.7528018422210114,1.4669346827005951,1.413999270761154,1.517133333780147,1.5392051945993215,1.7536313763200624,1.8305663076954393,1.3399530609703787,1.3244918038265414,1.603544629706232,1.2230187708266582,1.3232563223775626,1.1622458081149523,1.2739984702262752,1.6355100599195125,1.7023755814003598
2021-10-14,1.5749646539273452,1.445442682616297,1.777757345888984,1.480612872914415,1.4277547889895148,1.5328659031296785,1.554190199569342,1.7786497766571419,1.859718411848361,1.3498360367564424,1.3373614257586461,1.6291558516791158,1.22928923265617,1.3301747071574355,1.1667743629117084,1.278777827637505,1.6612964660976492,1.7314738424347675
2021-10-15,1.5837145531994137,1.448576361884268,1.7880887247908996,1.4879379949162728,1.4333741292445075,1.5475729457746767,1.5669243743050656,1.7886788863343572,1.8746296989423124,1.3510191913677576,1.3383447185072894,1.6329200369123718,1.2291139854667195,1.3313290449381148,1.173522254230337,1.2838582727691312,1.6647420971819615,1.7381495042067248
2021-10-18,1.581342811691813,1.444272710932756,1.7857100340802485,1.4855617664685274,1.4295696359709404,1.5448760575011373,1.564189882567636,1.7860589324027096,1.876536428459076,1.3459077334669314,1.331310017752927,1.6311010248021736,1.2219163949320428,1.3256316535249855,1.1677951649325227,1.2769935368124832,1.6630908287649224,1.7394077510795762
2021-10-19,1.5970057272789298,1.4600810270719928,1.8005217231187989,1.5002609691231037,1.4404801362256991,1.5609689444139296,1.5798661838479446,1.801040788918963,1.8918968272631322,1.3572459762017284,1.3420109472004744,1.6433659728372922,1.228986137875966,1.3332117551505474,1.1713166983972978,1.2810353541716628,1.6754452332871224,1.7509726843718314
2021-10-20,1.613965912120597,1.4755303034120284,1.8131825677508662,1.5153616315351195,1.454739012462553,1.5769057919272704,1.5958247901403178,1.812480792278408,1.9006381526369576,1.3638340636891337,1.3487330024188606,1.6562046434240139,1.238868036849119,1.3386669937251223,1.1782018849333156,1.2893795089927795,1.6873578178339688,1.7633060421580427
2021-10-21,1.615960451383962,1.4777656964289614,1.8159720109436466,1.5191023121399294,1.4550887014160292,1.5785355439016056,1.5965321005557562,1.8146286475929783,1.904410297181736,1.3719276046417896,1.3570385246146057,1.6615024770313926,1.245286920663675,1.3458758564461648,1.191811361578533,1.302432646026645,1.6924879534671733,1.767458042595873
2021-10-22,1.6225936700603425,1.4771850583328052,1.821086011499934,1.5216070142916232,1.4544561786681518,1.5808454660554843,1.5985238240224884,1.8191665853064924,1.9086085937013506,1.3783636250715943,1.3580306503512045,1.668308582293551,1.2509837776559847,1.3509183360916708,1.200449687247879,1.3110201046214998,1.6993917064681778,1.7730972252320065
2021-10-25,1.6248795494243684,1.4780705114704928,1.826459274328495,1.525903632010963,1.4526572890342746,1.5879023246817539,1.6054381972335112,1.824439839010243,1.9185010963169185,1.37627521373699,1.352924115848978,1.6686065661062932,1.2506731382939338,1.3496835031237662,1.2001719021020552,1.3110183831656461,1.7002765905862072,1.7773710324164207
2021-10-26,1.6225043917434072,1.4725065939715953,1.8273998962168891,1.522135403255881,1.4516438856012,1.5774625053325448,1.596790945409094,1.827042840534069,1.9197780137151945,1.3700351382124143,1.3515744996394625,1.6686706325952445,1.25174679604584,1.349112124528099,1.2000758180476754,1.3104480207270326,1.6999124178083123,1.7751137231499783
2021-10-27,1.6120098898612982,1.4652587500661807,1.8140500605407852,1.511359206482592,1.442174385015765,1.5670855817043219,1.5867914709204138,1.81332065637167,1.900565444771858,1.3655536699008581,1.3441633108200048,1.6509075976746983,1.238479096461591,1.3444139986572987,1.190145116905055,1.3025608304188543,1.6823358690679806,1.7521500963893741
2021-10-28,1.6223422932164242,1.475228369586309,1.8249000504765758,1.5234620390811557,1.4523403076973347,1.5808468700756242,1.6015985725723172,1.8248531976212479,1.9150618327831526,1.366283900441976,1.3447735713672972,1.6627077368198175,1.2427970728934594,1.3427200706322056,1.1910485650756921,1.3045638240387223,1.694836316444748,1.7692302791612633
2021-10-29,1.6212933050553193,1.473240914254799,1.8256936772416779,1.524898645170164,1.4511906469711575,1.5787911686278298,1.5992091104856965,1.8259293278736572,1.91676744094617,1.3684000475818918,1.3466161651256685,1.6642262651447985,1.2422234354024164,1.3486152886397411,1.1906595396086614,1.3032406880941203,1.6969690101396606,1.7684977253529413
2021-11-01,1.6191002124281921,1.4733423419299694,1.826044121729307,1.526757431102572,1.4475285563473126,1.5804940079106884,1.6023169274472835,1.8253321652235805,1.9209812557716692,1.373540920031257,1.3519841680036153,1.6683265623131085,1.2501109501476557,1.353468692825887,1.1991221296277446,1.3123029150789831,1.7016765370950242,1.778513493597625
2021-11-02,1.6259076994413701,1.4799458962503738,1.835724034249483,1.5333462404645788,1.4516250759716518,1.5825527191557092,1.606362098196257,1.8358873134576068,1.9302729068959719,1.3768813435540017,1.3518501773904283,1.6761221500418837,1.254119211509689,1.3588614258474137,1.1974048957286147,1.3110093142934214,1.7096430801892715,1.7840440702137597
2021-11-03,1.6321037400228386,1.4865038875105323,1.8474137951046687,1.5422885624179608,1.4562709252159463,1.5871738121483083,1.6123799546337665,1.8476827843396972,1.9428318208816004,1.3835632708774586,1.3613882180875547,1.6816007908786976,1.2623869909236396,1.3655076990652895,1.2006699133579604,1.3134824738904658,1.7162080517426928,1.7911592066785396
2021-11-04,1.6254851034377904,1.4835859985335473,1.8486971581154776,1.5360528612702247,1.4474385302150259,1.56959536557545,1.5955704625194662,1.847905944676484,1.9460298328666066,1.3775363381752457,1.3530369001962124,1.6798859713369088,1.255744219493873,1.3535225447961017,1.1955420931037326,1.3091221259391812,1.7140060121631928,1.7895001560378172
2021-11-05,1.6237918514926843,1.4846371128961464,1.855365081074673,1.5334287128783808,1.438866396108493,1.5566957730900786,1.5817489849983326,1.8506541917069037,1.9521541012784267,1.3736053026085857,1.3518365869717723,1.683780055971771,1.2538353669399542,1.3495321751869527,1.1914463489436662,1.30499941356184,1.7174220248507388,1.7990268467991937
2021-11-08,1.6235664442865474,1.4840934562654764,1.8543495216247825,1.5337359006840903,1.439461083308305,1.563003692029206,1.5890208332327849,1.850614249844388,1.9569342436271138,1.370871763916292,1.3488098084991826,1.6847943822569733,1.2564014827401297,1.3473729837280457,1.194004586124059,1.3083701590001922,1.719044541380195,1.8026502893828424
2021-11-09,1.6232954091994571,1.483602671211221,1.8530968321580024,1.529270972421984,1.4385393407984142,1.5509218736710157,1.577317252025311,1.848606480155861,1.9498175887042506,1.372556763788824,1.351343725408597,1.6867551725827692,1.2529099378384814,1.3464907835257056,1.1934624072662825,1.306913571112726,1.720699312497429,1.8023297023381302
2021-11-10,1.6243651209488745,1.4852980776446258,1.8507859440696133,1.5302954255830885,1.438258554991896,1.5510992204945102,1.5775115480880053,1.8459745597802117,1.938155711177919,1.3745789803783381,1.3577355629527958,1.6842254549012585,1.2543016383360948,1.3477330865020054,1.1954234558271144,1.3087344811332848,1.7173353404091447,1.790467052990554
2021-11-11,1.6192926307672775,1.479582870444392,1.8457691341465738,1.5290018156455463,1.4360943521414167,1.550598225157806,1.578023168755762,1.8420377976547957,1.936034890515402,1.3744436780791476,1.355281381364244,1.6835155389617584,1.2542016663983466,1.348070765185911,1.1942419063059362,1.3078919430668625,1.7170594704503124,1.7936312550040932
2021-11-12,1.6244799072262972,1.4832824444034598,1.8542434338441736,1.5331665498747074,1.440367307759847,1.5539836123882171,1.5805791443152757,1.8506508764410103,1.9469771881383913,1.3766626792158936,1.3577301973989029,1.69250976589264,1.2567009766669832,1.3504695533805517,1.1932626020950134,1.3067314057557302,1.7266121907987244,1.8027931310606895
2021-11-15,1.6229893125123531,1.4827681054137776,1.8538330021979006,1.5328142746565874,1.4411753631508353,1.5503618956783545,1.5770130864447884,1.850065065878981,1.947238441617119,1.379924682881906,1.360191395617916,1.6952084640463003,1.2584688755594882,1.3566809721250817,1.197204303702433,1.310062452767169,1.7281677704456841,1.8049797684394993
2021-11-16,1.6207086594771658,1.4798558157701718,1.8559712317465185,1.531890772812484,1.4387901720810778,1.5544669326613916,1.5795692687599974,1.8538407099613106,1.9549005756855489,1.3728329678882305,1.3547365933590128,1.6990162385022605,1.255968917760201,1.3505806030348535,1.194539686310289,1.3064123616856738,1.732859602724073,1.8088848300389473
2021-11-17,1.6173686707680166,1.4762427081533394,1.851172445972204,1.5306962120016183,1.4367922847072034,1.553935311725486,1.5784500856204733,1.849010602309037,1.9475308742951427,1.3752551607094705,1.353886237243324,1.6943502383275588,1.2559183485397885,1.3532743968821723,1.1976157438980135,1.3088339122994492,1.72793326149666,1.7999902292124084
2021-11-18,1.618316582449262,1.4746439334558696,1.8476753127224104,1.5322342895723915,1.4411709728125464,1.5587864864150056,1.583505813881182,1.8462476909709349,1.946875623883391,1.3701024993420854,1.3449671687950684,1.688825842986888,1.253457781713997,1.3484837200463224,1.1925946618454428,1.3032646174058045,1.7218718382998561,1.7947850046130376
2021-11-19,1.6158742632084868,1.4699065999733871,1.840077364878324,1.530091335378669,1.4345909905022975,1.5639231614447164,1.588344320069245,1.8388328174176158,1.9372208696093605,1.3628477311871272,1.341651869133675,1.683389611725955,1.2494523119968928,1.3438444113414298,1.1911770286737262,1.3007291410621307,1.7165671240272766,1.7850238457796983
2021-11-22,1.6184807348609322,1.4728176811493323,1.8392910854702946,1.5385339404712124,1.441304149817111,1.5763185655739649,1.6019884594474223,1.8382141994588344,1.934179940975424,1.3706032750333277,1.3476448039116131,1.6821904286301397,1.2563760437355433,1.3536688896694502,1.2033080343659543,1.3137938166517078,1.71567120807022,1.7851204406290444
2021-11-23,1.6245219317045605,1.4755633303697127,1.8469777883281637,1.5439898426609293,1.4499097894031676,1.5789034987878074,1.6046625489005966,1.8451744871382594,1.941146321678323,1.3784725688379742,1.3541070626670126,1.6867147778271692,1.2615618561880653,1.3640616187645593,1.2105682822610615,1.3215335698561765,1.7190338669563168,1.7911119825843547
2021-11-24,1.625812067547541,1.474225629225717,1.8478511948863614,1.5425435098488114,1.447817089182754,1.5774656535781746,1.6035624915888393,1.8457061895448057,1.9456184708353572,1.3805018165198901,1.353153929437268,1.6874217373547742,1.2600035269064913,1.3622835967573592,1.2125979615723954,1.3225157674932695,1.7193539403991809,1.7938285331900359
2021-11-26,1.6103169691182382,1.4621868220276613,1.817109218352579,1.5309481747113478,1.4417666907428326,1.5757704899955642,1.6016125822687204,1.8164012080738852,1.9068875340084068,1.3736073710997638,1.346883411671015,1.6578323334091098,1.2504115413982564,1.3535482030427546,1.2041152480945583,1.3139738072297482,1.6901727534639026,1.7510918227960728
2021-11-29,1.6087649354338642,1.4585820655754689,1.8293683781863768,1.5324769068883142,1.4417666350540579,1.5680320598720563,1.5949203772175233,1.82873204507695,1.9284499765036018,1.3731160906047526,1.3454688285692589,1.671106510731113,1.2491955930793304,1.356038211031739,1.2029156799655403,1.313498897161038,1.7033677030709058,1.7669616928310676
2021-11-30,1.5763931672968692,1.4290140368210227,1.791413989191016,1.5024656013781001,1.4103284647103567,1.534557605530236,1.5611693508766993,1.7914624865501096,1.8877149219780294,1.3435505986551917,1.3141698369615913,1.629826094078664,1.2225985668189188,1.3297390057856084,1.1790797432563924,1.2879020444384,1.661134481462081,1.721900453701706
2021-12-01,1.567806245682523,1.420356829062755,1.779800192636439,1.4911182043175237,1.3968682952138982,1.5151332144159495,1.5393205042197842,1.7795416650297142,1.866360705458488,1.334406087480994,1.3026359585813483,1.6158807035102278,1.2119578927489305,1.3231946927506621,1.168296921238047,1.2745195417017232,1.6478049335293241,1.7002747356233683
2021-12-02,1.5824447292153572,1.4338164038595629,1.8054499085359548,1.4996979473891703,1.4052972970445523,1.5165667038306503,1.541921232279238,1.804517045154884,1.8976428429821712,1.3500914756500777,1.3191611331617574,1.6470220244666076,1.2273875761577562,1.3364202406657377,1.1825169409568788,1.290546119177844,1.6795579901511057,1.7386459987814245
2021-12-03,1.592800360289147,1.4454896674740694,1.8097031825539986,1.5103812246670794,1.4158916891259143,1.5251923901948032,1.5499628295062235,1.8069154994511307,1.8891027393426536,1.359776898022075,1.3315263485259807,1.647041818113071,1.2346993419564056,1.3505066023520809,1.1883400205425003,1.2968383853358725,1.6789475693433975,1.7293158632631473
2021-12-06,1.604703961352168,1.459100338185826,1.8294726890877016,1.51778696789775,1.424319545058934,1.527109714703763,1.5521499428183458,1.8261961174012462,1.907942542077344,1.3686916342387365,1.3422135664553738,1.666664432612536,1.2389187490715428,1.358632672140564,1.1894997872571134,1.2987225613742293,1.6988783925079534,1.7520528831593758
2021-12-07,1.611825216599402,1.4642245216375611,1.8489589604186039,1.5279141127986595,1.4347373076637016,1.5406119288129805,1.5639516530177928,1.847947474088512,1.9433861449273446,1.3744799723349577,1.342320163874416,1.6877850550162248,1.2477794229527448,1.3626410228261587,1.19408123191199,1.303835855170424,1.721231679438583,1.7823445900639197
2021-12-08,1.6112741720346513,1.460960329236084,1.8482540361632,1.5259264198605078,1.433178610141355,1.5418866478354365,1.5643499631589415,1.8474391010649645,1.9441541853301374,1.3766058191017045,1.346869030393379,1.6916855677464278,1.2505047728457532,1.37155418290353,1.1979408795060378,1.3091741077980064,1.7253405561653148,1.7879467477588635
2021-12-09,1.6107467620219398,1.4612901954125253,1.8454848502882724,1.5278856119440736,1.4285344940216822,1.5349779691281114,1.55920975320964,1.8438695554965776,1.932211483393266,1.3737095714883878,1.3438693783472877,1.6841300488194286,1.2466926937103942,1.3682025897408532,1.1952212741754784,1.3060839555984833,1.7171863144356392,1.7747633840495822
2021-12-10,1.6242878156258178,1.4716214332067357,1.8648167745393673,1.5428123050568936,1.4385337933047386,1.5303103799805875,1.561086157250312,1.8642431372270214,1.9493631280364792,1.3886075415666113,1.3525942477215702,1.6966656724953484,1.2560967516564687,1.373641232214702,1.2025786433553747,1.314904564120576,1.7311233192358257,1.7857172457765262
2021-12-13,1.6353848176270036,1.4850119308728722,1.865343561644116,1.5515599824759976,1.4442337081464738,1.5415827559196011,1.5720742214388246,1.862273655744569,1.9355571061017167,1.3983758560194932,1.3671194571241103,1.6979004696287716,1.263998948967073,1.3839972696613023,1.2068709383825647,1.3204536731398544,1.7318795694422464,1.7733548172134448
2021-12-14,1.6357786180398672,1.487099286499515,1.8590694602355031,1.5500467843577843,1.4436275289727594,1.5408372736752092,1.5722630807350948,1.8547070112060884,1.925310029663655,1.3940290926943013,1.3676328227917125,1.6879497730754505,1.2601813965118789,1.3797047869019663,1.201757843190268,1.3171659568843823,1.7219089134099477,1.7626566295372013
2021-12-15,1.6543088839511118,1.5059594974870691,1.8833385237787967,1.5706071931150762,1.4543773853074264,1.551311706702954,1.5885752811217757,1.8789979723732646,1.9531015949784885,1.4081177561549716,1.379681741243201,1.7095936013981228,1.2711941664509705,1.3941004810525022,1.2147775391387914,1.3326226875837814,1.743918948396983,1.78385380549642
2021-12-16,1.667447232153088,1.5168144871482647,1.8910498538848588,1.5792143320927283,1.4587844952933788,1.5470575127594408,1.5882690891623477,1.8851424563112227,1.9472377945959323,1.417405799933608,1.3905205189834158,1.713222136237739,1.2816346858693688,1.3990092746633407,1.221645875429502,1.3428370208410545,1.7470598613016428,1.77969167603377
2021-12-17,1.6436376961683623,1.4977266799818592,1.866519961517556,1.5547298646320409,1.4374299592840003,1.5217173129745651,1.5626261769461685,1.8611820700479507,1.924116960565153,1.407622849070398,1.3831393491615214,1.6959385239023541,1.2732745168246995,1.3937477743919464,1.213520047367423,1.33202138353292,1.7304621017866657,1.7622154967858041
2021-12-20,1.6361972205360622,1.490503075754763,1.852470630319914,1.5474391175663476,1.430751708598308,1.516192342904826,1.5577572196333556,1.8466367615477297,1.90236173855806,1.4092606178906544,1.3864407011652826,1.679851739689896,1.2735093254219898,1.397120122520809,1.2193917880088347,1.3395056716861882,1.7137126740759145,1.7390032855396165
2021-12-21,1.6387367111496507,1.4940812949171065,1.8681090962254,1.5492052387154291,1.433010067737811,1.5179390219911995,1.558141641575542,1.8647694220517546,1.9336692171391994,1.4113026158203068,1.3880707489871946,1.6983440001762113,1.274788655731254,1.4003774276800482,1.2193498155855913,1.3373851089653077,1.7323733869426239,1.7714969342180722
2021-12-22,1.6486540818665703,1.5016875494343085,1.8824533894673579,1.558717815363913,1.4372450788733468,1.5232722762904596,1.5646516221510702,1.8799177676684409,1.9492761565044634,1.4167505553928799,1.3927953730362088,1.7108847603004913,1.2821469073551266,1.4055400571953494,1.229695118747886,1.3487834472652054,1.7443651979318695,1.78468123746299
2021-12-23,1.6511754553065305,1.5044333853659893,1.890625555352935,1.5612607002730534,1.4370429085193805,1.5215526170038614,1.5639375146028371,1.888277057429061,1.9619175506405895,1.4163667574422085,1.392257070238463,1.7190808806935085,1.282950346695818,1.4058901111045043,1.2297958049732447,1.3489059309077394,1.7524906057034157,1.795458258492682
2021-12-27,1.66686424799962,1.5180506859058265,1.9114280933016305,1.5766935079786935,1.4478867319598632,1.5323239769607573,1.5764733740306054,1.9094497842350575,1.985574596391116,1.426802858858592,1.3997854571028165,1.739868562102228,1.293691440442269,1.4166896244929044,1.2375146941999497,1.3574049153965118,1.7740343326562873,1.8188185703456705
2021-12-28,1.6709558587952273,1.5238572333999072,1.9132992317226512,1.5801453359323525,1.4499083189612898,1.5368008262876944,1.58036622184019,1.9111995599114682,1.9833467329555863,1.4295637544625777,1.4062238779807457,1.7443012307495296,1.2959654303644088,1.4205392216172217,1.2417737671922318,1.360490974968806,1.7782272796654275,1.820492766450807
2021-12-29,1.67435606903056,1.5258405197377536,1.9187373949120514,1.583452136890924,1.451633122047619,1.5360946357793521,1.5802118220994492,1.9167819599377904,1.9873727437131727,1.4370168199769877,1.4114541251920425,1.7516676199012917,1.3003832024052056,1.4272497453759165,1.246999326742125,1.3667437002582696,1.7851447974672168,1.8260859099646312
2021-12-30,1.6744456072194158,1.5242771797194803,1.9162621748287492,1.5832717280854545,1.4518978776927252,1.538728460060136,1.5820817023111386,1.9143462385749013,1.9829965019055447,1.4362519637669182,1.4133938372104509,1.7500172920236583,1.300043743735544,1.4273931352696183,1.246087920143012,1.365945675572858,1.7832766732325902,1.8230335987922188
2021-12-31,1.6758167489495615,1.5248580008382426,1.9158237345952924,1.5843621706715485,1.4510584128035708,1.5402499633919469,1.5835026540711414,1.9144398628748371,1.9801899374364014,1.4400020197171308,1.4159886725242432,1.7521008486027205,1.3017566344554121,1.429191415153313,1.2473360740057347,1.3666160303334336,1.7853073044381704,1.823961525783624
2022-01-03,1.668488179479392,1.5224762842900301,1.9110423977360171,1.5818817384365784,1.4509578899012392,1.544437396661107,1.5870006743832996,1.9107855422890325,1.9875725342815826,1.4382272678259296,1.4140858624979062,1.7407931334205522,1.3044274889495835,1.4299898483976063,1.2556750632433373,1.373995772930783,1.7742019869182515,1.8219341465321095
2022-01-04,1.6668790266735662,1.5187486556563978,1.9116791499614108,1.5807117152485548,1.452787751632249,1.5426278732346497,1.5845698763865737,1.913002356310161,1.992732376585557,1.4341538960190603,1.4079726302726097,1.744262874217756,1.3029494165670694,1.428399891572295,1.2521930791584182,1.3708314530662542,1.7785007377120203,1.8337889472074316
2022-01-05,1.6561101361006647,1.513132524564626,1.8924890576512006,1.5715685612913641,1.4406932291036454,1.532080376482058,1.5743767332591376,1.8923617869851024,1.9597076975210197,1.4242511884325841,1.3975858673810344,1.7231795329985045,1.2933119091037353,1.417641520981614,1.2411264409008231,1.3607212977317704,1.7559029699301532,1.8036645640716145
2022-01-06,1.6503959944257918,1.509474282780803,1.8893283664017912,1.5682699291872304,1.442313121427858,1.5269552971683569,1.5708873453774708,1.8874923802236856,1.9610598826155583,1.422343373948907,1.3956391209634882,1.721303586727095,1.2864824022034647,1.4144855811036732,1.2347905096142235,1.3540004487219004,1.752159810514187,1.80728715971221
2022-01-07,1.6548099300066959,1.5159317083247703,1.883761179472695,1.5726004669290485,1.4496418437211356,1.5379637440259821,1.5824671722695602,1.8827659654081432,1.9499186262285964,1.4279795274791642,1.4008314872329055,1.7153739022299248,1.288533746357132,1.4143859669377352,1.2331966055603192,1.3538632867973885,1.7455108079624349,1.7998513978040338
2022-01-10,1.656594315397368,1.5195922575386476,1.8799883329055695,1.5741496762588392,1.4500186772550923,1.5424754094029125,1.587940358134153,1.8774474398781764,1.9467506798854428,1.4307827318427617,1.4055719827683595,1.7083719398677963,1.292091778131283,1.416776192247704,1.2426458260348556,1.3609766557029523,1.7388341505510914,1.7925262590922113
2022-01-11,1.6555663814958936,1.5187578703294016,1.8871567446632993,1.5734854641490872,1.4482786804102021,1.5316775079221552,1.579156604430094,1.8845726153632703,1.9616949850070304,1.426157425681009,1.4018300303605895,1.7170741513077432,1.2844627850224914,1.4106034070082747,1.230799243049669,1.3494041877023846,1.7478639971345467,1.8085277839410163
2022-01-12,1.6533698937389776,1.5120486664292978,1.8865720026883868,1.571724989806514,1.4460838013559838,1.5245632995727056,1.5730906477931095,1.8836928655937164,1.9636304083210616,1.4252917047317497,1.39961165373214,1.7187181176756172,1.2850671399430444,1.4102848385058073,1.2322590473585624,1.351039214009729,1.7500255612296411,1.8111132386414175
2022-01-13,1.6452518495931192,1.5036393003166495,1.8731692649046308,1.5636801818936878,1.439058600640274,1.512425003574703,1.5629322531020966,1.869308176571821,1.9413569694939998,1.4175247773241162,1.3927036920126432,1.708555920923902,1.281222311125932,1.406528002093444,1.2269733475881348,1.3471759153912015,1.7389172295510296,1.796907209298714
2022-01-14,1.6377385244828757,1.4955561898218621,1.8668342037726695,1.5556593303574975,1.4304680181550002,1.4925691416284006,1.5472414377249673,1.8623493653761918,1.9384762543104819,1.4162649793877191,1.3911644400388388,1.7013423806111014,1.2804415016215864,1.4048822657630662,1.2305942562609877,1.3499588451561055,1.7311827507281314,1.7922718684474088
2022-01-18,1.6227574717915434,1.4845936467807337,1.8414436639596714,1.543365141303227,1.4143368012200674,1.4824776300455613,1.5371189238389629,1.8360745766257922,1.9001535889030217,1.4029284300700036,1.3813623780447433,1.6792085699500332,1.273612337427502,1.3913482638454673,1.2269185559073699,1.3447034647670437,1.7092964043923136,1.7619613178069853
2022-01-19,1.6195225786190381,1.488237237663211,1.8322633599686051,1.5405157664553524,1.413789365755287,1.4854492897777747,1.5385889302323859,1.8261654661792723,1.878717090581164,1.4028039674709492,1.3817809153968224,1.6705425755609542,1.2726480780777074,1.3906212447401183,1.2226161973718435,1.341683856015856,1.6995536271964533,1.7441649249899385
2022-01-20,1.6071948176452777,1.478307806172231,1.816821071961758,1.526295767908481,1.40114699018021,1.4685917964353599,1.520676044921876,1.8117797004224971,1.8578053491855635,1.3890529876333775,1.3694845005940417,1.6542596945897994,1.259072877517193,1.3774394790156936,1.2086909514628985,1.3273095002569542,1.682623021080922,1.723662906520502
2022-01-21,1.5896832264629883,1.46105974779586,1.7976405053381235,1.5111384438008502,1.3879687925779167,1.4500282008651029,1.4995824584620876,1.7886081923550712,1.8244605915736518,1.3772197782966957,1.357995374648269,1.6375940376989804,1.2506200185555107,1.3787571280555062,1.2023617350287714,1.319397976549591,1.6648770381785578,1.6972907088808145
2022-01-24,1.5821766702858995,1.452504311379458,1.7989830907918196,1.5043315723039807,1.3838406907366676,1.4422925943025084,1.4912480426720687,1.7892632813310891,1.8294749787712288,1.372040104550542,1.3532602999868035,1.643777759282431,1.2486698978983446,1.3727767435918046,1.200423989257213,1.3155390762341017,1.6720639176664789,1.7086172371490909
2022-01-25,1.5828626450316219,1.4544243201575582,1.7878779705345544,1.5032347350267459,1.3818037135643302,1.457418907799211,1.50513758392985,1.7785287818421787,1.8113215848637914,1.3665095698885705,1.3466285835970102,1.6249244026018776,1.2475267054662573,1.3649769947817083,1.1990148577042987,1.3144282146647,1.6526187786827051,1.6885252468385121
2022-01-26,1.5693583287844823,1.441124053005093,1.7734639107183414,1.488965498473418,1.3670172679616865,1.4539066853968283,1.4980607294239285,1.7647767904452956,1.8042303829828292,1.3518956217824705,1.3313759724392107,1.610497819545313,1.2358171261791322,1.3521479526728184,1.1898749155668313,1.3042506982803803,1.6374669757798,1.6775826674566119
2022-01-27,1.5694036188748708,1.4438444977292426,1.7729079996536148,1.48862645574711,1.3723016771275591,1.4534679070397782,1.496806007176343,1.7645221420882904,1.7956181042789314,1.361569815810291,1.341467467580687,1.6065298467810412,1.2473502745379648,1.3555509888573696,1.2056291106315025,1.3191216830764212,1.6324144241695149,1.6659739216883107
2022-01-28,1.6008884146408375,1.4720146171122133,1.808579297802576,1.5185078676418908,1.3998669454878934,1.4807219399531464,1.5221389226230786,1.801650209989512,1.834219924162159,1.3826841216511272,1.3634027490796872,1.6351271650528902,1.2649387815280937,1.3764785323689586,1.2219383554145378,1.338707157209992,1.6625172437927724,1.6961425287575655
2022-01-31,1.6152577627829006,1.4865162737950546,1.827674590132673,1.5319707677073346,1.414686109075499,1.4998494534917508,1.5410844913107395,1.8222192520049014,1.8667849051288952,1.3967819343828773,1.3785689460630453,1.6566398277215966,1.273731946438699,1.3871357348050704,1.2295657958242538,1.3469571282283022,1.6847144362435145,1.726059921754096
2022-02-01,1.624464107055423,1.4905538157329319,1.8361909808441954,1.5400146582588525,1.416573790873116,1.512214180446858,1.5534411014877685,1.831621958321796,1.883303116880565,1.4040193892204538,1.384916789362144,1.6615859097026204,1.2815940234047531,1.3926318288390285,1.2398190827268598,1.3570257120938958,1.6899568466472494,1.7387055376999418
2022-02-02,1.6341696183369445,1.4989266199191076,1.8494127951625186,1.5544145867634875,1.4231763390739876,1.5222637281554252,1.5638423232991119,1.8435321244727751,1.8928726368298103,1.4120316359092757,1.3926807171300026,1.676084589339069,1.2915911817114487,1.403835807696424,1.249994604681399,1.3667918304576296,1.7040747613817981,1.7516029663279302
2022-02-03,1.6240100670886939,1.4847219252060668,1.8277869524815065,1.5378130686986913,1.4110908385009293,1.518015534995526,1.5519280024859265,1.818292157903363,1.8543156107793963,1.4039132644701136,1.3870012214705651,1.6568057426932354,1.288786111823991,1.4038829802428348,1.247672925359069,1.3643928886598509,1.6831525021511893,1.7235654037438917
2022-02-04,1.6169629412887823,1.483281720728004,1.8217030634766147,1.5333989533986996,1.4155140438270306,1.5275142019087355,1.5599929241161001,1.8121904120262242,1.855980195021679,1.3963981225005635,1.3814962856250306,1.6473335694478284,1.2812123070694412,1.3931812585812224,1.239786949056983,1.3572978033571255,1.673288778232858,1.7210259724325243
2022-02-07,1.615893412375103,1.4816692017640696,1.8196310034956735,1.5317915164154217,1.4136730581908046,1.5274824871529535,1.5595435675485738,1.8099629216578041,1.852021968258101,1.4009251655183368,1.3848032986501801,1.6473066512754426,1.2827937523091546,1.398735287672733,1.2461031717599256,1.3637284925778848,1.6721997251911145,1.7214528928009813
2022-02-08,1.6209878653895622,1.4859447142046267,1.830723492924573,1.533851322586858,1.4205367438852663,1.534464833618084,1.5667588128819432,1.8203534006904598,1.8668409016686198,1.4017837526945165,1.385058003436557,1.6578962852828285,1.2866075527144822,1.4059004041770966,1.2515192409211795,1.3706000323651828,1.6820928731166016,1.7352466674872264
2022-02-09,1.6291922280433255,1.4965879341983641,1.8456890220677031,1.5456165226662513,1.428529929558541,1.5404961937533144,1.5714858928348403,1.836291731645017,1.8926035598264344,1.4094641521401088,1.3947935494603898,1.6776843280712417,1.294506933741938,1.4142492971004195,1.254511462999084,1.3734745942297555,1.7035249793349518,1.764237536384892
2022-02-10,1.608403131091808,1.4799161557597487,1.8170312928620969,1.524896220557162,1.4093469900964004,1.5261740932686394,1.554582327409205,1.8079270739385465,1.8609229208973335,1.392024744282508,1.3778346800133356,1.6498044047755205,1.2821697695391236,1.3936061519421599,1.244277116408292,1.3607489768833245,1.6749407008754238,1.7350977717584724
2022-02-11,1.5988505116677185,1.4734533683544002,1.7962617795063953,1.517185505663243,1.4003255308875344,1.5109985008976443,1.5428593811189493,1.785967087015291,1.8246299652519806,1.391858820741882,1.375608807081198,1.6331238324918047,1.285812381640611,1.3902320429051238,1.2497267424200404,1.3655157369431268,1.6583242253474002,1.710337713299939
2022-02-14,1.5946165178108083,1.4684471006130815,1.7873751061231644,1.5101280554972865,1.3933096619627607,1.5086126407030862,1.539118196730354,1.7767530123570814,1.816192317720998,1.382302663866572,1.3660521740517348,1.6217532259744996,1.2726626282792026,1.3818158743419762,1.2386923189361387,1.3530719599539176,1.6464427635986212,1.696811142127648
2022-02-15,1.6010755052677133,1.4752144886025884,1.8039401491927176,1.5163066310720916,1.3942415349690256,1.5076258706620485,1.538397637465093,1.793273303933832,1.8446055633690253,1.3845978866125483,1.366887456986783,1.6348035400984209,1.2736940186273922,1.382493984886158,1.2414767995711238,1.3556743426062803,1.6603095697899855,1.7206440367003433
2022-02-16,1.6028241198639013,1.4779244444365705,1.8051720179992565,1.5184944595996919,1.3972025511157846,1.5113242765288228,1.5409217898380012,1.7944223050614359,1.8442712779634056,1.3862610915194948,1.3650742310831392,1.6373679606441416,1.2749181758798176,1.3852803104859275,1.2422541378237009,1.3571041159324926,1.6630786715323858,1.7233617065181075
2022-02-17,1.5942545535832515,1.4703953802076786,1.7860861954583864,1.5101218683024007,1.3930237677776462,1.5015980598462073,1.5319588119007528,1.7757671973319615,1.8083546460047564,1.371426079559747,1.3472107373036961,1.6169797061054703,1.2598485436066038,1.371453462277925,1.2181763229097333,1.3369506682604133,1.641678640918233,1.6905389483402888
2022-02-18,1.5894564879268576,1.4628398967030292,1.7798693788282365,1.5043903489992256,1.3869932394888111,1.4962189685147855,1.5257873875688694,1.7692694275642364,1.79716577718902,1.369836373045972,1.3456863790023414,1.61286711779027,1.253799211870608,1.361142128785013,1.2132818458809875,1.3322883124818683,1.6365591817013871,1.682891534913063
2022-02-22,1.5757972591344231,1.4536975644252026,1.7665165190019476,1.4935953044028474,1.3749108587673295,1.4823147184868604,1.5118890189457412,1.757557040205676,1.7805096286236015,1.359191078674009,1.3366510598240522,1.6022741191427878,1.245329072467026,1.3533585766498106,1.2027412288093404,1.32071429610447,1.625562542921066,1.6679002666731133
2022-02-23,1.557844400647894,1.4392734432375403,1.7447421417193099,1.478053604757089,1.3594443763898694,1.461755806231409,1.4932400691012915,1.7358576945539956,1.7505018711970692,1.3444205890832297,1.3235277164149915,1.5796674028823614,1.2349247075728704,1.338776583403713,1.1884022091029187,1.304803727489873,1.6023825661094557,1.6396628218389644
2022-02-24,1.5479046846409366,1.4333378133666022,1.7449141015936238,1.4726097164691547,1.3533467271483135,1.4561927265432273,1.4852682420331036,1.7377814369037055,1.7682154811058817,1.3397262769271214,1.3214257421699709,1.588351372872362,1.2285564865402836,1.338391500054902,1.1851444316694677,1.3016822551357645,1.611899790287697,1.6571954540274287
2022-02-25,1.5906681249515937,1.4704659081402827,1.7903240484191547,1.5103044842408362,1.3883879822713465,1.491794275052124,1.5225496824301954,1.7824950547868637,1.8101288303270262,1.3687486419788846,1.3503313561579955,1.630703823575211,1.2584384638957589,1.3722697777870132,1.2088783144644752,1.3294024406632805,1.654570779000705,1.7009086854583504
2022-02-28,1.581551813992228,1.4656825281090944,1.7784172795133661,1.5052062188605924,1.3792432650418651,1.486781092187475,1.5188382713939164,1.7699495054370502,1.8011595195735945,1.3615556578807018,1.3436884574414518,1.6196295592879542,1.2552747590038908,1.3606032898646494,1.206198249870497,1.330754854130231,1.6424328945682292,1.689140178481877
2022-03-01,1.5726818740919069,1.462653142704606,1.760678048819552,1.5024749022564703,1.3792675180203033,1.4798365098074555,1.5157603987522732,1.7525389940873497,1.7706099719203214,1.360885416097425,1.3421996650896744,1.6019278040179799,1.2566837915254112,1.3606523598831075,1.2048472858155617,1.3286000596498047,1.6244317211237034,1.6595805592314905
2022-03-02,1.5881968989231088,1.4733932345939598,1.7891539022669491,1.5206965426630719,1.3890684062002479,1.490033308285228,1.5275676236448703,1.779997390388465,1.8062893575736751,1.3740461784311142,1.3535042001798812,1.629637370234944,1.2649687149046123,1.3650505567578517,1.2175242720000587,1.3393955170228107,1.6529391115596472,1.6954828178714993
2022-03-03,1.5905020476805345,1.4746793582710893,1.7912322347924448,1.5239331446263695,1.391395049267126,1.4835622452156811,1.523968497163542,1.7819438999402688,1.7966584332858462,1.3786517957556534,1.358058333352096,1.6340578528955392,1.2629521709120133,1.3648447421570378,1.212292049167869,1.335382279658123,1.6575220696749227,1.6917045363119962
2022-03-04,1.592034052891489,1.4778024853169023,1.78836381048589,1.529943659869686,1.3961100023094446,1.4877895837685484,1.530869917449055,1.7793651895273852,1.7816864532360788,1.384606255753958,1.3649873365130663,1.6343176588614594,1.2692843586590108,1.3635183468980343,1.2178806025980435,1.3421302710674674,1.6576541989926126,1.6809215419139005
2022-03-07,1.5631544952888792,1.454750229008726,1.7470772855212093,1.5040534075194614,1.371244896857464,1.4549280393287347,1.5023870509023538,1.7375397708760139,1.725660314415088,1.3630306494827336,1.3428546072362306,1.5981765640150265,1.2517060572924041,1.3385199731077406,1.2012615152828958,1.322333954327863,1.6216764876697916,1.630511135526573
2022-03-08,1.5344057681258594,1.428643377957325,1.7187376143061603,1.4774384344488782,1.3348544653201841,1.430691929983299,1.4756658227564514,1.7095961007614122,1.7092063664611528,1.3293358051035058,1.30911835108767,1.5745820587968007,1.2253287418716372,1.3014415428291624,1.1776836697704534,1.2966194340066475,1.5968083119785557,1.617992835503853
2022-03-09,1.549230375673827,1.4396105767215572,1.743394724043608,1.489239600907579,1.3449650978459886,1.4364575004560591,1.4809067330049617,1.736252550061956,1.7497521899523676,1.340554117293768,1.3198400354907003,1.5986681977762316,1.2317359430112078,1.3180320192074095,1.1866590912551411,1.3072474917047803,1.6218488437805907,1.6530375399712547
2022-03-10,1.5506725266573476,1.439149298080065,1.738318202838766,1.4884648542771333,1.3428313863273493,1.4397270251025414,1.4828009804474913,1.7301615695823107,1.7403020829251417,1.3377388667277612,1.3182141515152743,1.5953417068330105,1.2271636028757587,1.3176014131226412,1.1870657972708178,1.3061223155807586,1.618660876189437,1.6491390164720374
2022-03-11,1.5403277299935825,1.4277615387488498,1.7263639514511033,1.4766149166164433,1.338830599850972,1.4290347113807695,1.470278430042363,1.7166795431990332,1.7212129259366529,1.3234600490694342,1.3035148268113343,1.5805029599921614,1.2140067410078843,1.3111421803150363,1.1745948314370938,1.2920102485272549,1.6025874858263225,1.6296114761677944
2022-03-14,1.5484735564797163,1.4325854015453687,1.7297054050405412,1.4800457508657778,1.3442659462090667,1.4317866193519444,1.473826550258931,1.7180850399783483,1.7147969911181553,1.3268811336678141,1.3080226076881232,1.580708426568886,1.214888068485811,1.3123303350101423,1.1808059223382614,1.2998799487697097,1.6027464941162042,1.6230409110308495
2022-03-15,1.5736302620951228,1.456356154030035,1.7610850544882692,1.5049999010580855,1.3629117410339082,1.4551100050638175,1.4965762379333953,1.751932467878375,1.7516924911673435,1.3492568374521705,1.3314925431073747,1.6068232721726756,1.2380703799906565,1.3316390575964838,1.2090883473087253,1.3274740692292304,1.6296149390167773,1.651112937488356
2022-03-16,1.578987923380472,1.4599674233344877,1.7808004023905606,1.5100711455993039,1.36632569105963,1.45669143339047,1.4980131511054269,1.7722025737970184,1.7890599452865608,1.3503535561219764,1.3325727018559104,1.6256916982062755,1.2386967940162685,1.336111676553064,1.206357356582518,1.3248719589103222,1.6485751021768231,1.683604232226441
2022-03-17,1.5972611866258053,1.4787299739945927,1.8014174367797777,1.5292326099012044,1.3855766385452044,1.4792248752540744,1.5210804647983838,1.7923091725977784,1.8129026141584972,1.3605768736988408,1.3419241788196632,1.6439045530877512,1.2495775744490365,1.3517113447233808,1.211962632787891,1.3332595386624244,1.6677863698263817,1.7057190667709767
2022-03-18,1.5979976524326465,1.478970049358496,1.8072306112215968,1.5306736707412358,1.3836639401924167,1.4708329406358944,1.5157675869141305,1.7987114422159287,1.8282238418800774,1.3640908325071734,1.3444197059862768,1.6524028554463315,1.2501047604756925,1.3515495427852773,1.2112190658860138,1.3340940599940454,1.6773946992506281,1.7205504060045964
2022-03-21,1.6023574969788208,1.4828890069673732,1.8064730275533714,1.5339166563096944,1.391915494873002,1.4779405288631418,1.5238285535089213,1.796481323212559,1.8226862496706417,1.3721616672272712,1.3527772516925118,1.6515564321927343,1.255649097444232,1.3619652700952576,1.2160673898014942,1.3406347252996247,1.6762802372454846,1.7182432700335883
2022-03-22,1.6068272188827926,1.4872632336985276,1.815613716327827,1.5386322078535086,1.3960258129695264,1.4817579748016514,1.5288044485030294,1.8069018322765187,1.8392113555664953,1.3754054805373503,1.3550827613078538,1.6590112768621574,1.2613269123102937,1.3649152264377116,1.2203547787929818,1.3461956615902044,1.6841884789416424,1.7307375300753762
2022-03-23,1.5994509895600353,1.4795422873524986,1.7956605759184023,1.5306006471855624,1.3911284514403657,1.4803258126570107,1.526630163054799,1.7861581534151691,1.8098050737804605,1.368273612437911,1.3482785696344446,1.6414915841243118,1.2518795143246932,1.3579103916793525,1.211516415852069,1.3372991956975584,1.6653012053614036,1.7078548404028087
2022-03-24,1.6050983490131918,1.4846134221369764,1.8118813520115016,1.5390736762927308,1.3944409414646954,1.4787130929327033,1.5257777399685335,1.8025185870574265,1.8325455168224447,1.376005610721205,1.3562730865919195,1.658274674607057,1.2612117796439808,1.3667459050892883,1.216808241041391,1.343755993936539,1.6817601912346598,1.7289655349793025
2022-03-25,1.6147048876400785,1.4944543365588976,1.8247398868435394,1.5495834423466688,1.405027195028253,1.4840769787476573,1.533377650928647,1.8144146253552693,1.8415966394370828,1.3877915085518744,1.3679843896846984,1.6713663635865732,1.2694402456532932,1.3796674982983606,1.2244325748260896,1.3524364339448398,1.6943971241079316,1.7402496365688798
2022-03-28,1.6207768289873454,1.4986873086035828,1.832366413153456,1.55286096187747,1.410132870406597,1.4886051374612805,1.537562174566256,1.8225570884575082,1.853705409197832,1.391160477670145,1.3712446223446921,1.6783501303776203,1.2703558203773613,1.3853473009603208,1.224295831153704,1.3533732051953384,1.7019872323762508,1.745682309512803
2022-03-29,1.6292686233305922,1.506967685202065,1.8464717142075602,1.5616211702232636,1.413759314993102,1.4929446331602385,1.5417357709197737,1.8372893912164632,1.8730467886182576,1.3918395180317564,1.3717609629117535,1.6971194954552928,1.2711190480758723,1.3824773110615944,1.2231642657185715,1.352891431387538,1.7205538397568885,1.7705521921762852
2022-03-30,1.6340262327451478,1.5117073006494939,1.8464472938714567,1.5672507629285852,1.4191243163551766,1.4953561772398123,1.5455920324429817,1.8365326505559336,1.8619236233241148,1.3989940318532517,1.3788550729282072,1.6935092406732843,1.2725549543020427,1.389828569601385,1.2219672296674216,1.3530793166145916,1.7169087020102243,1.7593813641893654
2022-03-31,1.616496858200787,1.4962379914815205,1.8246277510830813,1.5501764750020222,1.4034902152944506,1.471206264605891,1.5236117278310166,1.8142782878784545,1.8330524379676396,1.3849247362850015,1.3653778897320896,1.6747582867238053,1.2572926567143805,1.3756452820430787,1.2022991979053383,1.3340444769088748,1.697214881731514,1.7353016795370049
2022-04-01,1.6333636137686662,1.511208562893461,1.8360289671066616,1.561732616334699,1.417765243269721,1.4820479397331257,1.5362963449383622,1.8251266178296417,1.8380288435054855,1.3984442734045535,1.3778140529613474,1.686531788418198,1.2650462562521667,1.3834397068152509,1.202905213855326,1.336136254838577,1.7078228514316955,1.7423495589221465
2022-04-04,1.6281378240021807,1.5101470910359251,1.835076039447766,1.561430258824764,1.415236598852541,1.4778788805994836,1.5345227828132215,1.8255756725705454,1.8462082795523669,1.3941653769088813,1.3757210131829127,1.6847250838194023,1.2609114396422307,1.3795655866937113,1.1965299136454186,1.3309104954689304,1.706229531233232,1.7461417359113152
2022-04-05,1.626064860241803,1.5086752881047627,1.8284911011841638,1.5582586681136525,1.4166504660577561,1.4755223816971306,1.5328514982480055,1.8182038080784462,1.8271394780853634,1.3942880077256823,1.3763122006214588,1.6782503142781076,1.257322545301883,1.3810283453458057,1.1934498729916618,1.326931104101856,1.6989100629229015,1.7294137264197849
2022-04-06,1.6456879714349502,1.5220185235609713,1.8399063652753747,1.5748490470609162,1.4353906772282223,1.4934931860148961,1.5527173540791828,1.8272153733574918,1.8193328586593325,1.4047546764013292,1.3841817955858684,1.6840402146264009,1.2653640702354987,1.3882805862090248,1.1954740403336486,1.330765704976858,1.703666729246156,1.722409711668206
2022-04-07,1.6585754787231506,1.5350144876253806,1.8525028798559564,1.5889650344024575,1.447356483559617,1.509328494584148,1.5693467479823462,1.8386384676512102,1.8297873680394505,1.4207998299574591,1.400293258952244,1.6931104019865213,1.278460963812554,1.4026008262475982,1.211949297338869,1.3493481253667374,1.7124490727029793,1.7287365251011866
2022-04-08,1.6637693472260187,1.5405709134637129,1.8568148563161584,1.5936712886659532,1.450603839321786,1.5107057066943839,1.5714988635216705,1.8424829812168515,1.827408263455959,1.4237490338494208,1.4027931593693548,1.6979422521972474,1.2830005712696662,1.4057530472957007,1.213562666841276,1.349546899498356,1.717351579629447,1.7314199926704568
2022-04-11,1.6498055209586049,1.532248980731842,1.835372631440272,1.576773368570533,1.441066127780509,1.501113255346539,1.5595565336214103,1.8202106687166475,1.8014051835937404,1.4124704241699566,1.3917819060084227,1.6818693124514654,1.2712610969112677,1.3976860499747603,1.2016898811164498,1.336138183419909,1.7015985425350348,1.7119896994082793
2022-04-12,1.644658045319767,1.5293872607422816,1.828899909522841,1.5727488951579691,1.4371749916400434,1.4955193434577398,1.555875667069398,1.813194667456461,1.792589735038968,1.4104246625678418,1.3899817187377201,1.676234634762686,1.269382804734503,1.393902968746031,1.1995302731124629,1.3340817703605186,1.6960587129579028,1.7054722220596044
2022-04-13,1.6563650273467916,1.5413541189548186,1.8403638189769267,1.581788921749796,1.4476814511939091,1.5106643676710458,1.569173447808545,1.825236419048556,1.8091588657761912,1.4209220565708733,1.3996361445197765,1.6882372692321617,1.2777913186441614,1.4059654315085164,1.210680359143216,1.3461283794762453,1.7084040984408855,1.7229955588432693
2022-04-14,1.6568159893162488,1.5430744245666654,1.8332451341629983,1.5832339057980358,1.4479771394293661,1.525100295680617,1.5792214686814923,1.816950003318157,1.7936133831038779,1.4283904849333708,1.4072688675391334,1.6802700154789492,1.2833709979321122,1.4049394897168663,1.2185808610021718,1.35368985475615,1.7005898276885638,1.7099157149652873
2022-04-18,1.6476923765500462,1.5370988629514968,1.8227872335972457,1.5784090088256142,1.4401242654087212,1.5210956302951468,1.575078185999705,1.805917635779798,1.7883252626950419,1.4189621187509809,1.3970152306962698,1.6723366540956723,1.2766225598595915,1.3928364144460783,1.2092305280321995,1.3437322707767838,1.6925818185821995,1.7062324108563325
2022-04-19,1.6595395364468235,1.5500395294532776,1.8451366437298782,1.589679249605155,1.448047079129968,1.519931447627016,1.5759851851333537,1.8299465664399646,1.8167426355647096,1.4249546795141006,1.4042551589231298,1.6960097540145105,1.2828691732741355,1.4019202187117694,1.2155613548952107,1.3512171841004772,1.7158315109439726,1.735190424670522
2022-04-20,1.6641635724547157,1.550322765620202,1.8566273360707215,1.592020833932994,1.4454375792061316,1.5085527277757471,1.5648635595697584,1.8401562590982041,1.8140814814721733,1.4311723946194983,1.4099901797084484,1.7115354561592822,1.2836499797124916,1.4041525717180845,1.2114588305910798,1.344742999929419,1.7304902717848147,1.744517789625237
2022-04-21,1.6544159666031553,1.5410255064413199,1.842234416363403,1.5835050638551185,1.4367683188758937,1.5006483386138207,1.5578147956200326,1.8247054734453076,1.7889714936085186,1.422727208861259,1.4017116052314424,1.694194245803964,1.2737454281225282,1.3995744578872522,1.1963892289238962,1.3317558039820279,1.7120232458731974,1.7167103580076517
2022-04-22,1.6228852492007844,1.5099823890551862,1.7945552689500412,1.552160731915553,1.4100254010801136,1.4829670812510334,1.5419053640741704,1.7756276295656046,1.7369620557257088,1.401324938467021,1.381814798392459,1.6511127290582341,1.2558057215405218,1.378228645017618,1.185175935590286,1.3204483666583637,1.6686239162565004,1.6695001552796718
2022-04-25,1.617924504778527,1.5045501346720511,1.7986588949980993,1.5477311254887691,1.4011697134446905,1.4744298992748681,1.533187057158999,1.7812305910710826,1.74408061684758,1.3943930959146493,1.3758185938263106,1.6528525822740925,1.2502700866994154,1.3679743798124335,1.1782432610131597,1.3135545460972444,1.6706892341225732,1.6738541342733269
2022-04-26,1.5899239634148672,1.4795355004355928,1.7642746550499875,1.5209021519057189,1.3749571268389935,1.445244209060667,1.5040719828944589,1.7467767920843553,1.6987359052083264,1.3700765684088703,1.3497265406191248,1.6217543452513632,1.2313852494171489,1.3396378689179915,1.1591364923012804,1.290256471839549,1.6383913831301002,1.6339205723603112
2022-04-27,1.5925231292299984,1.4804833149102383,1.7671869269086378,1.5204708616457279,1.3733973898930765,1.4557327946822272,1.5129212644381085,1.7485584749427812,1.701033688609184,1.3726135398279387,1.3521637881680129,1.6236732056883663,1.236820943978535,1.3427738667250178,1.1745485023272972,1.3046924997280223,1.6411464843209798,1.636253824631283
2022-04-28,1.6094466783401502,1.4945612830857264,1.7936671275162017,1.5424948097962023,1.3847099429928773,1.4696219436839713,1.5277905482716259,1.7747896663893818,1.7416192814273712,1.386993568255562,1.3658544725643038,1.6451722071270367,1.2487671071159936,1.3535056130857388,1.1853128643523718,1.3203731899167215,1.661926422510402,1.6653135462116824
2022-04-29,1.5626202409092431,1.4523688362612261,1.7367641489154046,1.49695217348311,1.342872482788852,1.417898349779536,1.4755689617785321,1.7170925843012061,1.6814051065250282,1.3511963132741849,1.3332321326215344,1.5949465040956312,1.2229831158123425,1.319932125226802,1.1641214675684624,1.2947184345523606,1.6110832483765904,1.611924848143395
2022-05-02,1.5541183509151433,1.443667684351821,1.7318272753037192,1.4919883879472213,1.3351765675138292,1.416287423960417,1.4726660798986073,1.7141434309428938,1.6882120844362711,1.3443435444351277,1.3266247182139257,1.588687977358076,1.2201741074727153,1.314429313918566,1.1612502239368498,1.2938838349929769,1.6059917477889294,1.6150932841640833
2022-05-03,1.5580074341290266,1.4479105353067967,1.7354413392336832,1.495796139509754,1.3433624482814668,1.4190099869735087,1.4765290597969563,1.7178621889816639,1.6923427598885492,1.3443376455522678,1.3254230376670626,1.598262800892252,1.2154270540770133,1.3168618050431635,1.1497882585387804,1.2841357067954786,1.61544128233364,1.6266181080613973
2022-05-04,1.5950272866642687,1.4797109296539954,1.7809972251740314,1.529811434019594,1.3694915560484913,1.4417937403334236,1.5025009274093428,1.7621523572452105,1.7423904444349267,1.3663863563950736,1.3483954541228904,1.6378669894955622,1.2411336359913865,1.3451113233672503,1.1751675520553642,1.3141508776091226,1.6546354506257153,1.6718352587020286
2022-05-05,1.56791550582074,1.4535865029614738,1.740042986388455,1.5028957720666063,1.3498280026049407,1.4237319079567017,1.4824873439068325,1.7193970800723675,1.6875972245602686,1.3455694977805603,1.3279148270805325,1.5965444628854697,1.226680999860042,1.3239621046809795,1.1662632779105282,1.3026865952360889,1.6125730781265677,1.621227841613882
2022-05-06,1.5680236368488296,1.4533823614723471,1.7366099182440835,1.5035999671803266,1.3545071673667852,1.4228155864179213,1.483521407917389,1.7164127459954834,1.6787751383433303,1.3442295401169835,1.3286511578487505,1.5873683313820806,1.2263938040194733,1.3270162900017335,1.16894310276071,1.3075132689225941,1.6027873552803726,1.6061770037263208
2022-05-09,1.5506002331968554,1.4389200905064865,1.704872365552485,1.4850776648662811,1.3463592506589406,1.4216478261577523,1.479896354465356,1.681966691709862,1.6291450647519388,1.3280568243216078,1.3138969674745742,1.5535198208708565,1.209915220536,1.317527916860923,1.1498029868278583,1.2879415063622233,1.568283862880516,1.555756840519312
2022-05-10,1.5380670620101857,1.4302657336504263,1.6956693036631856,1.4725111385222143,1.344493239584188,1.4210495466384296,1.4768319731456268,1.6733051127752292,1.628479554090744,1.3261239504200364,1.310944984278318,1.546421753052982,1.203613503857085,1.3196786606657687,1.1462311601171211,1.2844746392682724,1.5613053778319288,1.5534929715480774
2022-05-11,1.533545718024636,1.4255918785082056,1.6851418766851982,1.4696682602720168,1.3360080862323356,1.4198351003842284,1.475237210112064,1.663448983327788,1.6089098271413418,1.3262447000890372,1.310563095315947,1.5363821184258462,1.2042986317403859,1.3197915196208798,1.1536933284306163,1.2930763192696246,1.5503496317253807,1.5343602743600675
2022-05-12,1.5415880953168377,1.4345285911069214,1.690867427794576,1.477417892210662,1.3396976225115351,1.4244384108528596,1.482728983710032,1.6684066998624536,1.6125608676053378,1.3253884091993091,1.3108512804983077,1.5423134552643583,1.2090784998826594,1.3212566228538867,1.155583428502118,1.29524457513746,1.5568574943574338,1.5401563763819197
2022-05-13,1.5551193420836902,1.445112092281955,1.7138872066532387,1.4894122578268143,1.349392105946254,1.4324403975044504,1.4912535860629752,1.6916066622388166,1.6483164945020872,1.332570781187981,1.3188819981094642,1.5668648295113028,1.213614784779789,1.3288666259264525,1.1619822476549808,1.3004212164988531,1.5821172400823214,1.576555643933503
2022-05-16,1.5657575425689576,1.4534992088824494,1.7158754602333717,1.4982413435978148,1.3534620878665813,1.4415292612075834,1.5016690603470226,1.693057083508251,1.641906266820568,1.3406051777575896,1.3283892534064352,1.5667675326116597,1.2191828013496333,1.3344045059211123,1.1740452347623116,1.3118498448007756,1.5807510936764255,1.5693131183947642
2022-05-17,1.5642831658741894,1.4520162506731134,1.7312163184517808,1.4952963280973535,1.3511273080470374,1.4415427137249346,1.5020857689858202,1.706815998128923,1.6729802628239447,1.3426420657818816,1.334039887374844,1.5881741620108756,1.2188287430070035,1.3376401619148508,1.1736413886571246,1.3142579681890336,1.602694351292697,1.6012102308767369
2022-05-18,1.5297263086224238,1.4142605401295822,1.67059090884294,1.457446017752439,1.3167417874091403,1.4256171904770216,1.4777123774669874,1.6484774982391643,1.6083198707890072,1.305167282351552,1.2978228516343593,1.5307850503111433,1.1922893569096074,1.3014841648738191,1.1433391419183676,1.2801953313445942,1.5440015453434917,1.5401382657202791
2022-05-19,1.5187665675142963,1.407374820894869,1.6539834799421216,1.4474120539101474,1.308162513937252,1.4167087937938836,1.465208372517221,1.6317795154036057,1.598480344399213,1.3013485441951702,1.291366038652111,1.524385552941941,1.1942408208426791,1.3025809222868656,1.1480998604264678,1.2818641715013632,1.5374467251641952,1.538289924387832
2022-05-20,1.5223773336150093,1.412484098552377,1.6611660731662459,1.4508869005887306,1.312506483910041,1.42323609646637,1.4692011593252565,1.6396827309254753,1.601750917065955,1.297639338216348,1.28754658366638,1.5275002597044212,1.194374407766326,1.2997194484753969,1.1428241878185044,1.2742341490420093,1.5391804890043657,1.539068341106236
2022-05-23,1.544301280018062,1.4324185752734542,1.686897852803167,1.4734302186047614,1.330854927443562,1.442225789885028,1.4875171101151303,1.6641347910400328,1.6271564454380418,1.316264698531089,1.3050127707183272,1.548436222724793,1.21262431429906,1.316138161385521,1.1655278350457787,1.295869304190035,1.560796811915719,1.5618195086547
2022-05-24,1.5663019170272265,1.4529532507438716,1.6973392836564296,1.4931378503947785,1.347421527034019,1.4703167785351954,1.5143600350748816,1.6727739925337335,1.6204553623375437,1.333392879836613,1.3247848909711906,1.5522876885676107,1.2290357432344525,1.3279139086781253,1.1828288213108724,1.3138281053297858,1.5637532344240455,1.5522612807593474
2022-05-25,1.5670795488342282,1.4536267957531408,1.7064242715568494,1.497223419174314,1.3508331966849136,1.4733264079399175,1.5181687653312923,1.6825671714311616,1.6369273620576137,1.333420207388386,1.3221313707849414,1.5619560521926144,1.2314620910392362,1.3296056539634684,1.1803296437511825,1.31364756031164,1.5735355226832082,1.5686242590486592
2022-05-26,1.57218089053009,1.45611515657623,1.7262442088732004,1.5029632018507886,1.3562585747544538,1.4658043735141784,1.5133971328781866,1.702750464047312,1.6668037485291367,1.339326682930243,1.326463683034537,1.582857160350673,1.2371808758547034,1.3394563504143888,1.1874496138901616,1.3221053268141272,1.5966130548749282,1.6007327497739594
2022-05-27,1.5887961795695305,1.4725048638352547,1.7540799147459585,1.5214801936223548,1.3728992839562575,1.4846330568821258,1.5315997948782876,1.7310079209443845,1.7037560995848582,1.3517505167155393,1.3370460372741981,1.6123524847581008,1.2507868158583137,1.352483281782959,1.2040814061755298,1.3380031688300995,1.6272008912467715,1.639239443809585
2022-05-31,1.577669122669471,1.4646599705226626,1.7398048817831546,1.5093338722278253,1.360155874635694,1.4700099919067642,1.5172937409953415,1.7170338363985087,1.692525837777966,1.347839744255713,1.333503029563838,1.5970498419605963,1.2442308923641707,1.3448594114078531,1.1968468263357395,1.329907626096565,1.6110661703100728,1.6238790257147095
2022-06-01,1.5690762814486197,1.453537641358421,1.7243301270034959,1.500882177935039,1.3565658898489903,1.4741173092965085,1.52099781268263,1.7023388537957336,1.6766699998983476,1.3360238244493845,1.3236134279860958,1.5817111508687287,1.2420386346308607,1.3385729852488564,1.1963593759566822,1.3278429872694573,1.5962021269686437,1.606301328680136
2022-06-02,1.580417287795985,1.4654513380262684,1.7470419078527233,1.5104410744785606,1.3641283506907036,1.4799840372273931,1.5276713243291167,1.724985149547677,1.7120441860411322,1.3426509094775545,1.329084166081776,1.6001243281401498,1.2475505004574357,1.3434885957066554,1.2012621840345947,1.3303670533330954,1.6165466762273528,1.6355752668186592
2022-06-03,1.569296899010911,1.4555810322926712,1.7298295577013596,1.5047544739813563,1.3531534279136241,1.4722121382251363,1.5202060595348972,1.7080673463188674,1.6874105187345971,1.332259196916623,1.3197524498390614,1.5846152354746137,1.2428602906234076,1.333814086303512,1.1952772333949906,1.3255096537799298,1.6008510281337645,1.6156068499009522
2022-06-06,1.570130792960965,1.4566872046563004,1.731720915794185,1.5041780022283182,1.3522782367997634,1.4756902421848175,1.5226866112409738,1.7102205367671017,1.6894129365575283,1.3312182932509729,1.318780098364701,1.5870167571429028,1.245827605862125,1.3360850979546826,1.2021885900275375,1.3313208083713437,1.6039599913696865,1.619573656389108
2022-06-07,1.581609671832637,1.4691061913865426,1.7468536269792412,1.515068625762461,1.3636006939877003,1.4838007655627645,1.5319581908234519,1.7250713183042727,1.7047595332462095,1.3381659242266402,1.3250443500280782,1.6005646752074154,1.253162833604432,1.3465312858255278,1.2078189542084024,1.3393319092989575,1.617761305570302,1.6355594371754045
2022-06-08,1.562464994805099,1.4577738054108718,1.7250641359981154,1.4990888376009226,1.352614814799015,1.4761558269466493,1.5198417307664611,1.7026622224169559,1.683268455236001,1.3273201196835103,1.3132648910181937,1.5783680106339413,1.2466260163771556,1.3338320037673452,1.2005237312412016,1.3304927229647852,1.5958758755769635,1.6121974391862786
2022-06-09,1.5353574885396384,1.4333544583394737,1.6909351497966598,1.4723428217959418,1.328682046069952,1.4556247151461326,1.4983951927337456,1.6688066866183497,1.6451250545548235,1.3007030253393268,1.28704599355525,1.5462812003082516,1.2272941384959604,1.3139282744110061,1.1906666891283668,1.3145480003351047,1.562030474382102,1.5751590317726847
2022-06-10,1.5144502809335325,1.4157810202979542,1.6607338253114077,1.4517693490756998,1.3130554708256283,1.4316925354021397,1.47587684076203,1.6368135556631933,1.6005149103833738,1.2882544649574195,1.2725355776232836,1.518216026889246,1.2186634981335969,1.3036462026857119,1.1851104545993787,1.3058991136206537,1.5313475881274348,1.5335635064875872
2022-06-13,1.4733975368748942,1.3795988464512075,1.6117200315050366,1.4154361327309448,1.2793735345055877,1.3987474888768583,1.441786446086135,1.5869999459778439,1.5410987274679468,1.251108450278575,1.2351373146575721,1.4681905539048685,1.1856569590783193,1.271272692657723,1.1526943836641617,1.270501686740399,1.479816975146563,1.4727057391540137
2022-06-14,1.458631529336881,1.3652389701079208,1.5982222611834629,1.4020178758501909,1.2657981731934693,1.386210473254332,1.4281468635677794,1.5749753676881226,1.5340851847641679,1.232608461853327,1.2177658149194694,1.4565344221901744,1.1667947548903719,1.25428981183034,1.1359026728042463,1.2514479858420227,1.467322057277414,1.4648404909728971
2022-06-15,1.4642389135947358,1.3716200085252401,1.6111875457648759,1.4045579586530441,1.2702678614198049,1.3895424847390938,1.4308743010418625,1.5881450068546463,1.5553481377973764,1.2328603963753577,1.2192010248444873,1.4676692407476977,1.1664750193296884,1.2543433166891715,1.1318277422092546,1.2490241213371678,1.4787416902359516,1.480573277781139
2022-06-16,1.4461700652791432,1.3516663179920057,1.5786976035270506,1.3863695465438544,1.2494314067075312,1.3760632859290058,1.4135870304653553,1.5542580196793119,1.5088219516288341,1.211731437392226,1.1987409350068878,1.4319252059953196,1.14963285888366,1.2392934579294297,1.1150205266284583,1.2325778194151826,1.4406871091193947,1.4292522232480351
2022-06-17,1.4419830348062568,1.3500590759876439,1.577079559782751,1.3840708451789854,1.2500257539406177,1.3817814536033228,1.417047624404719,1.5529715048091595,1.5102655812215955,1.212058983115927,1.2007650939987349,1.431978984248426,1.1491573112307738,1.2392133516726627,1.1134452747107608,1.2312690584674875,1.4416312543208627,1.4310105221024834
2022-06-21,1.4793437080051999,1.38295387047821,1.6150535633796863,1.4201662360514449,1.2788970478442985,1.4094289127389668,1.448839673724797,1.5902883090545612,1.5454446365556735,1.239385338211402,1.2276087427997442,1.4612458027417448,1.1741784536522428,1.2658362136901984,1.1374362297319787,1.2599357699359433,1.4700215011335578,1.4587665099463234
2022-06-22,1.48058303453624,1.384240939006827,1.6183895763856635,1.41989390489163,1.2840452405489378,1.4125443506812274,1.449619033258074,1.5926734611892845,1.5448809606618665,1.2371370653339095,1.225485661054853,1.462721806506955,1.1720290919293246,1.2653139081555491,1.1278573599141317,1.2546621526616017,1.472246964552845,1.4567998272046518
2022-06-23,1.50446051279702,1.4038465709169838,1.6370576104421655,1.4395253742299776,1.3015273834741463,1.4260512906190381,1.4646842830739706,1.6099868924264187,1.5581145580457854,1.2512870215742629,1.2412255037257376,1.4778094257026775,1.1856112660503546,1.2813386479185933,1.1374881118048124,1.263483795159754,1.4870373250386413,1.467117319018828
2022-06-24,1.5253036806471731,1.421265508062721,1.6720932049498618,1.4599545140148997,1.3190131324991246,1.4441005580822532,1.4834481970738913,1.6457405477121272,1.6041788205144534,1.2708118133114996,1.2599044205810022,1.5161673680944354,1.201527022984718,1.2955795997271884,1.1514938021432102,1.2790801595678634,1.527011854425992,1.512493313534281
2022-06-27,1.5294483291312568,1.425725436845605,1.6714928518403505,1.4652119524402971,1.3227697955388042,1.4462765467229952,1.4867675272008738,1.6452578260539812,1.5990215449592156,1.2733962405803585,1.2609905292733197,1.5172318570904282,1.2048796143291398,1.2997563378250299,1.155476158073261,1.284547693222645,1.5276280727973646,1.5122259951384165
2022-06-28,1.510167136523114,1.4101849996216949,1.6477308259401637,1.4480896026079781,1.3044057050700022,1.418940866749398,1.4622817660785514,1.6209948493544646,1.5698242743324156,1.260535701865711,1.2485560023256104,1.4959636715161315,1.1918695639879993,1.2886514800190008,1.1468153511544807,1.2740522996810437,1.5063890221467175,1.489628424486976
2022-06-29,1.5126409230934335,1.414379905885834,1.6483019973793611,1.4487591273366722,1.3106684157831607,1.425910757809976,1.4665537288627564,1.6210648907082832,1.566482480767522,1.2668300243307422,1.2553032391504813,1.4960881379168043,1.1951529058156516,1.2989607198252497,1.1465871643334125,1.2771198306681792,1.5060090753665554,1.4822269512882515
2022-06-30,1.513251987414358,1.4142222501673194,1.646441662977441,1.448530005552632,1.3147396691413773,1.4252049341817628,1.467201168970817,1.6182715762103816,1.5576448309885385,1.2639934894268026,1.2510531528911488,1.4908686535527906,1.1896396524942823,1.2965911094913567,1.1429431921998523,1.274745305809467,1.5007778585884786,1.4733682991295107
2022-07-01,1.5323836208105173,1.431678628537092,1.6666680564071021,1.4638054226858268,1.3323493060088618,1.4387690511715439,1.4810076566271397,1.6372735898753719,1.5717146758068579,1.2807567237612087,1.268490660715302,1.510668101061842,1.2020332036502446,1.3121437282184332,1.1539705015332455,1.2872838220682872,1.5211224458504768,1.4905269292386327
2022-07-05,1.5182178731768294,1.418867977917056,1.6524032490813825,1.4521957918366482,1.319646163356008,1.4344824790997202,1.473186458859425,1.6236445943944111,1.5682193148914905,1.270392979039076,1.259798628661084,1.4984748630122913,1.1949378110401576,1.3054009478889708,1.152785024645657,1.2804922901928186,1.509181793571251,1.4837569018664385
2022-07-06,1.5219755351525006,1.4240878522022493,1.6568789988345791,1.456776664084361,1.324343970295797,1.4402188805410365,1.479523083961837,1.6282062123180656,1.5713310928063944,1.2738197666605828,1.2625130023239246,1.5037991108247128,1.1987085956969077,1.3133193142018231,1.1578612494975764,1.2853193477492542,1.514786894417084,1.4858984364599852
2022-07-07,1.5268430921715719,1.4294261553283873,1.666703472165428,1.4627356379423195,1.3261093438135179,1.449907068547967,1.4882207515376984,1.6390916106130187,1.5916099509613222,1.2797365018216722,1.2678713126792789,1.5148846217202783,1.209143385363029,1.315077410038697,1.1721228509529087,1.2967884606598132,1.526687705493476,1.5071320037117735
2022-07-08,1.5248519271536787,1.4268006009583345,1.6647680602797914,1.4588235417615776,1.3239685527274214,1.4459580821425162,1.4844752930838145,1.6371397568451502,1.5897816018493451,1.2721410646940334,1.259659042429328,1.5098088033726371,1.2054829913288176,1.3091815089584515,1.1720475701852366,1.2963012119162014,1.5214245945339935,1.5023795617681126
2022-07-11,1.5249688317868555,1.4256088657983452,1.6598610388728836,1.4586669055955452,1.3248714838280933,1.4517662182761046,1.4876481886629602,1.6303639288356835,1.574960481149343,1.274186719707217,1.260679357979378,1.5032040476351667,1.2067235281719795,1.3100046518408623,1.1774750212433631,1.2972299091046529,1.5139189529158206,1.4895159766191557
2022-07-12,1.5198057051294436,1.4194295615963453,1.6485774686233037,1.4511554483835705,1.317957987138364,1.4454678730431976,1.4821097200062687,1.6189738050996316,1.561520863874247,1.2723860010011676,1.256113085793421,1.4942214216601504,1.201062603099859,1.3030182621473707,1.1744455470784168,1.294079656775052,1.5046346130269215,1.4788942872798012
2022-07-13,1.5118987498451482,1.4124270787647246,1.6399127412189594,1.444810687733441,1.3105547028681974,1.439591221222195,1.4769611856412095,1.6104246352110942,1.5545129707930316,1.2753869237960203,1.2580377874139559,1.4871087794929847,1.2044953019569995,1.3041872987268124,1.1806071495840926,1.2993859176101246,1.497419046328752,1.4716374573789992
2022-07-14,1.5103476619443776,1.4086827166150566,1.6324010967665734,1.442747188689818,1.3091013583082076,1.43515621942595,1.4742985407494444,1.601681841195181,1.5476527555740385,1.274229983481842,1.2551565367278106,1.4783352004882884,1.2052763997410618,1.3015724930450392,1.1831005650734814,1.3005339005341163,1.488852441270077,1.461130807934198
2022-07-15,1.5257200682433187,1.4251775242535611,1.6590338355268388,1.456494182602618,1.320415479750679,1.443037371155949,1.48219419173007,1.6293109483835566,1.5801676150161286,1.281319979895603,1.2643778888288517,1.4998565528465786,1.2121325614734642,1.3135080137165576,1.187543276560238,1.3076727363225464,1.5112623486966623,1.4897232226116357
2022-07-18,1.5057933719131789,1.4053402330704075,1.6362360581297477,1.4377148593100317,1.302769483418476,1.4301675439121577,1.465397491542688,1.608765992017746,1.5646931571733018,1.2646397841237007,1.246240356634229,1.4857198352714738,1.1955917246084657,1.2945963214311746,1.1686745175632982,1.2895940967051802,1.4973336680263027,1.4809572815045908
2022-07-19,1.5205477483932157,1.4201638476494653,1.6664441644895345,1.4492795333976873,1.3109420623254844,1.4266581429342382,1.4655767826149355,1.6410537635985682,1.6081591871656835,1.2771744041126425,1.2594022689865163,1.5173737688122697,1.2037247975201075,1.3024855434342373,1.1797093146803137,1.301871511264254,1.5306557868061477,1.5236547366465196
2022-07-20,1.5092131008113863,1.4067477449900576,1.6575772013873318,1.438711011807569,1.3030244298922273,1.4169543051877511,1.45537639612074,1.6345949133977207,1.6130672045690273,1.2676854672242412,1.2537556394169482,1.5152174875642745,1.198521150100885,1.296381404728712,1.174719470533424,1.2937817497778867,1.529743403677712,1.5307008639775663
2022-07-21,1.512859138633963,1.4101302239126094,1.666873211581797,1.443821633526411,1.3101421288892465,1.4182866174791993,1.459713322115016,1.6445450810126596,1.6293608012132696,1.2656834609956191,1.2515324800634406,1.5240025230175382,1.196812063502711,1.3004930556848957,1.16747639586727,1.289115171657934,1.540106132264853,1.543550651154078
2022-07-22,1.5043998561709744,1.4006759931020119,1.6648019400439973,1.437762431675522,1.3019759447777361,1.4070835484205517,1.4524944734113354,1.6415744947034194,1.618727946251733,1.2635234929126493,1.248234348848679,1.5214262830000551,1.1934224991153612,1.293566736825262,1.169328713657205,1.290692667983935,1.5372277005437833,1.5349407894395652
2022-07-25,1.5070978763724312,1.4019596186704357,1.6712565770192922,1.440987092538537,1.3001446218064874,1.399859047792528,1.4472243486864007,1.6485807137121322,1.6222502919749089,1.2656442536884347,1.2500288728574829,1.5268909854591082,1.19478333690454,1.292223043897043,1.165835795908432,1.2884640203817617,1.542194624118914,1.5408367020128775
2022-07-26,1.5100833090322918,1.402373718115263,1.6663882837733914,1.4394885589556432,1.3047184188491636,1.3979808328971033,1.4466960682092114,1.6423275470093839,1.6058640892939966,1.2731199424853845,1.2535744067356702,1.52399842632387,1.193857340507691,1.2947107137759777,1.1684317236236965,1.2904542966674504,1.5385534047932465,1.5302529683493895
2022-07-27,1.5125137226870993,1.408135572177547,1.6838607678422464,1.4444703514160826,1.3079299542690057,1.3963579476144916,1.448494560450452,1.6612692992888596,1.6388771373195834,1.265949656975073,1.2500355307807207,1.5406512600685034,1.195356882508833,1.2970535007934882,1.1698085631887027,1.292764451387101,1.55620570565185,1.55944631294088
2022-07-28,1.5228269018565066,1.41679085308794,1.7003646811113908,1.4574951553461863,1.317383592493193,1.417501462216064,1.460814757297891,1.676992399947943,1.6555510515980736,1.2789247207797914,1.2672059452615563,1.5631259292153694,1.2071867725876613,1.313433994621771,1.1776519214573662,1.2975549926905048,1.578047029152655,1.583015541149712
2022-07-29,1.531442199064757,1.4229576026546455,1.7056900754400168,1.4654815060813282,1.3238317160638655,1.4397434193662044,1.474057402871508,1.683725743873774,1.6679518118988814,1.2858275159376469,1.2746823486932264,1.5720619709949093,1.2136182390437154,1.3126189198747285,1.1783530225190033,1.2957141776349006,1.5863699077031537,1.597930967884406
2022-08-01,1.5268832683465579,1.4174186074847293,1.702843967682577,1.4644755043787059,1.3205950299452975,1.4359268860531436,1.472007268740707,1.6795230083566215,1.6655569092315012,1.2788697534189726,1.2677648561928225,1.5695948080744404,1.2109892981424488,1.308064168379932,1.180964000277825,1.2941895984728433,1.5839186900271058,1.5948669179664066
2022-08-02,1.516422204475884,1.4072011304693224,1.6917338548781284,1.4542393963913818,1.3134175022301637,1.4286990810874625,1.4627796818285248,1.6684789730736371,1.6550366529828042,1.2683211350973804,1.2607097970979086,1.5585111933995215,1.2068351103937245,1.2977962280055564,1.1852815550913947,1.291318502880462,1.5730205261402266,1.5851604490018172
2022-08-03,1.523797326972749,1.4193319996821057,1.7106284930182307,1.4637476147297772,1.3233842532520483,1.43327905548359,1.4693845871961368,1.6880578242363882,1.6800732431536827,1.2788522874032087,1.273013755725388,1.5705340056438446,1.2137165933865086,1.3093626899646487,1.188957763547268,1.3003688927766563,1.5860123804492545,1.600185507276998
2022-08-04,1.5100974275749426,1.4060919457740328,1.7058714928406395,1.4501803407088472,1.3105174562241366,1.4177788172709498,1.4542122085811493,1.6832064311024664,1.6810865277891707,1.2708550613459892,1.2649037190024657,1.5655592607581785,1.2065276943688308,1.3031454439090766,1.1878567732814684,1.2954656416219594,1.5815545510845108,1.5962343578885465
2022-08-05,1.5082188979400748,1.4053707613915376,1.705981043417716,1.4490906858386736,1.305947268181143,1.4161262877434044,1.4523676760726658,1.683723259384578,1.680565659875926,1.2693011381831152,1.2606597539898265,1.5680502762461355,1.2025877908532667,1.2971793333469928,1.185745792611422,1.2949925126963977,1.5833403199273093,1.5995240999293365
2022-08-08,1.5107422889757989,1.4099627710559999,1.7077550508926533,1.4518923437730324,1.3099678739162564,1.4223871605730285,1.4595548651578327,1.685338344661604,1.679361575169732,1.2651708118314087,1.2597991389688508,1.5705445815409347,1.1982240604315697,1.2909067708059052,1.1743871947193414,1.290721993777542,1.585891757047287,1.6022395084091348
2022-08-09,1.512313992648043,1.413546020041733,1.7089305424582377,1.4540127435444885,1.3117857513376123,1.4267385912037103,1.4628790564164869,1.6866259487212507,1.6705134715867354,1.2670247788405353,1.2634911421445632,1.5707300721829585,1.2005560804851878,1.2976378487439926,1.1770414498888944,1.291829200692218,1.585479565727709,1.594309320534539
2022-08-10,1.5278980875132018,1.4274262678337033,1.7309321691383333,1.4679411304250358,1.324487369744761,1.4419332872642632,1.4771287038964163,1.7092129831320906,1.703485596915407,1.2717701747947032,1.2697009153409162,1.592933563369532,1.210807819711083,1.302907070059669,1.1832501687083736,1.3013220610436467,1.6085196355854214,1.6270185958903385
2022-08-11,1.5253427130490254,1.426924349937526,1.7282964096640745,1.4674300161229095,1.3222845367036702,1.4459600743671248,1.479574774055558,1.707790198335733,1.703334672339079,1.2636669346046858,1.2642542656297981,1.5946774544599454,1.2061563559102608,1.298906025865537,1.1794162087133964,1.294409338343304,1.6101128648586647,1.6324911907236304
2022-08-12,1.5376390232676849,1.4387998170092318,1.7508169933656017,1.4804342419312355,1.3341474518550465,1.449291168281272,1.4872088257012892,1.7318649912743933,1.7320312830140885,1.2764707018092523,1.2775045765401696,1.616834093293128,1.2173223810967941,1.3096819383793148,1.1972347017681984,1.3114484820119325,1.633627385518542,1.6584826480956045
2022-08-15,1.546898233074509,1.4465430603419454,1.7621952039459243,1.4885385513183766,1.3453990788435282,1.4563709068005735,1.4969024519678666,1.7423411396582273,1.7418339102660116,1.2883151908626198,1.2891652204912476,1.6241736642987958,1.2307762695503937,1.32242715163245,1.2177094072080783,1.328903758843508,1.6409980810745213,1.6624836825321758
2022-08-16,1.5552462350984686,1.4575122671901453,1.7695789417308492,1.5000545520050803,1.355037846425476,1.472229567842728,1.5118585789921097,1.7493699754412118,1.7445464266692696,1.298644460672905,1.3006606918888488,1.631189266557797,1.2401164147780979,1.3316741117931652,1.2333190191509567,1.3410455511534787,1.6473360277505689,1.6668778658974366
2022-08-17,1.5503315809464833,1.4533299554845396,1.7617287919321765,1.4962997949955228,1.352474878884497,1.4690609771622474,1.5100969839327596,1.7417706160146857,1.7303341625878905,1.2935670037337346,1.2959072987645948,1.621819110265062,1.2368219800401357,1.3282541479194183,1.2374564418768728,1.3410896941154618,1.637861301411334,1.653091785880108
2022-08-18,1.5471859559996906,1.4480670767823431,1.7618105676868887,1.4929217884110675,1.3456597317798276,1.462108407105654,1.5040940507545177,1.7420452514282605,1.7333253859493476,1.292766235091989,1.2942541466765232,1.6231345685409038,1.2347932710098068,1.325878358920882,1.2360675833369168,1.3363307431219904,1.6397142145833095,1.6581625881174278
2022-08-19,1.5487272635696814,1.4499195371171567,1.7543416240486043,1.4927994246602097,1.3469801737790892,1.4645777673963567,1.5072730003978065,1.7333292938470442,1.7133899274212356,1.293081205127401,1.293808353907843,1.6128969722932522,1.2322936344665925,1.3245571921067012,1.2266503573653915,1.3301545227479226,1.6282514578732719,1.6387656702700837
2022-08-22,1.5283946155698782,1.4297674559964413,1.726146684335503,1.471255778839829,1.3239043396569938,1.440327854976947,1.4824498939725639,1.705195466191633,1.677776596498511,1.2829500886164422,1.281675641401188,1.5862936814888517,1.2201450877252278,1.3101807745145686,1.2216727869342812,1.320748243281285,1.6006094880190938,1.6056595932855642
2022-08-23,1.5183848326734524,1.4197537546969963,1.7133326389473738,1.4622473076011633,1.3154617581078354,1.431040789988161,1.4739547769653922,1.6937219501913707,1.669860327775786,1.2726857420133244,1.2714936328870938,1.5788672117403844,1.2120976323201953,1.299722738135825,1.2067234135453595,1.3081600631741332,1.5927623138633469,1.602120972586348
2022-08-24,1.5154201436479156,1.416748805530165,1.716543424466297,1.4590627015535624,1.3145460988274837,1.4261114034830635,1.4681675424928966,1.6972677339812428,1.6754015838852607,1.271118778767395,1.2703623304266876,1.583559417339605,1.2097948375643992,1.298412260213956,1.2065723327262348,1.3044602033839454,1.597891169797263,1.6096510238815938
2022-08-25,1.5239224628160801,1.4263688651411157,1.7329271536039208,1.4671882928639155,1.3182351920725297,1.4229494945866021,1.4677484272587853,1.713245164087635,1.6979787790002636,1.2795403010894464,1.2779750374090162,1.5995933862667386,1.216587091157119,1.3079027393399374,1.2152456001151506,1.3136285625912765,1.615008854311694,1.6326661471647668
2022-08-26,1.4929643754558293,1.3972858730112456,1.6876244094020134,1.4367640021529144,1.2934313534126525,1.3978614791737187,1.4409958100103475,1.6679407505903723,1.642494631373346,1.2592682392667496,1.2567064082704886,1.5567595434435504,1.196607643814014,1.2904249493481181,1.2061897005472697,1.298149565511129,1.5717040735921244,1.5808428410954254
2022-08-29,1.4828665075783503,1.3875775920817977,1.6776668197686764,1.4273278709823891,1.280229067180318,1.3872070611429463,1.4315837505178897,1.6581542351473082,1.631968357302571,1.2484419632918036,1.2442618563890686,1.5504208201047556,1.1907387095957396,1.282418535364361,1.2006238777044624,1.2907309604755577,1.564561343408639,1.5720435163156838
2022-08-30,1.4684291054205052,1.3747372781030738,1.6621328490873692,1.4138251518436766,1.267955843545294,1.3727864158672443,1.415577591801858,1.6430122375666043,1.6157246095269555,1.232634699407538,1.229265357720395,1.534465373310416,1.1800799444882302,1.2680693555328368,1.1853830220492345,1.2749941604037733,1.5481780490992292,1.5544741255350891
2022-08-31,1.4636785940275667,1.371818160680625,1.6540494895410884,1.4087560230502463,1.2629417243050007,1.3678350856377965,1.410311420710351,1.6342841707019766,1.6059277143375235,1.227601354312913,1.2249592966272416,1.5248159743298406,1.1784289543404955,1.2646561069815847,1.1830407189853436,1.272958530493337,1.5384637595141528,1.5437846307171037
2022-09-01,1.4834663600915452,1.392016949612895,1.6719225060381868,1.4281877893293375,1.2819414341424324,1.3866440777707716,1.4316293708915286,1.6507777620682906,1.614637423167495,1.2391290363624698,1.2372914049362354,1.5331118611792183,1.1853558821761403,1.2799224180459143,1.1890591844873235,1.2844941746308371,1.547100348327163,1.5463875331428367
2022-09-02,1.4659078264749692,1.3758261045415692,1.649883218942025,1.4123174108307197,1.2671864630822038,1.3731197737880576,1.4169402808345535,1.6301295724701932,1.5951625629927524,1.2255106637429487,1.2235538806802424,1.5177270524805369,1.1726351552221415,1.265330995744284,1.1819794216301867,1.2744084315030957,1.5312976951395367,1.5333458051434958
2022-09-06,1.4644339809663887,1.3730165143950868,1.6465941644000108,1.4088617977446083,1.260395517603521,1.3692569322801935,1.4114228121758434,1.626576792552145,1.588672755687665,1.21796122277047,1.2161876185890685,1.5134869010689,1.164990615082123,1.259049627566773,1.172035395103597,1.2645035987499025,1.5277362100465868,1.5287025222400175
2022-09-07,1.4805263193778915,1.388100382656263,1.6733933502299738,1.4258233589304312,1.2739078878472976,1.3784212371005893,1.4237294996762615,1.652537097817147,1.618210337161759,1.231390357135127,1.2304785522372432,1.5438871995157866,1.1815238989433703,1.2727391348305257,1.182328532743118,1.2829032526875053,1.5589877644278711,1.5610838970230527
2022-09-08,1.485474993032172,1.3929431382625994,1.6843915634964186,1.4314243961765578,1.275590706689467,1.3775234432059973,1.423231574290172,1.662889910449991,1.6320662597391284,1.2329863860402084,1.2293209222347752,1.551542247534494,1.180605508840507,1.2659040313810561,1.1769152313773528,1.2787825953418055,1.5672440749382381,1.5739334855212799
2022-09-09,1.4963372993582842,1.4014254907825006,1.7002618039247264,1.4394189997979192,1.2841302872065603,1.3788842292532955,1.4256270411339087,1.6788462151918149,1.6543836581955866,1.238817406375219,1.2354472421271712,1.567708545637827,1.1843729696023468,1.2700198569250682,1.1720970140764277,1.2781637788353672,1.583962762229498,1.5952079143788136
2022-09-12,1.5039855696222657,1.4111812385533253,1.711022117071013,1.446073932215723,1.2931629091114134,1.3814475915159872,1.430984351460703,1.6902062194391838,1.6668904066456174,1.245330923069466,1.2430588147103607,1.5790685771423312,1.1886227961059619,1.2794632832084403,1.1796313037272774,1.284476608416108,1.595417722051504,1.6084350811965773
2022-09-13,1.4580880025978926,1.3702469507132218,1.6514735202867536,1.402281178148509,1.2533134930103516,1.3394576566846401,1.388124685192419,1.631404047004398,1.5985922368351622,1.21461170424314,1.2113524226437604,1.5253259796338146,1.158423068728892,1.2417075421936348,1.155788523865569,1.2559900658045007,1.541128655357052,1.546673135392258
2022-09-14,1.4640935425136716,1.3735677611526937,1.6568790329322292,1.4093735100947,1.262720464379084,1.3442744946387948,1.3979428935566742,1.6353886876364137,1.6046134285389944,1.215869844971392,1.2108319561808216,1.5250227559977148,1.1634471558260078,1.253464447829087,1.1702308441284406,1.273097450966913,1.5411169011004449,1.5474798874929923
2022-09-15,1.4511083236851934,1.3667199052047054,1.6440852323832473,1.397364090908588,1.2495130096154718,1.325506230078513,1.3803463749369171,1.6228638670956441,1.5887692866097327,1.2080030398858486,1.2048150358437633,1.5120527443704386,1.1542329205116002,1.2393738232527702,1.1612335630528714,1.2629968885990956,1.5268357540740325,1.5322862120138465
2022-09-16,1.456573463831051,1.371688819441081,1.6415851924376166,1.4027759115791003,1.2552137064727829,1.3348496623073596,1.3908841929426492,1.6195071758667214,1.5806346223879242,1.2006850864244107,1.195610601160514,1.5037020798109582,1.1494106650313114,1.245835405496155,1.1485818992308245,1.252726197725422,1.5178413923363845,1.5178195953854199
2022-09-19,1.458195309977022,1.3740734349458863,1.6479942474550742,1.4065081359558826,1.256721857467232,1.334429109894399,1.3931538972632331,1.6263642169122106,1.589010559862306,1.2050262844207857,1.1984012931701435,1.5132636174086742,1.1523812093389538,1.2442243409141203,1.1461008800372765,1.251411211839289,1.5276529083324524,1.5283616325373968
2022-09-20,1.4441776800488595,1.3612590831403901,1.6299792257623205,1.3930319764413805,1.246933436093667,1.3202084321080616,1.3803001245267674,1.6084580473000059,1.569252985651352,1.198062493622012,1.1904218192271405,1.4920233477439868,1.1449363487528215,1.240111546465129,1.1425484601286624,1.2467040737284272,1.5056631301422754,1.5049209977223803
2022-09-21,1.4266603213263291,1.3439462448496278,1.6059116976861254,1.3759919593084278,1.2302934759143966,1.3064171706859806,1.365885018011401,1.583843855683465,1.5434648276265592,1.1823328226081786,1.1730825087633656,1.4714925012279352,1.1312665452280217,1.2240644839575163,1.1261645939831382,1.2324646787529427,1.483966822806558,1.4808741082744425
2022-09-22,1.432907444180063,1.3508696087570857,1.6022824497671933,1.3806168861147978,1.2367914209700046,1.309884007763392,1.3736692252245868,1.5805899938207728,1.5301294237620315,1.1868641402894051,1.1780152945453497,1.4612453875910478,1.1343319372104925,1.2214470572971259,1.1316694243675836,1.238256415799607,1.472922445353375,1.460922461608023
2022-09-23,1.4109715320315717,1.333291607372092,1.5789509265511494,1.3584414783241952,1.221146186328324,1.2869581885307906,1.3485667793233191,1.5575765163876676,1.5044819737230388,1.1721678429314382,1.1648398211760143,1.440891263546145,1.1194754326946825,1.2109051218337352,1.117207435567935,1.2193963535114616,1.4518839442305975,1.43680599738058
2022-09-26,1.3952474655163998,1.3184303267238977,1.5604833568675023,1.343467383616062,1.20738018793077,1.2747111521057786,1.3369561540306767,1.539352890835692,1.4865364491923267,1.1641879456825102,1.15724089971971,1.422374058894525,1.1141937184483421,1.203375547396058,1.1092943919805596,1.2124272849308637,1.4323837501060872,1.4158679536064815
2022-09-27,1.385721398904689,1.308138908063015,1.5522412149154206,1.3337989003582695,1.194921958705341,1.262898948405831,1.3267963257690683,1.5318275715873142,1.4826433791318865,1.1600298458006828,1.1545735575814386,1.4126873073637036,1.110793107538189,1.1996805162222386,1.1169262858908484,1.2178249180564855,1.4228134166449793,1.4106797760399115
2022-09-28,1.4070339864626134,1.327415702742917,1.579590015303133,1.355106838868325,1.211910619194866,1.2779221561779892,1.3438269112134513,1.5596543663675337,1.5132407311428826,1.175850849954456,1.1689797029298836,1.4411590228440685,1.1245626136438185,1.2170424748679485,1.1276053043258483,1.2349737760974397,1.4521519972267387,1.4430320265949534
2022-09-29,1.3869168791648014,1.309787959122678,1.5553078328609256,1.3367419721901561,1.1906460884815129,1.2580298645677452,1.3233116821068582,1.5358934718671933,1.486189135334024,1.1586614032630331,1.154734801439236,1.4155088328744379,1.1091434850142359,1.1992171621452925,1.1209868485936505,1.2218771786763782,1.4257257640098717,1.4165319702421526
2022-09-30,1.3592437639801,1.2831812101243785,1.5291338788606832,1.3120447944487321,1.167091534358351,1.225682968333132,1.2914429921299857,1.5105118486704536,1.4614274510301368,1.1449511765139957,1.1404857809094404,1.3985741824826343,1.0923164288863543,1.1813094410673153,1.1012675994555503,1.2022906716597985,1.4087933000675041,1.401076582756809
2022-10-03,1.386058452429221,1.3090991104130771,1.5656645119064059,1.3394534081801763,1.185430279613076,1.2466219344892941,1.31337743058917,1.546828870299342,1.4991103863642359,1.1612293109252052,1.1561224778084807,1.4350688207873201,1.1119489362650372,1.1994281735128953,1.113004998684126,1.2185445523933551,1.4459394787044175,1.441914050833119
2022-10-04,1.4150876245059854,1.3352092978416008,1.603478668443544,1.3682057802710441,1.2105465678601055,1.2735553219595037,1.3400923087914565,1.5851906087118532,1.543421421454994,1.182590090465573,1.1767393919281204,1.471726327977316,1.1352533314232354,1.2235886521767272,1.1419922305156773,1.2480192519235314,1.4835674743916711,1.4879282547706572
2022-10-05,1.4114362913894856,1.331765114074032,1.5975065884932718,1.3629821957643047,1.2047532989560288,1.2755810946129038,1.3403605919432644,1.5790808191174783,1.5402964143790432,1.1756367409174664,1.1707462571612837,1.4631058978878566,1.1320312958820111,1.2181610896697563,1.139837915414722,1.2423882978741057,1.4742986885155962,1.481727710191511
2022-10-06,1.3880664366023592,1.3094474667038094,1.5735093883216233,1.341451877253594,1.183997882047694,1.2562719326304677,1.3209551375515067,1.5561469377626092,1.5231262664338094,1.1555015093113161,1.150815606074349,1.4407618145575445,1.1172589135797304,1.1968874295529002,1.1279579258729011,1.2303995419980853,1.4525777101993684,1.4642263698570692
2022-10-07,1.3730577827564712,1.2937795410508481,1.5419590341706513,1.325898828632735,1.173025619360086,1.251381831635853,1.3139611717731008,1.5255200074053636,1.4834829694511718,1.141571544984037,1.1352346624359893,1.4122309909329107,1.105156998681671,1.1806973769330522,1.1184528847496413,1.2233846319038708,1.4222904053203276,1.4289220472566717
2022-10-10,1.3719297594105806,1.295518279249044,1.5373905035053241,1.3276482904270908,1.1750693331487678,1.2486430906227401,1.3143723563460121,1.521023814129688,1.472599769584455,1.144954525307065,1.14045530373303,1.4107877863304625,1.1071159994041295,1.185637324456416,1.1216975056500536,1.2300212343895363,1.419312738038968,1.4201499746882356
2022-10-11,1.3845135776378905,1.3082927806241635,1.5419426432191643,1.3401365346142742,1.1882186463630802,1.265051460855666,1.3282383351439517,1.5251028188522362,1.465926961354578,1.1461962921762587,1.1431281187656013,1.4121976588830183,1.1126538168703535,1.1942555475448287,1.12904472237492,1.2358699947604241,1.4190765496574558,1.4128467122082842
2022-10-12,1.3774976822195555,1.302308010019197,1.532115882406318,1.3301470113585367,1.1838213376437168,1.2646825647472106,1.324773620821182,1.5166027841606635,1.4598910020699873,1.1462087186682022,1.1439390066262582,1.4015909534957622,1.1125206095393572,1.1953735559399026,1.1406958327605643,1.2434949431775364,1.4079511040230281,1.4037015995988578
2022-10-13,1.4082609120872394,1.331330220988125,1.5695964804470899,1.3592107886474118,1.2103485543857186,1.280060772177788,1.3480309300467133,1.554194214824469,1.4969025193621357,1.1732270911748395,1.1723483043000615,1.4340604736484497,1.1349079738063548,1.222947225771636,1.1691660084627375,1.269253854658824,1.4406050381565771,1.4378650028376665
2022-10-14,1.3907697901566782,1.3177558767900468,1.5431279699848706,1.3393977981943448,1.196632436763081,1.2683745330795846,1.33519890038435,1.5276186946405304,1.462920024991448,1.1619465144990253,1.1622348364963195,1.4056405609446523,1.127777105734829,1.2130453348953356,1.1640125621332886,1.262059399231139,1.4110168496955442,1.4029841812393078
2022-10-17,1.4081411122191283,1.3367952459335282,1.572286196586708,1.3572074277022017,1.2146653916967796,1.2887280967070023,1.3537902388423158,1.5557911680416359,1.497026621373305,1.1727399635835731,1.173550004544896,1.4326876993862525,1.1365032005003184,1.2266179882106163,1.1751396752854173,1.2682713148938565,1.43976768007335,1.436004509823941
2022-10-18,1.4193949228300404,1.3476117736565025,1.5907038788020986,1.3734293204151995,1.2263755083155548,1.3037439204695989,1.3694985312504468,1.5741979525051812,1.5152243598503603,1.183804394134613,1.183905192782688,1.4518895489901813,1.1508122824692513,1.2333065081618977,1.1868313459920767,1.27976156338065,1.4593884368631442,1.4558208433911424
2022-10-19,1.4116920574266907,1.3355659350831635,1.5791689779575386,1.3653675254910227,1.221308583179635,1.2941275872505464,1.3589841681957242,1.5636766666062696,1.5088444496617448,1.177792663201348,1.179076581843263,1.438440178110671,1.150202364127508,1.227707274822068,1.1912874336177874,1.2819737874540478,1.4448185609280877,1.4414789904301546
2022-10-20,1.3988110135272085,1.3226829801457018,1.5662642127126416,1.3539425329912576,1.2140498974862415,1.2887420292698895,1.349263848436939,1.5509093776880076,1.4976763129133874,1.1733938892634181,1.1722343458605173,1.4227358862805741,1.1449225106123548,1.226025193583251,1.1963831754962393,1.2808239191764887,1.4281683407559589,1.4253813361507275
2022-10-21,1.4241021734877606,1.3449173184448122,1.5968400698298375,1.3807518438664232,1.2370586519194997,1.3038981609912816,1.370658566104316,1.5820871890884112,1.531167298995494,1.1952325628462213,1.1960925662945991,1.4501015659519678,1.1633670390970388,1.256478326654809,1.22185968958697,1.3107388628048802,1.4562951552937218,1.4574208680478706
2022-10-24,1.4475633889595347,1.3656175829192074,1.6203274776060455,1.39975538922547,1.2567279077918039,1.3219453588851549,1.3893981883879771,1.6055770555022113,1.548446712758834,1.2084550999821322,1.208346481606694,1.4671882333381174,1.1783706184420355,1.2739515439857383,1.2367806598701296,1.32472886538381,1.4731898462857385,1.4730162306373367
2022-10-25,1.4528412085111684,1.3683398562665665,1.635757914839608,1.4041398984490185,1.2542275538130732,1.3138352128953383,1.3819451492186028,1.6206270586884606,1.5722256118664726,1.2110951076016316,1.2116222016204339,1.490171295892108,1.1818906028307863,1.2768915632363746,1.229736189644199,1.3199691619158875,1.496915162944095,1.50079273390078
2022-10-26,1.4609344710434606,1.3727402039125967,1.64366826833057,1.4158849630134214,1.2567489436677128,1.3065256525246745,1.3797482044639766,1.62880517696783,1.5723826319926018,1.2102267985709654,1.2084972544355717,1.4956540693691718,1.1751416883859884,1.2742946508809467,1.2100996290869155,1.3173055512413148,1.5028248007459692,1.504344515579379
2022-10-27,1.4690712167305429,1.3752318097630722,1.6440031672192663,1.4285462622221976,1.2660970416449215,1.3287968875529916,1.4003839993204483,1.6297038360104028,1.5692570870289848,1.2170595861664064,1.211351784998081,1.499197217954503,1.1847408999101736,1.2823867183725228,1.2197867745991473,1.3304282560510892,1.5050523561860167,1.5048161056935256
2022-10-28,1.5087520203980302,1.4119579123447425,1.6867430888518862,1.469681052151076,1.3035322374453209,1.3688587021138854,1.4428281948586676,1.672461271382151,1.6088055296585624,1.2432863034451194,1.2396280955575927,1.5329426840487574,1.207557489512571,1.310326629338722,1.2381685358219434,1.3513333076846503,1.5390289705912754,1.537637606547856
2022-10-31,1.5033865555403396,1.4068608977505412,1.6774364573058693,1.468330686935676,1.301872664206482,1.3777922753766365,1.4482998624243812,1.6633198835427534,1.596940891727865,1.24044091644274,1.2342199447865465,1.5260223265552773,1.2053307879237323,1.3062486008960803,1.2283800167037902,1.3464468228936954,1.532333449930945,1.5300421751200632
2022-11-01,1.5086461731787022,1.4112813242122797,1.6760694645042047,1.4717276663803533,1.3001021618237203,1.3716128675377013,1.4448214426985118,1.6625224891664467,1.5947612478262645,1.2589532457007726,1.2500649165368094,1.5261103356538432,1.2142783276988005,1.3220646048214235,1.2548942094876376,1.3678302240922247,1.5321917054047316,1.5310796304045875
2022-11-02,1.4908513163265613,1.396092530236682,1.6495737648704862,1.4545937948727887,1.2843182311254047,1.3670543330550367,1.4346100487886497,1.6357689730831977,1.5607819543275505,1.2588544414913527,1.2494954319574658,1.4974183924967501,1.206511180422688,1.313574803915802,1.2597086580152186,1.36452505406386,1.501936366581986,1.4938893499055852
2022-11-03,1.4899702305921256,1.4010300177690431,1.6426319333131427,1.4535897664924857,1.2841806363360913,1.3610219227721267,1.4303571186311528,1.6289099850352822,1.548783052726894,1.2578227995834437,1.2550250887458898,1.49117726782931,1.2099833248690535,1.311279726550538,1.2590169853730335,1.3701826351297572,1.4955075153189543,1.4860830263498885
2022-11-04,1.5012649981039115,1.4089983006610318,1.6582302770900477,1.4643129560825352,1.2893858656245698,1.366342873369252,1.4348934472680843,1.6461705509896671,1.567707453447272,1.2550264290801494,1.2585010580515381,1.5081195975413795,1.2084249266640905,1.305578406805564,1.241000752818129,1.36256502284524,1.5125629962267393,1.5078947092837869
2022-11-07,1.5142595770476155,1.418202442182523,1.6732601877495075,1.475412625559053,1.300753324700121,1.3775852782507738,1.4470167335584347,1.661722008829317,1.5848676697727986,1.264068516298738,1.2639384231426307,1.5177118765873956,1.2139212366173213,1.3046768408794744,1.244616596031942,1.3676107040838608,1.5220473137701556,1.519234872256563
2022-11-08,1.5266763479307248,1.428048037659304,1.6863776324414197,1.4885825955448657,1.3116610902499741,1.397750048876651,1.4647693244714652,1.6739083169375146,1.5961147774038515,1.2678056311299333,1.2655099292748668,1.5267903418567053,1.2235269005682747,1.313272406316986,1.2565533541241976,1.3742304781168513,1.5307392784756413,1.528820399633123
2022-11-09,1.5135650687153812,1.4171378879008458,1.6636537163737868,1.4730990760567089,1.2953716686572645,1.384407698683477,1.4511825148307405,1.6512721773077856,1.5663190195182874,1.2593438495840512,1.2580913619951901,1.506338071208891,1.2213664850075916,1.307259416389516,1.2651292033891264,1.377813968230393,1.5099420244465764,1.50245612471974
2022-11-10,1.5398874627686927,1.4305140810966213,1.7195273343638517,1.4913546336157253,1.3061490958021449,1.3652015188477666,1.439432394483621,1.7056893921797256,1.6426347549791647,1.2486014749796355,1.2477309932666147,1.562446798765932,1.208400067884029,1.3015409230256263,1.2283018480650845,1.348363297568426,1.56799394710679,1.578832526564835
2022-11-11,1.5242597768634139,1.4117100344104752,1.7112732543353948,1.4770278588818622,1.2904847957547532,1.351854535189044,1.4219336784543148,1.6984069901418946,1.6503414955043199,1.2268153900800225,1.227288943039886,1.5588664089830548,1.1868121015853856,1.279874457452798,1.2008650935986194,1.319553897221947,1.5659804220299558,1.5876855409221442
2022-11-14,1.5243131883569778,1.4139896229026514,1.7050319268022704,1.4793673643510783,1.2962855057231186,1.3650129457067457,1.4338038421895003,1.6922088594440254,1.6394924820761405,1.2360333296689232,1.2368678171453988,1.547708785261356,1.198927822906013,1.2868635204759489,1.2175819943743542,1.3346866049381296,1.554317308811227,1.5715984246150203
2022-11-15,1.5273620028248587,1.4146437840041364,1.713488189599011,1.4825905836650473,1.2980526064926663,1.3573407644167184,1.4309448117450383,1.7003791295136579,1.654270142978116,1.2332690856498163,1.235841226818031,1.556531753338534,1.197736877256539,1.2846248545658707,1.1981460369592791,1.325049513200964,1.5635711931302776,1.5855322899984199
2022-11-16,1.5317686669649102,1.423344737129292,1.7106276684558304,1.4901636470548005,1.3094610784989558,1.3850370232480747,1.4571071878614337,1.6975583198201347,1.6407508111998472,1.2475700316086418,1.2527695574779092,1.5539119730767081,1.2135749094499484,1.300637569771275,1.231974777483877,1.3522104878970471,1.5600858834980225,1.572953761061554
2022-11-17,1.5378716167809803,1.4304710614440284,1.7132725440586243,1.493496753506043,1.3146453115525634,1.3820206733996527,1.4561252576629518,1.6992137857622305,1.6377166338891396,1.2613840569619148,1.2652495508242656,1.549053479964142,1.222088185090987,1.3071796591145106,1.2471824458539609,1.367769668562224,1.5549265608175764,1.563832041089704
2022-11-18,1.547315213861252,1.4402294008300256,1.7268856617244928,1.5050044600154386,1.3177004072791543,1.384925592234298,1.4608893936333693,1.7128431887186784,1.6463698161805114,1.2683727626351233,1.2727929504793432,1.5640308294028629,1.2271520135495977,1.3138181129104398,1.253725888486676,1.3718735664929225,1.5696331648921384,1.5758421873159176
2022-11-21,1.5562843725515245,1.4508293239680266,1.7312683562338895,1.517007545866495,1.329410096313227,1.4115771689375782,1.4827114070285379,1.7179239358315421,1.6428711791619235,1.2792473003176252,1.2840298953010563,1.570941739333065,1.2359492582135958,1.3265416638910559,1.2588756810202673,1.3816069507327822,1.5761077000927337,1.576211836015545
2022-11-22,1.5623040433215207,1.4544431608923025,1.7482169105571508,1.5207290390437576,1.3371679493103308,1.417450675720173,1.4893122111020778,1.7343514796370194,1.6639376136216086,1.286061204795358,1.2913522981752037,1.5866164665344207,1.245798325420554,1.3322782042986818,1.277209259337781,1.3909942191699902,1.5913624580722383,1.5961749812279116
2022-11-23,1.5685262407641003,1.4601619622286262,1.753208526732827,1.5256435810227562,1.3388508320269936,1.4204280397495528,1.4933600328406782,1.7391815849358723,1.6729842298426154,1.288110466477719,1.292702963307613,1.592096695041028,1.24511869115879,1.3331275372316735,1.2844706452799597,1.3929958045173887,1.5971204294689496,1.6027332879368708
2022-11-25,1.574040616416367,1.463625453411667,1.758562454456377,1.5306940115826062,1.3412977449500751,1.420495842287157,1.494778355194695,1.74409635625601,1.6752887510862884,1.2917487021808414,1.2969904773515188,1.5974063850623081,1.2462964032924104,1.3356527451141298,1.2834191555484051,1.3941401090796215,1.601823719783974,1.6063344176161534
2022-11-28,1.563191768743808,1.4542523816009232,1.7400491424528375,1.5210771724756131,1.3341485616886362,1.4100211600878596,1.4858380958277666,1.725790743399111,1.6532405740054217,1.2902891323613364,1.2946062036481165,1.5770568178941067,1.2419072996877574,1.3296698326453573,1.2923743419979636,1.397065837919834,1.5816991051448903,1.5805295627511668
2022-11-29,1.5629542998422736,1.454197491196611,1.740918563299935,1.520833377939879,1.3289201002636852,1.4123146856804136,1.4859730263011055,1.7263960855581417,1.6534014536381811,1.2915777344563413,1.294776777079599,1.5795561182429756,1.2412989953445013,1.3268218119135633,1.2864730973429863,1.3936936945432838,1.5838720581596146,1.5842801257368466
2022-11-30,1.5888880655804667,1.4777782291459505,1.7786500185790994,1.5421195545794906,1.348890419007195,1.4384868105668915,1.5113678787880434,1.7627365560234745,1.6993854955533976,1.3041173209467927,1.3101080723727097,1.6131246767691338,1.2512599055955393,1.343194713550779,1.2942469826996543,1.4064849139217388,1.6183650996799646,1.6242104932772092
2022-12-01,1.590944593812323,1.4783228330576264,1.7790757685692646,1.5467520066858917,1.3498849448860317,1.43677202946967,1.5123805552025877,1.763990311646751,1.6987775016590632,1.3078605584715701,1.313849563014946,1.613358317394676,1.2567144644872612,1.348622507283124,1.2997024758548534,1.4106764141730166,1.6196162996519978,1.6248923060817602
2022-12-02,1.5962624353894086,1.4859922790659252,1.7822179811029373,1.552703286971579,1.3562394465547962,1.447944231749903,1.5235029733229433,1.766511838365358,1.6977902191979286,1.3209468282854135,1.3277735458234468,1.616686110133361,1.267324166088035,1.3649881373977855,1.320026836106443,1.4326199385252745,1.622432790684745,1.6242883242984756
2022-12-05,1.5799778889934566,1.4712584746953419,1.7592620804380568,1.5367561850486695,1.3425494958813986,1.426701612287689,1.5050909719171546,1.7427790201407662,1.6690626904759593,1.3097587446443488,1.3177159228272266,1.5925199803861596,1.259826622825455,1.3560086725027574,1.3129104164037158,1.423457428863237,1.597901170962596,1.5939391034496704
2022-12-06,1.5668713476779241,1.461104232684326,1.742931716126798,1.5254194087996282,1.3311174175046467,1.415563080326583,1.493627055876965,1.7272121246244798,1.647827777069359,1.2946206453792475,1.3042613189112904,1.5784008762435064,1.2431143586284434,1.3346502308458148,1.2864441496403933,1.3967650203943576,1.5836296078607233,1.5761123583896588
2022-12-07,1.5676745191213346,1.461151970091182,1.7453682904230332,1.527108021751359,1.329539263413495,1.3999527338660822,1.4823664571676676,1.7295334439337722,1.6471367746513963,1.2908922307312378,1.298835207639849,1.5793747707845902,1.2435133986346674,1.3347569319115349,1.2803899689603524,1.3947505372695705,1.584160102601916,1.574474049923422
2022-12-08,1.5758708550001124,1.4662808643310823,1.7558778420007737,1.5325126062589782,1.3321695427252547,1.3899096071837453,1.477858408104638,1.739940168116957,1.660976341609574,1.2891037621316057,1.2977191419014944,1.587438540119552,1.2420829875600663,1.3356347506201676,1.2793221985457315,1.3951235049526112,1.5927277411914544,1.584361920813113
2022-12-09,1.5620937589510857,1.4516682222216777,1.7409736734553287,1.516007315948422,1.322119762389541,1.3807266947096328,1.467014226301462,1.7253245588358055,1.6484211384167804,1.2782914251338353,1.286468110698662,1.5744229374334402,1.2329789628065804,1.3250060129253318,1.2761905243159017,1.388250527307097,1.5797376147184623,1.5718308440046305
2022-12-12,1.5746283576774849,1.461195727087629,1.7634844677447812,1.5307584527094544,1.332373774289467,1.381754043968066,1.4731993786682018,1.7487970220686777,1.6714063460808095,1.28713799596308,1.297314460341901,1.5942931079650793,1.244891363749154,1.3384582593495908,1.2810858939917813,1.3961501876240852,1.6003865783087514,1.5947507882768268
2022-12-13,1.5720598955287077,1.4583239919996605,1.7672053276744653,1.5260908457409073,1.3282303765006187,1.3744964643441329,1.4644773285801969,1.7515362846834925,1.6807295813124972,1.2829443361990238,1.293900264981633,1.598117941603383,1.240846125317646,1.3327801821014198,1.2763387726549686,1.3930915991516657,1.604478409335709,1.6047483474791282
2022-12-14,1.5709339225995291,1.4588041805419916,1.7633564937100992,1.525272558051224,1.330550879252134,1.3698675753347254,1.463958202883215,1.7479709105093997,1.6727626621782097,1.2849628347390276,1.2966481540164005,1.590629964530229,1.2406574897070897,1.3324571002031314,1.28526724964193,1.3954061533434092,1.597385293401999,1.5936967046177983
2022-12-15,1.5523259106907752,1.441095694093119,1.7308258757260369,1.5050137391213994,1.317962881172587,1.3648698221208977,1.4550328669550037,1.715299278500356,1.6340454420606694,1.2697891273135966,1.2809014945995385,1.5603650527172424,1.2257722785516627,1.3233790751193575,1.2769933933944877,1.3811044582254273,1.5670535379010786,1.5588151046302714
2022-12-16,1.539051764900517,1.4294660041958163,1.7136783429818998,1.490619312807668,1.3076833107924248,1.3554724771498365,1.4471830698924917,1.6988848660020943,1.6174605842077874,1.2584826838210652,1.2708919787550823,1.5449578423392132,1.2202053829253443,1.3122593085416787,1.2792156625946618,1.3789624803647025,1.5515377172749203,1.541688248750508
2022-12-19,1.5420117212868982,1.4328627436871046,1.706163924266358,1.4894526632604712,1.309432190055076,1.3590016115399086,1.4504191385610155,1.6911088875931728,1.606275987065207,1.2580090130528285,1.2700162358107874,1.5356735866287052,1.2205678752382059,1.3089553390468018,1.2850787831434327,1.3817421407069241,1.5422405883548,1.5292327267655976
2022-12-20,1.539172917616453,1.4319650299892124,1.707768484771205,1.491664747600523,1.308479047221216,1.3545699703918044,1.4468634344078164,1.6932315000972806,1.6082612074161224,1.2576739183327648,1.2712563037211124,1.5371619229498001,1.216266893780163,1.3044498557731163,1.2761692923305474,1.376048154497807,1.5438871480464913,1.531487513015593
2022-12-21,1.553051416606638,1.443267134714322,1.7296275010143596,1.503579162172719,1.3209756346715553,1.3504985783393957,1.4464231367853932,1.7150926868392635,1.6329551636939783,1.2674800925857972,1.2832238128904332,1.5565186305524266,1.2240507330561887,1.3209886382832465,1.2794265883203046,1.3835048337259421,1.5633341382234243,1.5542790051279611
2022-12-22,1.547177677808163,1.4397317061537924,1.7173895258984921,1.500147036322467,1.3189330091362512,1.3496775212448902,1.4452267715419618,1.703063986374622,1.6121394062055785,1.264621064369598,1.280853428595659,1.546375015252768,1.2238057693782634,1.3186419423052635,1.2807465002535352,1.3858954890305721,1.5529581342931476,1.5367279108030423
2022-12-23,1.5523811230068165,1.443932538630044,1.726158934637002,1.5064160767325296,1.3250487456091415,1.3538803323561703,1.4512413636986101,1.711879601624725,1.6207506927455229,1.271217171482399,1.287936957286016,1.5552342295610366,1.228279677824965,1.3270112129369316,1.2772477642806972,1.3894581984106749,1.5617448808899586,1.5466083139541735
2022-12-27,1.5551375893439858,1.4479569717334178,1.7279609434341345,1.5102671604313804,1.3289969708596452,1.3514056753778914,1.4512633362057332,1.714081931082553,1.6169432244656081,1.2715724908273442,1.2897176159829176,1.5576432053235287,1.2279107180038888,1.3301499756080108,1.2710434379418287,1.3848981389334933,1.563870232576179,1.5463088071773314
2022-12-28,1.5424318985206387,1.4363125701565786,1.7114333834102322,1.4971365550125886,1.3172923435095576,1.341370115998061,1.4390442872162814,1.6976668667868888,1.6004793760846985,1.2613924433710775,1.279545618378616,1.5401106213612776,1.2182431234800877,1.3238169496290146,1.2636363830627502,1.3744371714626693,1.5463467142134701,1.5267108077299636
2022-12-29,1.5512252925562582,1.44377842261709,1.72933000207375,1.504568283102972,1.322855284052031,1.3508873965401922,1.446956354002583,1.7149073364604164,1.6258789170467607,1.2645299105308283,1.2835398838528427,1.557648300077999,1.2220071938029227,1.3273387842555302,1.2664922299169996,1.376980926014952,1.5644308754525464,1.551492023523876
2022-12-30,1.5474838437080918,1.4393059438660951,1.7246407126990355,1.4999490683528949,1.3206646004484908,1.3475666382056455,1.4445091570738704,1.7105963698664957,1.6230328419249436,1.2650762590761022,1.2823833705465135,1.550878678122642,1.2210283399781636,1.326605959235404,1.2663658510378675,1.378182448500911,1.5573309474740036,1.5451858169112027
2023-01-03,1.549851716610767,1.443880221268639,1.7235828891586178,1.5038488520220692,1.3215770946563492,1.3471696929168828,1.4445090364272195,1.7095392140585508,1.6201981097664533,1.2701284844695724,1.2875410834230085,1.5500098029352454,1.225104724871214,1.3319213080315904,1.2628143699419858,1.3806952912599753,1.556998238940445,1.541557716480961
2023-01-04,1.563590924541024,1.4582802526119953,1.736068624245862,1.5160511508609125,1.3324923782622506,1.3726835923104672,1.4661265494747286,1.721401091001966,1.6377430801439052,1.2791964503607622,1.297138455602205,1.5644577603472325,1.2352240676915756,1.3402254237065585,1.2751370252394154,1.3917090677479678,1.5722901595380452,1.5614577177692957
2023-01-05,1.5621689819881737,1.4590302882152435,1.7226943135119297,1.513006410414553,1.3389023960521245,1.385170433694089,1.4759771663213208,1.7075973839296343,1.6197762272203653,1.2770904058915475,1.294898534677919,1.5485713291075938,1.232596283610978,1.3404401755667879,1.2795923161471443,1.3945146990520725,1.5556655053962316,1.5440975074493415
2023-01-06,1.5860685442633653,1.481126392941176,1.7576921728172092,1.5348204372673895,1.354185734929924,1.3921569799816442,1.4895670015634135,1.7418521049142188,1.6557924157445476,1.2929017944444663,1.3114249204958397,1.582178198812822,1.2473284624555725,1.3528600613412336,1.2800669158694247,1.40508568112003,1.5892597641292825,1.5810285706632563
2023-01-09,1.5513392171088114,1.447829372787025,1.73982041656782,1.507609234466206,1.3250954515771172,1.3661218471444259,1.4583339616838809,1.7244650710173997,1.6511075893336649,1.2735025272230802,1.2919068368079147,1.5730151056230688,1.227048505784788,1.3277565001115743,1.2551459351947203,1.3781018855484009,1.5811162877062284,1.5804975229619962
2023-01-10,1.5560091554084512,1.4526441761041708,1.748138373752639,1.5159158379356672,1.3272162121601843,1.3710228405860478,1.4626434336648886,1.7321388054189375,1.662262838400788,1.2673361022781773,1.286864197989985,1.5797769156702264,1.222891802933845,1.320817765929511,1.2379727258330226,1.3684127713659477,1.5882590699664938,1.5910984783139912
2023-01-11,1.558887642686605,1.4498303280052554,1.756754093654543,1.5188624397184798,1.323110323579631,1.3715022592909816,1.462627719456394,1.7398173960483083,1.675746341315933,1.269713732454882,1.289918373049906,1.5925937069608116,1.2227864922490062,1.3229399681807723,1.231581057490599,1.3658871518146527,1.6018252794521501,1.6089116813365405
2023-01-12,1.555647976717691,1.4462407967820003,1.7571628803038608,1.515650218207661,1.3182308729559307,1.3738777110082787,1.461822810063099,1.740358632955746,1.6827762983646524,1.265709576134872,1.2855956979892629,1.5919697523940197,1.2171897385025898,1.31308798167653,1.2149914385350338,1.354483536099789,1.6012167774124533,1.6135775022207297
2023-01-13,1.554173668759526,1.4486767508888232,1.7616492028665325,1.5163712077348586,1.3180386466419935,1.3642563032840718,1.4552520215834746,1.7451161745866681,1.6888434648136026,1.2653413611065294,1.284771652523063,1.5949057105549092,1.2197867687899424,1.3179302634848278,1.2149300833092778,1.35718154470514,1.604026425623145,1.6172160457902733
2023-01-17,1.53867251081677,1.433649084127054,1.751735140989426,1.5099858873783734,1.3106279276224628,1.3638841394258376,1.452450648714232,1.7347023871786327,1.6825745808874388,1.2519269408244518,1.2708765526824566,1.5896843965983471,1.2121139645435,1.3087572603258149,1.2060765257277244,1.3477434417384198,1.5983275116690163,1.6133707302677804
2023-01-18,1.5058129202445654,1.4026893648733454,1.7185715219355318,1.4785820866435349,1.2823432620768886,1.334259340656376,1.419905050709374,1.7012363151263785,1.6547192608595358,1.2319897837735425,1.2523932205735524,1.5605511821336275,1.1982855514055137,1.2891641490547694,1.2001518124528505,1.333551379198163,1.5698397672149407,1.5874459491253463
2023-01-19,1.5096580147820806,1.40634600837813,1.7091213546198167,1.479076473693383,1.288407221697267,1.3406923998666047,1.4271707996114211,1.6923622847603006,1.6419040475115518,1.2363536601836365,1.2550604397035616,1.5488117772376147,1.2000445313593608,1.2919485729779825,1.2057909718068751,1.337510326931078,1.5570296125142127,1.571938203069453
2023-01-20,1.5110243085111632,1.4080617151565427,1.724014566145017,1.485840976938584,1.2918083775446882,1.3435505586342171,1.4310442002559383,1.7070431103846213,1.666679951659262,1.2365167186118067,1.2562172196724135,1.5663504443677487,1.2028880461605704,1.2911118530026013,1.215825131001375,1.3443099110098502,1.575621483925542,1.59833480422716
2023-01-23,1.5096276334684362,1.4062140174046462,1.730982406829757,1.4825341966387224,1.290848511339562,1.3480637260957524,1.4320772208198644,1.7137792630240964,1.6844794223958983,1.23889957958061,1.2598162808428135,1.57655574223002,1.2058633106921264,1.2926269590658068,1.2211711165730434,1.3522943154515537,1.5861273979963435,1.6156084414734773
2023-01-24,1.5117405916823252,1.4060563414374874,1.7337602478957745,1.4801127489865913,1.2964618444434337,1.345614866289334,1.4326290492755194,1.717065423854663,1.6849317930597076,1.247501452172455,1.2679545684458515,1.5773586892452482,1.2119165064180193,1.2993801872680868,1.2346819672348166,1.3622149208074672,1.5871491726898408,1.614040574561638
2023-01-25,1.5190802034512574,1.4107778318374562,1.7371604983633424,1.4863931748896726,1.308634673827613,1.354399788810974,1.441366318495184,1.7212665104672022,1.685635372430769,1.2465356595309451,1.2688604956926295,1.5804181148947227,1.2107555837547175,1.299240086753064,1.2313055783053384,1.3591598071235467,1.5903252645276984,1.616414607535206
2023-01-26,1.5162002699026258,1.4086138749611357,1.740073905629538,1.4838092357918669,1.3059979642631339,1.3575932571651863,1.4432010842402985,1.7243525217083076,1.6986716454340003,1.2467855259220588,1.2693004081024921,1.5863823328005373,1.2112268463608251,1.3021192521514242,1.2284435472611732,1.359344324384517,1.5965988398063,1.6292191006019723
2023-01-27,1.5087539914979557,1.403854112673301,1.7359422269302573,1.4815098543862095,1.3014771660331688,1.3676952554525508,1.4479029224930207,1.7188460374519614,1.6986416769878763,1.240466825982922,1.2663019182575272,1.5845057327140037,1.2112875956794267,1.2992636095155194,1.2350149154447874,1.3580936096756675,1.594886317503872,1.6292055937923469
2023-01-30,1.4997881458121558,1.3979457546479102,1.7262426653269638,1.4714724252537363,1.2936148000411043,1.355366024497706,1.4368339182539767,1.7095757395344413,1.6824931753134185,1.236901143048632,1.2596709812020341,1.5752510811275322,1.2044377916421147,1.2929474169492956,1.22128474111936,1.350402778187275,1.5850003311123375,1.613621783210411
2023-01-31,1.5163769773262632,1.4100741257964136,1.7460111193569332,1.4834638367841837,1.304055347899172,1.370971711705158,1.4512148812632955,1.728773954866992,1.7049360056397111,1.2454243879750166,1.268956685293097,1.5953278762094072,1.207566254017186,1.3003907057062443,1.2173236633875015,1.349687842727871,1.6057460641207741,1.6376075163835084
2023-02-01,1.5088484203871146,1.4019627706815119,1.754552065784455,1.4795751666086645,1.293223229783976,1.357027664998573,1.4392587019689094,1.7366725412624735,1.7225881851248226,1.2250340788458098,1.2540531334529526,1.60130762212187,1.1918304666664075,1.2775998928181507,1.1825121496022073,1.3234426778213304,1.6120693485221593,1.6518608245207884
2023-02-02,1.4979604410704177,1.3930431051335788,1.7490885002645817,1.4718178239383382,1.2844143473883551,1.3487215115525126,1.4274307078226562,1.72923732058486,1.730797296522786,1.2011325899825862,1.2291307877921016,1.602747175476412,1.1746316493726079,1.2588725576349322,1.1677040055217571,1.2992288255177162,1.6142818182314005,1.6639253134359202
2023-02-03,1.4937288762138217,1.3923206835139115,1.7404245258364073,1.4701227551685097,1.2848805305352862,1.3460772653051134,1.4269952900602099,1.7208319917556258,1.7164064682665168,1.202078348964715,1.2300770690456955,1.5905538695490522,1.173361485339806,1.2576443019937968,1.176228095341854,1.302483430960519,1.6021305150580534,1.6471194376807738
2023-02-06,1.5050053183104162,1.4008264705714244,1.7383467991062804,1.4746973358169626,1.2981743597125341,1.3612471260426589,1.4413566489464849,1.7188329149239063,1.7080940166618144,1.2067332742467756,1.2358311560459445,1.586323726837221,1.1730697947702111,1.259315759423919,1.1704718389337878,1.2995029150035888,1.597676183756601,1.637803565705075
2023-02-07,1.505259010855125,1.3989318332058611,1.74488068495685,1.474043570909357,1.2935145862443793,1.358778017796389,1.4392310807964823,1.7252555916727346,1.722197768930726,1.216920399679403,1.245540235521668,1.5946742217198067,1.1838145572776713,1.2645046960741964,1.1690859414475583,1.3018985937943572,1.6078525233497925,1.6524886116269484
2023-02-08,1.4939211762481417,1.3912356907409573,1.7328185021646816,1.4667947503193957,1.2866866136594703,1.350987806959722,1.4302076878524759,1.7133197910031055,1.7054805793830305,1.2049722954717952,1.2303418567399358,1.5836273554368034,1.1738858040473625,1.2586250777024484,1.154104458928125,1.289727714591382,1.5959870083769248,1.6385442714403853
2023-02-09,1.4777226923297464,1.378010974320939,1.7214099389114057,1.4566866821528708,1.2733492448604418,1.3369011475217416,1.4190450976946891,1.7014971327504842,1.692615857399513,1.2025224177257885,1.225376784998295,1.5711673479912283,1.1720810536356545,1.254775584138124,1.16043116116087,1.289679028892877,1.5841561623242961,1.6240496030896416
2023-02-10,1.49401710357516,1.393065065712883,1.7355251140234584,1.4734913780133345,1.2884461763086978,1.3498958212392145,1.4340659978948938,1.7155711869003376,1.6982981772133565,1.2119547147567264,1.2339857734794195,1.5832486216963282,1.1768592314336155,1.264750773637995,1.1612579649097003,1.293198044584137,1.5953336062224475,1.6312225107655838
2023-02-13,1.506644962240794,1.402467904449917,1.7527843865691997,1.486147066084977,1.2987000117637824,1.3638851183955203,1.4467529737479545,1.731368004998335,1.7165531658298674,1.221887589967969,1.2443786450836998,1.5971702060640565,1.1851627972674117,1.2713914455550535,1.1678626409453696,1.2996534666858603,1.6097069714715353,1.6477081950063608
2023-02-14,1.5005376955460592,1.391140031132735,1.7441622052580044,1.4794585089543668,1.2925221788089607,1.368783737267079,1.4473337644676005,1.723068288146081,1.713350123766865,1.2153393714993308,1.2357968885938113,1.5892494393948704,1.1786358471419638,1.263060128646537,1.1652648845460782,1.2912660526101047,1.6025571727096748,1.6447846287242565
2023-02-15,1.4943309602620836,1.386976127975534,1.743863229290207,1.4767381719771244,1.2878354754470691,1.365352447645258,1.4435940174280595,1.723262599858515,1.7174945674824642,1.2210025162842186,1.240935022937455,1.594656430831137,1.1844174410259463,1.2687657578987976,1.1800143388034292,1.3016739446008083,1.608767884053203,1.6518267809480986
2023-02-16,1.4791164289117984,1.372892623911505,1.7254745874493964,1.4627982346127006,1.2753367674059208,1.350793848080703,1.4286422260819305,1.7046350145769293,1.694138071137557,1.2160691807941866,1.2337330378976674,1.5821223548176861,1.1810290997815893,1.2633993389368516,1.17202006979326,1.2958380535093312,1.5962198537298358,1.634239678786445
2023-02-17,1.5019246594220075,1.3964228131160579,1.7358377321138365,1.4819016371606901,1.293186183314271,1.3722817907385112,1.4507600277186359,1.71382331217936,1.6946736690994215,1.2299958249791094,1.2485036068065203,1.587911704613439,1.1922809117408812,1.2738421260410469,1.185009651044924,1.3083791355996361,1.6016402560654195,1.631092883512356
2023-02-21,1.4909588578094362,1.3868180818366764,1.7110726618634406,1.467278032048307,1.2814346464472712,1.3668163703248906,1.4441752262053467,1.6899171492873597,1.6641635445337242,1.2276538986188006,1.2446220497256637,1.5644191006458377,1.1879264151498667,1.2657971424491499,1.188925017938783,1.3095112450796025,1.576876817802541,1.5993107831600744
2023-02-22,1.4855403434847076,1.3812488714234088,1.706077546641358,1.4618641335542322,1.278887760018238,1.3686265440287113,1.4430947659957585,1.6846204733898202,1.6597742982144648,1.2256050662804534,1.2417951652881194,1.5613696564487196,1.183663617655417,1.2677144482857952,1.1867151662295885,1.3068269482276642,1.573741120302023,1.5959278014235045
2023-02-23,1.486191900033388,1.3790337321402246,1.7075336632195506,1.4596378042111442,1.277044534392202,1.360519741994799,1.434860490926893,1.6851933441208156,1.6660680304737072,1.2273118502644775,1.2445136346501948,1.5633784767448322,1.1847611737997497,1.2687969108901629,1.1862203488479937,1.3054732432909704,1.5761685556896983,1.6021703887156877
2023-02-24,1.4763526953598975,1.370582569103148,1.694647002356952,1.4507074868001921,1.2683281612033062,1.3639866347317864,1.4325896538334828,1.67344668239777,1.6504774317645396,1.2240162862422916,1.2390047505313013,1.552544818454466,1.1777523813009925,1.254407074424632,1.1769554095751042,1.293051563230601,1.5649113140556188,1.5883907827884385
2023-02-27,1.4830783765404096,1.3782368073189737,1.6958956865509711,1.4544128705206094,1.2733395326037902,1.376274382686107,1.4447157201980039,1.6755934814649416,1.6539109979867237,1.2216076380888627,1.2351702782938845,1.5529579554017494,1.1756959304312973,1.2522271618875749,1.1760028103240816,1.2933404729628617,1.56545695917244,1.5917931613391887
2023-02-28,1.4654654063541797,1.3621460382843724,1.6863045396003469,1.4376852632965618,1.2550587635659567,1.3601697442788385,1.4271231571378002,1.6657135141567059,1.6492835796156338,1.210666224139505,1.2259439267338268,1.5445174842721738,1.167964075579085,1.2417051128981236,1.1716303662446084,1.2870529686884769,1.5572380517886697,1.5867041993716493
2023-03-01,1.4649548320377557,1.3623883786650302,1.6798554481310288,1.4359651493818224,1.2526161908762463,1.362367408026875,1.4302520602068305,1.658513094696764,1.6426706268431333,1.2074333669561428,1.2260006937942804,1.5383248521827553,1.1660804387990058,1.2369870076376064,1.1651820664144599,1.288092028819375,1.5502187799930156,1.5820971910568924
2023-03-02,1.4732828900467478,1.3703183556991638,1.690844649128659,1.4433073393593527,1.2573238831799336,1.3646537299719494,1.4339225497780772,1.6695277892253768,1.6554848996843865,1.2231466756602127,1.2418585614565307,1.5504567458600418,1.1790574487300889,1.2541164848055386,1.1755953367102718,1.301046157197556,1.5627404110616465,1.5951792535206517
2023-03-03,1.4812515838373506,1.3765988245000933,1.7067163548000839,1.4493321070123908,1.26273048792714,1.3715426402739317,1.4406966781876445,1.686490561092801,1.6782563227634546,1.2261091555929595,1.2455122787817239,1.566088600392888,1.183410819862128,1.257433789361003,1.1828295107930964,1.3055640254119407,1.5792282695190463,1.6170423087281598
2023-03-06,1.4929326733310697,1.3837220332441393,1.7113339756948451,1.4564190561695933,1.2715423601061546,1.3733060626114437,1.446346049565127,1.6906354618079042,1.679074249444214,1.2331766068392658,1.2529267182847545,1.564357455410338,1.1869596040430224,1.2615138856589931,1.187726706489668,1.3115821736879543,1.577821477756321,1.6124782901172128
2023-03-07,1.4744349282125757,1.3668426598526842,1.685498118069869,1.4355483250889203,1.2573922263478914,1.3588732003125679,1.4301860332199396,1.6647852405661518,1.6520866275225337,1.2249439993306726,1.242811111215746,1.541080957468402,1.178131362419203,1.2562773767641062,1.1902514605864742,1.3057945538884361,1.5543447937014092,1.5858760516602082
2023-03-08,1.4622596097444778,1.3547874096981634,1.6817518413523775,1.4268710885809843,1.2475107993004575,1.3458504406107847,1.4164349509355691,1.6619687797716796,1.6541742796211159,1.219708793020479,1.2357408355213166,1.541175158379752,1.1716206523334796,1.2506511320714677,1.181461853689587,1.297523062424853,1.5544081977432986,1.5890840473157157
2023-03-09,1.4425073903026246,1.3399502688145708,1.656136025543743,1.4080003394293572,1.2267119252947025,1.3197970652261184,1.3938399441614013,1.6359694727151914,1.6249700347298863,1.2065749763526317,1.219670254883169,1.515284116017631,1.1629643442637587,1.2398602104758547,1.179100245636448,1.291975165366004,1.5274854036610144,1.5545107445410353
2023-03-10,1.4435707688812869,1.336305996320975,1.6418661639877252,1.3998576480176268,1.2260043460159054,1.3114982952156415,1.3892251464495773,1.6223356598323737,1.6039535521448949,1.2074293889293854,1.2197891778775678,1.4930433605861533,1.1598818793880492,1.2318990882841083,1.174889688798587,1.2917423055241843,1.504572506192606,1.524583995432514
2023-03-13,1.4435933887390215,1.34021285063003,1.6405110284990498,1.40288688873071,1.225827397026311,1.3189949491590234,1.3960641437287657,1.6198686590216371,1.5978295235428586,1.2068874766791469,1.2141658046455994,1.4864018158831973,1.1743865553305277,1.238533548136813,1.1750645890624154,1.3087298677560035,1.4974242674296865,1.5094842572825007
2023-03-14,1.4530450142300015,1.3432877120861384,1.6583269285631304,1.406308057206182,1.2288758766366428,1.3185381450688793,1.3948415247868875,1.6377483784118685,1.623839331206958,1.2144123924754637,1.221472589814581,1.5038048418318164,1.1785231799316052,1.2384599145549144,1.1791044877779961,1.3110412119935038,1.5152093222237986,1.5312126961983576
2023-03-15,1.4520173649503068,1.3440252417320124,1.6507824976752279,1.4095198973388718,1.2275491768900035,1.3184186137524239,1.3966299052406228,1.6297046952291958,1.6129184131105645,1.2148475585257807,1.2235952207651346,1.4899403367021988,1.181877550764795,1.2360994594117012,1.1793344806091444,1.3191480512352367,1.5008927494415516,1.5076465552834322
2023-03-16,1.452130994256631,1.341111595547719,1.6659116419758437,1.4065744572759817,1.2264901626634395,1.3076361091959905,1.3855486944713673,1.643853941392928,1.636810569855817,1.2181736361171387,1.2271536785236088,1.5050703750149108,1.1810944846485665,1.235496807572897,1.170425236938765,1.3145569313235472,1.5165232500254746,1.529260071201673
2023-03-17,1.4330061453553122,1.3239043857800652,1.645076510342072,1.3919898721720834,1.2133668652960168,1.3003771496360246,1.3766159786183823,1.623144955887986,1.6164820721142663,1.2067158135737361,1.212192625918305,1.4813548360719353,1.1725668014484842,1.2211338124784608,1.1641132524276196,1.3112975761664563,1.4924878937053574,1.5029172523284
2023-03-20,1.456032096062894,1.3477537532636212,1.6663637593053486,1.4132240132995324,1.23361537512598,1.330820190537102,1.4042439911134383,1.644372761784812,1.6337936808716946,1.2246013067126962,1.2267165778260345,1.4996346596059809,1.1899157593077223,1.241501703067993,1.1740629317980837,1.3271474251033346,1.5109710147461288,1.5199376963974665
2023-03-21,1.4621089412034496,1.3507830576833133,1.6775035685699546,1.4186641801636364,1.238429364495783,1.3459841164932136,1.416119259931434,1.6551702244375837,1.6521983853882742,1.2260282959739772,1.2298321632377824,1.5110130616073076,1.1863551713255738,1.2457289619246836,1.1655859226749254,1.3210030602196934,1.5225326740866816,1.539637959945206
2023-03-22,1.4460014340198448,1.3346200210840484,1.651715533268639,1.3999760922895297,1.2273048987680935,1.337732146396747,1.4057718911191237,1.6287739779921937,1.624540987601553,1.2170230383609808,1.2212450337608332,1.482826674369132,1.1763532033273807,1.2306995102787501,1.1566447764365595,1.3112265602503734,1.4940858106698511,1.5067955848943195
2023-03-23,1.436718510288421,1.3277079951689095,1.6498260547426211,1.3878000613787818,1.2213376450008244,1.3233188553782926,1.39077667896984,1.6264735248479252,1.6281646948147788,1.2152246360220063,1.2195115716646217,1.4771173289745563,1.1761160478196022,1.2353675291138424,1.155144625617843,1.310889049729699,1.4881315454157837,1.5022664033089488
2023-03-24,1.4530041146192312,1.345015048071374,1.6649465389425568,1.4029453529475602,1.2304670392658914,1.3352777472572657,1.4043789591924594,1.640888287244757,1.6372073496883064,1.2360764263796216,1.243842979030537,1.495177134252433,1.1965530273407936,1.2575837508268606,1.1754628967320073,1.332576126121306,1.5058796857034062,1.513538793257481
2023-03-27,1.4661469652672083,1.3600763333904453,1.6750955686744744,1.4177587917704166,1.2409524760140422,1.3521333365658876,1.4220439556697801,1.6510669471968697,1.6443683391504473,1.2425037069572658,1.25070798854546,1.5049609542719378,1.203498205952299,1.2648027172515615,1.1845730804828982,1.3398108371941155,1.5161109829956751,1.5234628206849943
2023-03-28,1.4682289060575562,1.3621412499802679,1.6743841770690728,1.4198323133551705,1.2426027237208654,1.3566442939584953,1.427624444568167,1.6507329471556977,1.6412317044677118,1.245411813125741,1.2531614091332355,1.508078748714943,1.2048582972616424,1.2672910503621246,1.185316511967451,1.3442070919940559,1.5196576561405386,1.5259717180048533
2023-03-29,1.4715931634762456,1.3641195476744838,1.6891479307859325,1.4253372720937953,1.2502859360625727,1.353421675425201,1.4270325733253988,1.6656170120387428,1.6616462037275683,1.2467602316168425,1.2562009299540786,1.5249052848383748,1.208333127422973,1.2718559701271,1.1812333683817409,1.3416648236537612,1.5369170929758744,1.5483907087675266
2023-03-30,1.4741125405814457,1.3671158417580447,1.6940689049151305,1.4286938286106203,1.2506496155980629,1.3587860900442266,1.4311884803021164,1.6704564148839798,1.6690746340421865,1.2486718972431214,1.2570663639979256,1.5311074380889882,1.211769833265319,1.2731476422934964,1.1832284910453537,1.3443008638195502,1.543145233588336,1.5558253218674776
2023-03-31,1.4858112965529415,1.37959180088192,1.7117885890501197,1.4407949745293382,1.2608125775384107,1.3702206929062586,1.4449673011424982,1.687498659659341,1.6906712278231433,1.2616939230452224,1.2694421376715008,1.5497104721711512,1.2241208918053659,1.2853488652410072,1.1974899394450846,1.36220934576407,1.5621988136759732,1.5777578231432827
2023-04-03,1.5034589758587469,1.3945604416576354,1.7250553975508545,1.4569179583882605,1.277154872633482,1.3839593169297055,1.4603594067988726,1.7013644485721908,1.6990348956981047,1.2695537249088333,1.2778504988620623,1.555199390664137,1.2312577740397708,1.2933056172961022,1.219118789909897,1.3745912532259368,1.567652964682319,1.5805839346082584
2023-04-04,1.4998307353678053,1.3925545664705967,1.718069737370743,1.454378256686835,1.2739019119551978,1.3850144599067487,1.4591062313283047,1.694790843067446,1.6899159891571889,1.2731473241239342,1.278763605296534,1.5454822722859745,1.2287849133246953,1.2901900316075439,1.2180082603300726,1.3759167994941177,1.5570230989618812,1.5655272621780008
2023-04-05,1.5208673132303527,1.411421849769878,1.7279082373146661,1.4750405699859273,1.294019430112411,1.405321301811119,1.4793641525730683,1.7063647458724398,1.6889113370157618,1.2848873699383632,1.289688726024662,1.5515943352047386,1.2406601826973793,1.2998231576646258,1.224232852451361,1.3867153018764604,1.562396124946924,1.5636049827369585
2023-04-06,1.5262899391802944,1.4180161597084893,1.7304051059647647,1.4791329827113195,1.3005349291279509,1.405926166768452,1.482854837434117,1.7086198657508442,1.690708380975199,1.2869287637704558,1.2908835166747448,1.5539755015133263,1.2408698616978608,1.299323762661509,1.2247294531191462,1.3856830219807759,1.5647475212496282,1.564448959214275
2023-04-10,1.521683000587608,1.4119007838472655,1.7312265980195,1.475767410322067,1.2922940518638861,1.3959147665884537,1.4724271737458248,1.7093232440263115,1.6943335748065584,1.2838926072390802,1.2876234899931633,1.5578569935796178,1.237434502884943,1.2961783756342709,1.216530390592583,1.3846702406538685,1.5685926220111865,1.573151002257008
2023-04-11,1.5207312707783067,1.4117944705108738,1.734095661584497,1.4756104364209324,1.291759246021443,1.3861299143901453,1.4651345725065084,1.712427656884446,1.6966940603013034,1.286119348437577,1.2887672242195853,1.564169088667089,1.2371484924990928,1.301569513189396,1.2141982003230294,1.38164099291618,1.5747183404431944,1.5811399248569544
2023-04-12,1.522495075467037,1.4141876474585282,1.730881175336866,1.473500621362754,1.291510416586565,1.3850033646122617,1.4638797967085404,1.7093660101923045,1.6901370388124637,1.2879791325532413,1.291902607352246,1.560698075225139,1.2402509279989513,1.309018687150392,1.2216701015478593,1.3876833725379674,1.5714978635553338,1.575568640790869
2023-04-13,1.5342277518489844,1.4250530770077587,1.7445838450367341,1.4858427186083039,1.3065159546377132,1.3955268200190678,1.476721635876416,1.722874482665861,1.7076483987315394,1.2957049765264124,1.301942521992451,1.5699735249304512,1.244064540167987,1.3152574587239703,1.2235447971240905,1.3937751249213002,1.5809883604896025,1.5872023580919752
2023-04-14,1.531994746973267,1.4236599528177851,1.7391276710578445,1.4762043398361073,1.30333280287385,1.385523967939443,1.470127142725348,1.7175655858980354,1.7034758783860389,1.2941675967803619,1.3032744819763322,1.5623687306175102,1.240067855107888,1.31800454337881,1.2286420858088336,1.3946095169147852,1.573293346367734,1.580929703529546
2023-04-17,1.5358385072880496,1.4263659595160447,1.7466391231299412,1.4779806270658766,1.3080747608171928,1.380766999966327,1.4679730381036922,1.7244543267464416,1.71118731402232,1.3022392412046224,1.3133518401077904,1.5724936868734902,1.2452752173759398,1.3328252893380212,1.238774661961431,1.4035632614169296,1.5832372367226804,1.5908037223591762
2023-04-18,1.5288987410587251,1.421982471175033,1.7474950111703391,1.476307277121952,1.3050142767705737,1.369606434650105,1.4607930409221281,1.7254743070074892,1.71379899431996,1.2960284537285847,1.3079820175456345,1.5724261996722428,1.2369383968850507,1.3249681728208373,1.2315222378803228,1.3976580429360834,1.5835019926124423,1.5921906767180674
2023-04-19,1.5264729100036412,1.4221297259738566,1.74696835295068,1.4716418481319242,1.3021133899030932,1.3443615099691286,1.4430100395104397,1.7251795109704935,1.7139780959004258,1.2991925272011986,1.3086452577955257,1.572056044508119,1.2372728890444122,1.3299646594481551,1.2286282109339424,1.3914454991424035,1.5829618136573342,1.591565654505098
2023-04-20,1.5192964978409529,1.4150286377363874,1.7390533720405932,1.4614371447727879,1.2960241269186281,1.3359271281641156,1.4323630592724912,1.71765009907635,1.7049327752215304,1.3032861143552887,1.3145152578668269,1.5681211653062024,1.2404516724538566,1.3316472712188026,1.2402185699556585,1.3963147958914703,1.579077123529741,1.5849197485146023
2023-04-21,1.5226527903553033,1.4190931909739686,1.7438765407354437,1.4663092302971676,1.294838639989567,1.3366346714179778,1.4361774163725423,1.7223565670594592,1.7083453025088438,1.3033317050964726,1.313032002747109,1.5691669448682375,1.2403061188249633,1.3259029876311503,1.2360217591728135,1.3966608521374462,1.5801248829366485,1.5839266455800618
2023-04-24,1.5304603870833737,1.4246080883452836,1.7480072884398634,1.4732788980712268,1.2984882605548218,1.3419263160857546,1.4416636818196962,1.7275986706255515,1.710275818839868,1.3058576407122775,1.3148924713535313,1.5730645041037745,1.245473776492974,1.3271321929971673,1.2401975503181728,1.4014965478431878,1.5844513013842105,1.587962732987038
2023-04-25,1.5282174932389447,1.4246660336556747,1.733282548997345,1.4722560388156332,1.2995325267741917,1.3444538548436276,1.4453874418708248,1.7130557795163743,1.6831128794374197,1.3134701577765882,1.3279703112044599,1.559267133545331,1.256455368236742,1.3397753698403945,1.2782041352153628,1.422980494488888,1.5696591406487728,1.5626458909691183
2023-04-26,1.497436674015182,1.3955740347382561,1.7119296175437018,1.448937922289921,1.2760046866907158,1.3162150947198283,1.4166795653474222,1.692309927281564,1.667406736950282,1.2743437641064659,1.2956442337856948,1.5399102885221796,1.2315731269660954,1.3051197216682764,1.2505025972338406,1.4010628379889971,1.5500438575780702,1.5458279030544095
2023-04-27,1.5072800396614334,1.4036340987809264,1.7358133233340947,1.4622567827144104,1.2788251764907388,1.3183058505504173,1.4228202889933783,1.7149945283381225,1.6947224026792602,1.2857133515400174,1.3117585813136963,1.561244925704347,1.2366815605600245,1.306272439630428,1.251722727116314,1.4040752302793078,1.5715197388047002,1.5682684959986724
2023-04-28,1.508822994864694,1.405172445729108,1.746915914172551,1.4654522991132588,1.2810620134263768,1.3168128735896272,1.4234207835158066,1.727207263619671,1.710654316945013,1.2887712145823549,1.3158477837358475,1.572050167386475,1.2388818344895005,1.3112598343079582,1.2459999000506006,1.4037409822681965,1.5830684769779475,1.583662165402709
2023-05-01,1.52054793349146,1.4151324937783227,1.751112407304562,1.4728639601110147,1.2902173973744961,1.3171530082162655,1.4300475277577918,1.7311300943611991,1.7113573147570718,1.3007851779414983,1.3278965365883828,1.5743468310666755,1.244933623512023,1.3197133273412778,1.2520398015314123,1.4162845948659755,1.5856141140165498,1.5834209902488832
2023-05-02,1.5107393783656644,1.4024995359595531,1.7331241491347509,1.4641628235539892,1.2844455722793433,1.308786390269547,1.4207779421349533,1.7134874805330897,1.6910841489987045,1.2962048799610135,1.3232389443588506,1.5574924376168593,1.2341393997473338,1.312624061444089,1.2491807201460066,1.4080815079605844,1.5676202856739938,1.5613658469235723
2023-05-03,1.4910133176075584,1.383506851880337,1.7167176380988385,1.4427114572363873,1.2576174162404703,1.2667255892481477,1.3893984142295737,1.6981505635835263,1.6723711218069441,1.282349490761877,1.3035249385977294,1.5470177421012414,1.2226820880582325,1.2956723077640346,1.2346702206319728,1.398512997127473,1.5571569541722086,1.549740901068147
2023-05-04,1.4854500947063305,1.3796263724489595,1.705392358589626,1.4358887772682507,1.2538898131463867,1.2663165836954247,1.3867010526735442,1.687216890273552,1.65897055324828,1.2807820997341481,1.3037934340705857,1.5378625435202138,1.2196243316296305,1.2815831149921448,1.2438388583264879,1.4011282183399496,1.5473034353855881,1.5371759383907906
2023-05-05,1.4998252425551581,1.393457163347286,1.7283447086294021,1.4535592361758067,1.2702265916523383,1.2771216395372966,1.3988438497783948,1.709918162026989,1.686130465856092,1.2878885053603029,1.311565524494324,1.558961461170033,1.225840514034949,1.292224644036908,1.2561202788245196,1.4063314874552613,1.568973706285195,1.5622520843405006
2023-05-08,1.4994496963942088,1.393015674615259,1.728150547482008,1.4508152536679597,1.269555530545313,1.2775246856500126,1.4002590714042615,1.709871068131449,1.6875356729946325,1.2765205410650091,1.3004215596820827,1.5544344288186056,1.2213678729246111,1.2882840048180146,1.2493846096274175,1.3990471410138012,1.5646760034416662,1.5591909764934935
2023-05-09,1.4964249597681711,1.3869961961498563,1.7214648408627304,1.4457109199793592,1.2628740339358238,1.2674701274491933,1.3922249117586705,1.7033383891566654,1.6790509121467467,1.2707783390887613,1.2911797700288072,1.5493516494600887,1.21271143648485,1.2800799526300108,1.2358616398294504,1.3885467363472015,1.559330297764423,1.5531640132998437
2023-05-10,1.4964025205897296,1.3850015506600992,1.723527315576255,1.443780653761119,1.2609080362872995,1.2640276410020466,1.3900238716282407,1.704930702567041,1.682086987006405,1.2631350403829245,1.2839208508384077,1.5501057854172473,1.20676793500867,1.2736687661415729,1.2231890669571068,1.3763734431424313,1.5603104578725782,1.5535075045882634
2023-05-11,1.4938408378885077,1.3822385206177452,1.718174276569427,1.4396781275106565,1.259391303745105,1.2643900398427983,1.3913582409788323,1.6997831057875186,1.6767444991519111,1.2690417546875035,1.2873726835591286,1.545579452006379,1.2067047149083527,1.276851026756929,1.2237677442695643,1.3821953442194592,1.555880534690723,1.546156478761713
2023-05-12,1.4927939283676679,1.3823049943409553,1.717885273165486,1.4418424141344148,1.258450300388908,1.2674449122557037,1.3939504055013041,1.7002258708054205,1.6743618923548829,1.272027917957391,1.290988435232294,1.5477894694125105,1.2125380412365538,1.280421580580719,1.242052707342038,1.3953555187327924,1.5581271574589848,1.5473436990230107
2023-05-15,1.4884622885814363,1.3768322881885495,1.7188917823782845,1.4354493558042811,1.256027697871796,1.2611340534401319,1.386710043967901,1.7005969686539364,1.6812230079851265,1.2717233498276657,1.2892205018146223,1.54832327163159,1.21323958296931,1.2822428795876537,1.2393677620548726,1.3944815874339374,1.5589052320758074,1.5530308350254447
2023-05-16,1.4729185841308976,1.3621248651397038,1.7016394270192072,1.4176020645270628,1.244535158564527,1.2488560107007944,1.3761518783755045,1.6839498529967107,1.6664299612967821,1.2612084354413506,1.278206475845437,1.5298010420133192,1.2017945585908334,1.274086680316945,1.2284469509349611,1.3853352463719617,1.5404701393495706,1.532394017622782
2023-05-17,1.4740575334281303,1.3611060585480657,1.7148872856521002,1.4188387508098212,1.2420320757713217,1.241523907004964,1.3696149345212894,1.697489859970082,1.6875104205407503,1.2575036941634203,1.2742203391331457,1.5400318671415796,1.1983640830235407,1.2758706870303336,1.2291861142871614,1.379197823398421,1.5507617935250737,1.549761164007178
2023-05-18,1.4692956928966756,1.3537045040423814,1.7183353704568252,1.412639587178888,1.2356897754545415,1.2383781243707856,1.3651621412820933,1.700947259946626,1.7000111550763828,1.2569309667001842,1.2726308610240114,1.5440393221007858,1.200280264438756,1.2728309156034614,1.22963946500804,1.3826703690549695,1.5556472451611534,1.5607189818767466
2023-05-19,1.4741222870750534,1.361894210650951,1.7201392071430217,1.4146640703681497,1.236644740021541,1.24065002040181,1.3693753239771098,1.7024111448563488,1.6984908363102638,1.258528315714325,1.2744826436773793,1.543864617969104,1.204934889188574,1.27884401360697,1.2292870265156766,1.3873143651546274,1.5556575726888195,1.5580952418831013
2023-05-22,1.4655870744171153,1.3569923041670147,1.7151568341373535,1.4037937517763819,1.2264737470579292,1.2242268118420956,1.355398184376074,1.6957950887729274,1.697006892797842,1.2509817869851978,1.2682158158668009,1.5405425450328998,1.1959121540627784,1.2732684758271977,1.2183445526167895,1.3764814484241341,1.5520827635566046,1.558857582080637
2023-05-23,1.4663977391037966,1.355345557183856,1.7007085685255017,1.3976307524006366,1.2262729210351035,1.2269899195198315,1.3537475881263983,1.6807979570784326,1.6784070830032614,1.2460761688631146,1.2627820781790784,1.525237583856597,1.193221105849721,1.2676097297875077,1.2305400840758223,1.3772788350266127,1.5364485129290952,1.541452367636957
2023-05-24,1.453467715878509,1.3410279447975115,1.6858845236026219,1.3853503906474418,1.2152776859288914,1.2083325811391599,1.338282544660631,1.6668213846255115,1.663337445706052,1.2407558430731513,1.255650138382072,1.5116899778648312,1.187872089020021,1.2661034016769555,1.225821798024698,1.3742381524531695,1.5227378833451246,1.524987363117094
2023-05-25,1.4334502456506732,1.316597874420928,1.6773004340631656,1.3633152201855334,1.193503028806971,1.1832776226720683,1.3124275672862922,1.65823333389666,1.6668325761535243,1.2288768279912343,1.2407397971447882,1.504399824933689,1.1789842638895904,1.256995031088225,1.2107162158315554,1.3639628649260018,1.5158057868340558,1.5241955587436038
2023-05-26,1.4321000929557475,1.3107599158037375,1.6850228353712366,1.3553051826845322,1.190597682775253,1.1831826672821,1.3081668932928259,1.6665614593053495,1.685301233303771,1.2276964946054667,1.240549105670542,1.509157913601774,1.1766141294779202,1.2548335874049092,1.2058315702112468,1.3599997518257834,1.521326269475342,1.5360611733976872
2023-05-30,1.4264466065278312,1.3068307769691843,1.678585447878243,1.3507356751973818,1.182916743188917,1.1807976437103669,1.3043375521270673,1.6604658534089656,1.6827262237209042,1.2252148227523287,1.2365091379608748,1.5039677419568676,1.1738199414778034,1.2529322949551864,1.1969704108817152,1.3535324582776693,1.5163548348321971,1.5328144795617833
2023-05-31,1.432135873577652,1.3117093967906455,1.6803714135162267,1.3576607802224092,1.1896936127483921,1.1869113571638483,1.3123168830246392,1.6623748875083664,1.6795924236437092,1.2290131929604546,1.2390189300047,1.500050324323791,1.1784300877291303,1.256042383982013,1.2058191627096648,1.3599360602160173,1.5126748256315898,1.5227256386703198
2023-06-01,1.4329440825806252,1.3139003872566717,1.689331221797698,1.3601759120884702,1.1916716733395265,1.18842455364239,1.3133311636515692,1.670286415715699,1.6912025310892649,1.224471674289098,1.2390397109296776,1.5075836113303303,1.1778957952403004,1.2561783595746048,1.2063492778336418,1.3582411432872383,1.5214257052298268,1.5340030640545337
2023-06-02,1.4442012412065324,1.3302774447416421,1.7125878278022064,1.37558054600001,1.197638650580207,1.1861669271640973,1.314144776219055,1.6932990197621123,1.7164827745773974,1.235222617495646,1.248949796783568,1.5341500663081131,1.1878137359821033,1.2710480540633897,1.2153371058389484,1.3651992305411276,1.5483775789512857,1.5646145410414105
2023-06-05,1.446246684776563,1.3340130254194749,1.710539566194258,1.3777567266435653,1.1959729817324811,1.1859468853155075,1.3165401387941407,1.6910999136172784,1.7120038953457146,1.2331377039379363,1.24650339455596,1.531407173987742,1.1875853516103112,1.2695521107321683,1.2135790165774465,1.3650437417839552,1.5460310227351817,1.5600759000679165
2023-06-06,1.4385602950944882,1.3258414681408388,1.7072566016180692,1.3699052001969811,1.1933776392614095,1.179618775281456,1.3083814676737413,1.687732006976928,1.7151465876924719,1.2256353256439128,1.2412479317079668,1.5317537151100604,1.1777587602562833,1.26390782790753,1.201463227438332,1.350543265656952,1.5467596625382058,1.5674174333658526
2023-06-07,1.439275229849927,1.3307641737264424,1.7093736005874938,1.375714516625195,1.1936712012875361,1.181062394019465,1.3090801945174835,1.689981273027928,1.7127612445110574,1.2226556015650505,1.238099613090816,1.537387672949828,1.1756757790907595,1.2608529590221327,1.183949605346533,1.338952456295992,1.552835611478354,1.5762904079650493
2023-06-08,1.448441595704966,1.3360559521320432,1.719317459440369,1.3821385164199755,1.1971123322041997,1.1867232279373277,1.3169931733370637,1.6999514299239207,1.7228546428079976,1.2286520898930606,1.241993186861365,1.5425425660460654,1.1795563915798821,1.2616983670376913,1.1810617310415497,1.341166833648285,1.5583260049774128,1.5794204555793405
2023-06-09,1.4507936146467018,1.3381398814068695,1.7209103593700745,1.3831758805505636,1.1980575410430199,1.1919856080220825,1.3221015372796745,1.701998193494433,1.7254624159723366,1.231296049916884,1.2464019603206726,1.5416666067213756,1.1819487649705265,1.2665047052539862,1.187803975585729,1.3468539743392662,1.557696848312008,1.5777866873973605
2023-06-12,1.4528569497333852,1.3383676685024444,1.7290346426287555,1.385062014090908,1.2009757544988808,1.2009836880423042,1.3281212054110718,1.711083855730694,1.7409042965846517,1.2262850679631967,1.239228016948948,1.5472362543435092,1.1782617049461388,1.2580211875341825,1.1826849101128833,1.3409954552885335,1.5627575396880018,1.5871208995113886
2023-06-13,1.456799950651011,1.342909517975531,1.7383511046409994,1.3905981580177698,1.2039359360338044,1.2071991816442689,1.3320961198537902,1.7208228953691203,1.7526874999905324,1.2286980842675164,1.2414598541243922,1.5580116425108,1.1848424764195227,1.260749629678039,1.1850982570043886,1.3467059753395432,1.5735277698865862,1.6018121275226127
2023-06-14,1.4586885303962307,1.3409972103295433,1.7343970960296502,1.3874240226261327,1.202740286532371,1.2042461758454552,1.333216919501626,1.7181407475686397,1.7525934736104716,1.234520160353301,1.2481834668333138,1.5562968758236884,1.189876190973988,1.2681996285714443,1.1880940439514112,1.3519711021225855,1.572287017729902,1.5987492947660291
2023-06-15,1.4763683738036324,1.360028351122444,1.7578926665989099,1.4078934111103476,1.217589391217333,1.2195420072567602,1.3492720597487258,1.741611079144629,1.7744850623477537,1.236716856696379,1.2540196158419314,1.57392473034525,1.190692941837608,1.271910439295273,1.176725375755403,1.3465841722410998,1.589933683643702,1.6171885789814355
2023-06-16,1.4831621808437963,1.3676562742954403,1.7570661133331602,1.4114937740761704,1.2242604640119943,1.2264757942825668,1.3552784630402614,1.7402372457694344,1.7694031993738624,1.2436752816568994,1.2590903154830588,1.5747354074881088,1.1970213789607076,1.2797145687809781,1.1829241240804211,1.3553843003322181,1.5905234121218483,1.6155422284009273
2023-06-20,1.4756886415177437,1.3631450535096932,1.745966019261457,1.4055682191606034,1.2172560781438788,1.2191778506269222,1.3502895944695539,1.7284758680280161,1.757303177373933,1.2401309314792448,1.2519638605496999,1.5625453006169436,1.1913262388552393,1.2707384061715534,1.182869064157295,1.3538594235617973,1.5785062904951164,1.6015280516281463
2023-06-21,1.4751594409329782,1.364739527916642,1.7461798473576373,1.408190308587944,1.2174786754432494,1.2145869896238357,1.3474321519184662,1.7276205619082534,1.7504663778136118,1.2370812657955763,1.248496894430307,1.5642252305691091,1.1879404879188091,1.2678615754411358,1.1836881088324525,1.3511328297228176,1.5800538497492078,1.600669131770637
2023-06-22,1.4791993275990103,1.3701630802977989,1.7496806843190125,1.4148753183569944,1.2239541392424418,1.2263952255098136,1.3586966645784029,1.73049854195909,1.7527262889694777,1.2448516622292995,1.2566371847343238,1.563157906455582,1.1978159654535017,1.2711672609875613,1.1956701404068502,1.3640528523962732,1.5786734026031384,1.595811333760108
2023-06-23,1.4708119559103936,1.3614300176271608,1.7390521379107262,1.401307628432184,1.2124527849259275,1.213047397833193,1.3439398029241034,1.7190939717792526,1.740450595553767,1.2370278383169897,1.2484839600215716,1.5514806442034539,1.1893529941368541,1.2621683636364118,1.182088797282348,1.353106500835577,1.5667591340552418,1.582660915971495
2023-06-26,1.4669735245286846,1.3561966398627454,1.737864005000455,1.3966791569555321,1.207565254679109,1.2045372550376643,1.3357644374796926,1.7171737679587862,1.7385176887245921,1.238761095863325,1.2478006418546077,1.5565525925906931,1.1922250055807113,1.2633269598452246,1.1829680526052606,1.3569002150325882,1.572407709518793,1.5901791306019146
2023-06-27,1.4677615313745727,1.3510612357938203,1.7446698191091192,1.4002233848649266,1.213266964369583,1.2121121353848474,1.3429798975192258,1.7243764767454972,1.7521530325083814,1.2416504971331037,1.2482281788594671,1.5681852763108068,1.1963057494592746,1.265734550334895,1.1852483141611707,1.3624270205003288,1.5847674000365517,1.607877416516053
2023-06-28,1.460366678964606,1.3446835127160135,1.7393763295654752,1.3938468253756158,1.2064989950543226,1.210947638552324,1.3385781018910106,1.7191913869051905,1.748631250663846,1.233155796632076,1.2379016128659528,1.5625022915992832,1.1868441394454368,1.2579855392854251,1.1771077162212062,1.3488719802300546,1.5784735150239098,1.604931852305358
2023-06-29,1.4680903463221608,1.3534324841072491,1.7490528900085804,1.398435684420281,1.2121845644934452,1.2118043746393803,1.3407551815072691,1.729465914158305,1.7584199680227977,1.2389337439485288,1.2442649257293936,1.5721665001776226,1.1890089653252236,1.2666619954483729,1.1758443182933773,1.3522680934734348,1.5883222646668012,1.616323073249151
2023-06-30,1.4831750865843927,1.3670965544795235,1.7655783354029453,1.4101037311259264,1.224096011495624,1.2273771181695656,1.357055370315646,1.745554194616987,1.7754446616025805,1.249593724256927,1.2549636786701979,1.587008391104824,1.196321244651816,1.2741914688394367,1.1804128266054297,1.3590732430780261,1.6035305836985905,1.6323565819146102
2023-07-03,1.4859550959941534,1.3685971361730502,1.7660374525765072,1.4125955986833516,1.2264978629892789,1.2324441430908764,1.36379007718053,1.7464074527580347,1.7775552462046738,1.2479601119156993,1.253927812792977,1.5890623978157024,1.1971454285286918,1.2721413183268362,1.1867796516316405,1.3641434888831359,1.6056292660574538,1.6365186311878492
2023-07-05,1.4874048374730706,1.3717054857663957,1.764247842947247,1.4119207557469684,1.2275896389665935,1.23101932207002,1.363398860565464,1.7442485383658122,1.7729330394612954,1.2454496682333176,1.2506825701038866,1.5846433038986423,1.1946733740842554,1.2699700202589939,1.189062358636854,1.3592356276334714,1.6013804945087111,1.6294670793480666
2023-07-06,1.4744798778156962,1.3622038149573052,1.7488508019292217,1.4018921851998918,1.2200688102981971,1.2217264023852723,1.3542952774850252,1.7287022122722744,1.7543773822708324,1.2374106041402007,1.2418981190703398,1.574328066090208,1.1847593798541016,1.2593826912094541,1.1754181614813581,1.346146380018587,1.5908609233224553,1.6161290544641378
2023-07-07,1.4587673624237671,1.3482408712728502,1.735010474616577,1.38613951403197,1.2041863271331492,1.2059072524196441,1.3374992714774745,1.7155064995400868,1.7458114761487955,1.2259003119511271,1.231138776172671,1.5693275007616987,1.175243117706339,1.24709611254149,1.1696944053998015,1.338365868055946,1.585741937539253,1.6176034985053203
2023-07-10,1.461759406609819,1.3503456965990948,1.7440982679689798,1.3881270221515631,1.2027535174775388,1.2033146528043919,1.3341428814206915,1.7258249458100627,1.759222908999636,1.224619487144576,1.2255698013142826,1.5777530433406444,1.1718755316055636,1.245006844477414,1.1660380466388476,1.3337643831837682,1.5940568376016653,1.6310794227780565
2023-07-11,1.4641427083069263,1.3523853607434477,1.7531127314157557,1.3919143593663252,1.204527358939986,1.2029933033311089,1.3337575094759522,1.7341575819404753,1.7703647147119772,1.2330106441983486,1.2327188993120508,1.5904120826496098,1.1786062912771293,1.251702265676373,1.1706536637116916,1.3437047939104045,1.6066804494112903,1.646336797321323
2023-07-12,1.4654062593623653,1.351194403052749,1.7567347055303681,1.3912329388333977,1.204333117746907,1.20404080113494,1.3346979564338834,1.7378362194170096,1.7799558816029024,1.2271186741610651,1.2295129054650313,1.5929235185115238,1.1744605575585882,1.2446604144672646,1.169511126481089,1.338346055634717,1.609073225616648,1.6530552231632683
2023-07-13,1.4675085606110603,1.347896972222427,1.7608023369837686,1.3942856822461969,1.2053458343504304,1.200813341054064,1.3340151891794685,1.741061290394846,1.789776216907649,1.2305183667539632,1.2308366560958655,1.5974981055474335,1.1737348019595726,1.2477698864983118,1.1614848161929905,1.336303419882467,1.613854596942747,1.6608135911072963
2023-07-14,1.4649689587322088,1.3480854637412634,1.7634874341904903,1.398384337499796,1.2023925519414835,1.1935611131865587,1.329053470225991,1.7443973352653719,1.7900577743677049,1.2365708883041358,1.2330464404980808,1.5953867358293379,1.175378748279915,1.25089880707333,1.1601663264157576,1.3406815249698911,1.6121979510476834,1.6532124577933938
2023-07-17,1.45553736935067,1.3412614994346357,1.7621891013556328,1.385904763498684,1.1975082182541141,1.1849342079667167,1.3160536068517974,1.7436442339107043,1.7945437231494168,1.2385150956998938,1.2312128637980564,1.5957507073630135,1.17641269558196,1.2558598327416752,1.1703974738020648,1.3476879457600854,1.6125219995507514,1.6572812546497955
2023-07-18,1.4517074687666554,1.336956526988632,1.7699112573081934,1.3906401499684384,1.1935555496431351,1.1863121684790023,1.3169164946142717,1.7521997333362551,1.8069126719299264,1.233375752778791,1.2237075897745644,1.5998528691798397,1.1756291700894415,1.2477124414926772,1.1605199999118498,1.341546937422355,1.6170713639325551,1.6659443893195482
2023-07-19,1.4572781651454905,1.3444196012202492,1.776291218373211,1.3975913398809803,1.1970973912164387,1.1870186232132818,1.3201925793264022,1.7586181470659112,1.812245601600627,1.2340717876140481,1.2236533280193922,1.606950803780988,1.180082474384794,1.2505926259361235,1.1598565609145153,1.342454072973722,1.6237508842751591,1.6719165295536993
2023-07-20,1.4848387841621524,1.375021268185972,1.792998801521758,1.423893730003859,1.2201394103473548,1.2183547315124987,1.3493558009982132,1.7737941525107113,1.8127501039372709,1.2457290810250636,1.2377180507448882,1.6154367900727973,1.1892560322945598,1.269438166821777,1.1623864637516343,1.3508151975764386,1.632341549971579,1.6708063115722245
2023-07-21,1.4923120812132986,1.3839163704704396,1.8003993966240108,1.4316226668512693,1.232297760627911,1.2262895365845103,1.3594233410403218,1.7812550952774704,1.8186261094519196,1.246010974215024,1.2411181949671375,1.6198949484940623,1.1913227362006304,1.273695311140589,1.1550335627476507,1.349082044693345,1.6368541715425011,1.6745670015578662
2023-07-24,1.499507375139545,1.3907971766375904,1.8046161253901403,1.4352965521529164,1.24206931256324,1.2405729155791232,1.3713403623836082,1.7855544386012145,1.8239630103541362,1.248782733335697,1.2456956123160008,1.6229109628943164,1.1963920875032463,1.2777929343623764,1.1529162253141645,1.3511954342794124,1.6392922561056842,1.6780683350078258
2023-07-25,1.4977171238807587,1.3897995170254063,1.8021321992721009,1.4343462953031818,1.2368847765418818,1.246130367477532,1.3742943818512274,1.7831809192721555,1.8249427536393774,1.2450379844605552,1.2394750465676148,1.6227533219273902,1.1949622510846276,1.267763788230573,1.1513598522539144,1.3470328150124666,1.6399470313883064,1.6805090988346443
2023-07-26,1.4968479336444864,1.3998569658159148,1.8050098010887567,1.4398279921556887,1.231462941074797,1.2361300003321385,1.3679424607714274,1.7857384603804451,1.8262254229713606,1.2471586463978872,1.2454284231227157,1.6231683825661198,1.1971501484702773,1.268867483428348,1.1541335369092993,1.3462534816345002,1.639309666373346,1.6818860099729045
2023-07-27,1.4815509725693932,1.3889761404081882,1.7932970364247494,1.4385380603871905,1.2319051515375088,1.237914801952182,1.3684709670361486,1.775977377354551,1.8166202201715913,1.237539440483297,1.235473893667883,1.6063593104217255,1.184670210274953,1.2651837234599672,1.1283463847671547,1.3290152274313265,1.62243916561699,1.6658229509765472
2023-07-28,1.489120803189943,1.391352171455484,1.800521102879614,1.4421545414688433,1.2370633003738958,1.2459876222136734,1.3765203249940894,1.7846056638611212,1.8293704699602524,1.239827325236113,1.2361351977050548,1.6113640814051169,1.1870956381091127,1.260493606433213,1.132145173084899,1.3328102933817179,1.6276597810436282,1.6733954767464947
2023-07-31,1.479925476379261,1.3830722667040183,1.7981226113739854,1.4360101576938318,1.2279573575153244,1.234121593809823,1.3654565571468744,1.7831319245385744,1.831755810117347,1.2375475737487034,1.2320037567519064,1.611184880210977,1.1866885482073586,1.2549485514207117,1.1351878460018778,1.333548370648125,1.6272685683064823,1.677144019674835
2023-08-01,1.4721123909416491,1.374371634423048,1.7933071890018044,1.4264266386954065,1.224502573245066,1.2302046237294246,1.3587040095794118,1.7787350570131095,1.8298544643173267,1.2336100941793005,1.232166795135174,1.6055092492722298,1.1845906849407906,1.2545520781730475,1.1425169115566463,1.3384843204482344,1.621808353088199,1.671340014404464
2023-08-02,1.468639790442053,1.3753985989191841,1.7825900855678287,1.4276106289479602,1.2202924249211373,1.2291073204726024,1.3568417656125957,1.7679773362330535,1.808831381856909,1.242569925439018,1.2385576305299224,1.597793281532556,1.1881185211869363,1.2522295678424715,1.1556448934959893,1.3455004189664415,1.615338122015762,1.656296886315219
2023-08-03,1.466152467664271,1.3717465993382871,1.7761070137098094,1.4227748117522951,1.221745244696645,1.227700289403084,1.3555242663738307,1.7611574711145193,1.8021748250291765,1.238820498304339,1.2346246199401472,1.5906840965377136,1.1902408556918362,1.247892872616321,1.1540520059880883,1.344865874917529,1.6080028920579763,1.6488295127833108
2023-08-04,1.4506779311542588,1.360933715022551,1.7673507991569344,1.4165930276350456,1.208312269648664,1.2191056002900944,1.347444287425495,1.7527443111286967,1.7960896189878512,1.2372516588848264,1.2329200643138927,1.5799730928280056,1.1873166003540443,1.2506607105170153,1.1623040731330139,1.3489703862924092,1.5971207406908734,1.638664007011196
2023-08-07,1.4654873949896992,1.375089520793248,1.787426746999822,1.4353121142147025,1.2210302358512652,1.234295420317453,1.3626372574082175,1.7729070892414436,1.816145271146752,1.2450850034831933,1.241775987062437,1.592878680419592,1.1961358561524316,1.2627120160113097,1.164158950240243,1.3524255123034392,1.6101982165050417,1.6527071652651526
2023-08-08,1.4601898157453044,1.3746526932612477,1.7843296401444846,1.4331907054478037,1.220893780105889,1.2266699877723082,1.3597005351321325,1.770615998994607,1.8087439301808388,1.2375118665708775,1.2309982080875534,1.584000200135492,1.1867691922853978,1.256209057661905,1.163371728545751,1.3455662623089562,1.6010275231746836,1.6433421981206084
2023-08-09,1.4597289210503472,1.3766301738706581,1.7812517529316287,1.4332896857112496,1.2201416833955163,1.2244175693204047,1.3595392336772634,1.7675378520542087,1.8010228425332697,1.241140712159903,1.2357674550928957,1.583697817011909,1.190227965849271,1.257053390382952,1.1669185133116389,1.3516075295913843,1.6007257209563097,1.6394197816666018
2023-08-10,1.4603660051105214,1.3780816830318883,1.782821733340358,1.4360555972447888,1.219088759230482,1.2254928145269077,1.3599981035445439,1.7692142994341558,1.803593921864658,1.2392104290287007,1.232843471862225,1.5825104208432352,1.1863527590419563,1.2511992303376276,1.157719491619861,1.3455492320882312,1.5995729203926927,1.6382625664841453
2023-08-11,1.4665413898343405,1.3861224097354226,1.7867420156341114,1.443163475919838,1.2239963356569183,1.2295845028909118,1.3659294826790103,1.7738408997213007,1.803140816148524,1.2444852620174784,1.238618749456199,1.5859692889991919,1.1909886637938252,1.2554369177123823,1.157214238861658,1.351652117170221,1.6030642377939563,1.6385966758653585
2023-08-14,1.4662705753202028,1.384141663163868,1.788502483314707,1.4408786460321237,1.2232491172792213,1.2269375145482633,1.3641091931919949,1.7758275807198627,1.809708969451265,1.2410502286154936,1.2342923018279117,1.5853509767481102,1.1875770623126094,1.251139095527485,1.1533296040628849,1.3481766508832633,1.602332011863412,1.6392636447652416
2023-08-15,1.4567929264479536,1.374325255892489,1.7737625424360786,1.4351692321398368,1.216201260281622,1.219906962772599,1.3573471569194309,1.7617699559064623,1.7913153360408438,1.234842767391571,1.2280817191047504,1.5684117081443487,1.1797384585115709,1.247524531034615,1.147043854454405,1.339051815435817,1.5849873944857387,1.6181121792670667
2023-08-16,1.4512788690185463,1.3698522242463338,1.7639452694687603,1.4284179849804859,1.2122871245173275,1.2147676740004014,1.3519331150527274,1.751302667433554,1.776821923506834,1.230219140276448,1.225080542168102,1.561002474526227,1.179509525322449,1.2443464267407307,1.1519657981234264,1.3395969984003242,1.577856996635677,1.6075002617518652
2023-08-17,1.4511139441385374,1.3681002625843146,1.75142386286738,1.4191873235519865,1.213735818188439,1.2172226693351447,1.3538341253506296,1.7396915937063975,1.7630594417040204,1.2213628646767871,1.2202569190336892,1.5483550995558097,1.1716692661418875,1.2420891931453257,1.141530845220672,1.3301709564106852,1.565194146736441,1.594911059756321
2023-08-18,1.4571715269837744,1.3713224562246584,1.7542455593900554,1.4252339037877053,1.2178367007286308,1.2237803578351756,1.3594599390646862,1.7421987396872154,1.7640824890823188,1.225739931426924,1.223422576719187,1.5512285938054269,1.1725795573335176,1.2464914149118518,1.1377958604320566,1.3300854567124059,1.567797482324839,1.5967163447921275
2023-08-21,1.451512310488199,1.3644834024050676,1.754283323282435,1.4172546248217557,1.2066331433317816,1.2122373416290602,1.3505953112366842,1.7420194535443791,1.770480489608773,1.2220202665519009,1.2204438996096239,1.5491111508647166,1.1699605040952017,1.2404574679591618,1.1295549727443583,1.32823971492297,1.5661053318807687,1.597462913183043
2023-08-22,1.4481179972700082,1.3611369329136032,1.749529419260612,1.4131884818325586,1.2021828696087096,1.2101176082234388,1.3469725220134936,1.7372073416179024,1.764621322210155,1.2193554696078135,1.2182064082308135,1.544476090854339,1.1657205187661597,1.2414600009920806,1.1256281674750208,1.3259113978615935,1.561360380899195,1.5919606741569303
2023-08-23,1.4576213529251805,1.368356248362068,1.7620487843347998,1.4154173584729244,1.2108605329852111,1.2149631312357811,1.3529511418379756,1.7485203625928016,1.7809664267807264,1.223645971133006,1.2219258950965894,1.5545178757799758,1.1690740996428681,1.247525591396829,1.131269339606333,1.3317144169468276,1.5712809966660082,1.604898652058205
2023-08-24,1.4506390159696403,1.3644332774917625,1.7455063800296746,1.4103202784259647,1.2066164735250986,1.2144509792920162,1.3490680018055115,1.7322330575364653,1.7576013804967388,1.2172213629606887,1.2153851309550008,1.5420806297331433,1.1646235332277717,1.243083048649704,1.1241217564182442,1.3244003034750158,1.5586930820054525,1.5890961186381904
2023-08-25,1.4637032421784122,1.3765405621952167,1.7591775281730047,1.4212791895959382,1.2164750274906513,1.224466499216172,1.359732457877899,1.7458902651990726,1.772677910346259,1.223010579470833,1.2217669641774818,1.5507481353499282,1.1660938127747327,1.2467082585409235,1.1233768758908027,1.3260957144619612,1.5672802258023686,1.5978345892727817
2023-08-28,1.4650625744982027,1.375915957760125,1.766967337770639,1.421744827872676,1.2184443750938574,1.2230863644278631,1.3584677268365757,1.7532397983250747,1.7838275583020995,1.2277619177776808,1.2271761660007572,1.559520053249801,1.1690680068236718,1.252751200194718,1.127408744213545,1.3307494100095316,1.5763550963399189,1.608734932256019
2023-08-29,1.4745077013023993,1.3843238899419739,1.7827825139605329,1.4297652558267282,1.223221529010747,1.2271528061357406,1.3647101825577956,1.768437311692222,1.8056438639227423,1.2292996503098241,1.22814983282627,1.5720999050457034,1.1685324588077282,1.250528948404852,1.1303070927167385,1.332059790689973,1.5890353966627315,1.626556441582787
2023-08-30,1.4766868231548638,1.3860102219994879,1.7873819550657253,1.429841105288996,1.2257658781092586,1.2255092268287937,1.3637333994286776,1.772420204733259,1.8113607507273404,1.234205192961671,1.2315604013462145,1.5756651014819831,1.174280602856135,1.2599449794574418,1.1404592905466833,1.3392048243237014,1.5925679571727445,1.6309809739330794
2023-08-31,1.4721048105812644,1.3789501860478977,1.7785212618661028,1.420468430271305,1.2241338652440672,1.2270690684756804,1.3627691833663504,1.763512652071575,1.805450320808284,1.22422545439773,1.225017383891815,1.5661864431352552,1.163836672304257,1.254903952379885,1.1269704552760715,1.3279766300812494,1.5831420747127372,1.6239591018817894
2023-09-01,1.4700457683518176,1.3777601559549295,1.7822926125354834,1.419508977889633,1.2262544968121658,1.2262846344607745,1.360304359346435,1.7669768048167933,1.8114561843719417,1.2236029359892875,1.2214973009814445,1.5667676916176523,1.1564044502074506,1.2572662071947318,1.1131417907041705,1.3179896739555097,1.5839888038202967,1.6288560682576907
2023-09-05,1.4566877881126765,1.3632796280787436,1.768077877153717,1.4108072911784524,1.2177253328180708,1.2190001811837599,1.3523722965274596,1.7534218814013527,1.8009760604758391,1.2181436797744423,1.2181332546963788,1.5504335609171582,1.150278354405691,1.252829290270742,1.11350159374683,1.3161176672711656,1.5671060970435429,1.611428478695519
2023-09-06,1.4467510681545575,1.3527365097902346,1.7580155350693605,1.40124567995969,1.207399558932049,1.21074712542235,1.3439637688398414,1.7431951513814334,1.7911965131047034,1.2076732542626427,1.2082054693451838,1.5454939006543125,1.1443000571513726,1.2443839395388918,1.1078586263873746,1.3083059822342191,1.5623853033333672,1.6070083910645507
2023-09-07,1.4564020706041525,1.3599674854712391,1.7617986231000882,1.4144847435238346,1.2182282507411808,1.2244584956431837,1.3581860676265824,1.7479883600474488,1.78923881834772,1.2116315161143083,1.2108295501779045,1.5466941765424385,1.1450211727848807,1.2493400899128748,1.1044151871186683,1.3090388720729325,1.5639388473646154,1.6028757763586163
2023-09-08,1.4583738887920061,1.360192336109442,1.763830551380241,1.4187987719599062,1.2195640975152504,1.2244348002203571,1.3612233878840396,1.749497331927707,1.7900518421051663,1.2118220760961866,1.212359705890973,1.547729013157743,1.1445123071942753,1.2471925246833322,1.094520959563127,1.3062698316754857,1.5648635589637832,1.6030970035101328
2023-09-11,1.470120335745026,1.3737440493014486,1.7740095049870235,1.431769833918023,1.2225697279949626,1.2343112219382928,1.3744821383995292,1.7590870740421758,1.8003396560839446,1.2154003497282546,1.2178378030317674,1.5520135849099697,1.1479223945882224,1.2480414052253455,1.0985291142470837,1.3120157759641218,1.5688638558691783,1.6070134922363797
2023-09-12,1.4655948783801707,1.373720504459331,1.7688063865097976,1.4235233188987226,1.2156666127158027,1.22894734824509,1.3647319629325703,1.7540668265402375,1.7940351057066446,1.2134519955443324,1.2160563208284831,1.5478741001338687,1.1443500218571618,1.2489069963953208,1.090566590058549,1.3039310902974286,1.5639980210484272,1.6035399966097976
2023-09-13,1.464986721507142,1.373851619319304,1.7689717074647469,1.4248461369274628,1.2180609191987728,1.2306025143007282,1.3694418124816703,1.7538548692154892,1.7940972522157865,1.2169052730744698,1.2192593899190614,1.546705981500544,1.1476805818501357,1.2527478955537155,1.087362495450815,1.3049043950898895,1.5622621536914858,1.5996523111128855
2023-09-14,1.4729778618761562,1.38308350746258,1.7834533540924462,1.4333959267393575,1.2219361006591467,1.2362789893946649,1.3772109258748662,1.7682736454122614,1.8091185578612234,1.224521968429096,1.2261581990558057,1.5614984945452908,1.1536212386307865,1.254174936648376,1.090335413891918,1.312733761226619,1.576741427467753,1.616437148211795
2023-09-15,1.4605424131902198,1.3734184299923757,1.7676800430064321,1.420819747596696,1.2130990995197535,1.2229336390164078,1.364274039615554,1.7524755235189242,1.7884393193864685,1.2156292433334095,1.2169400577707092,1.548854348716257,1.143906570930492,1.2457191737819786,1.0773055969226097,1.3035354932458472,1.5643896155366226,1.6017524407666022
2023-09-18,1.4619930365153828,1.3762883810706283,1.7689878927139238,1.4210906990689507,1.2176699612212063,1.223271845162282,1.3656791545462994,1.7538620244015475,1.7898347870805142,1.2189031586370995,1.219862673181954,1.5484132407764348,1.1445495317111665,1.2514699956032789,1.0764148434451761,1.305034870734855,1.5636183709138662,1.600001044721625
2023-09-19,1.462401381145522,1.3772257648365487,1.7658967153481107,1.4201906102760495,1.2169657956801059,1.225356877676054,1.3679127487459035,1.7505135542835015,1.7842668532049393,1.2214624799638554,1.22317488000365,1.54646128478966,1.1483297781531192,1.2575045315286952,1.0847529360423824,1.3107126240000664,1.56169380826506,1.5967342322903342
2023-09-20,1.462607475403047,1.37968586770191,1.7606878803590644,1.4224655917327813,1.221326728127235,1.2281610857748915,1.3721927975569577,1.7454527758554368,1.7725303543219628,1.2263526407610734,1.2264523061092982,1.5445201987905157,1.1528266394483837,1.2596758012928169,1.0904887543405641,1.3150534150904303,1.559807080922096,1.5904227865232938
2023-09-21,1.444567310808839,1.362169922259261,1.736316704029912,1.407977828186293,1.2061285770281296,1.2151953452631337,1.3570416267663732,1.7208010598048378,1.7442114748275492,1.215859468379704,1.2172787404896437,1.5218766848574996,1.1436169124339652,1.2476576231182492,1.0735365753523707,1.3020842251666849,1.537575687110913,1.5637963431475148
2023-09-22,1.4418619092327316,1.3591573121634961,1.7308766846631107,1.4045918307082024,1.2027963565736606,1.2163775282080482,1.3568835973262794,1.7157577952067364,1.7392648505775272,1.211475584884038,1.213697381376611,1.5170362910807218,1.1394184062332198,1.2439653115701772,1.070766262230598,1.2989045555240428,1.532305491264814,1.5593081161723752
2023-09-25,1.438666580658511,1.3543505942101777,1.7325013994063951,1.4034962621745923,1.1971412548945213,1.2133835215142286,1.3530071900699794,1.7177634450336075,1.7446704768893144,1.2086449800845025,1.212026766558115,1.5184310990473275,1.1365760926263464,1.241318983905923,1.0673663685891834,1.2955666588334491,1.5336670293474821,1.5632506178434253
2023-09-26,1.4255769396793045,1.3422938980087828,1.713813652109979,1.3900577494933717,1.1865158104505198,1.2007795705358,1.3395093653959,1.6995721028561503,1.722712309597901,1.2034135481137145,1.2074079040846972,1.4999437261276671,1.1338296412291717,1.2352701399766028,1.0653941344008564,1.292411766549045,1.5160081986362373,1.541559146149306
2023-09-27,1.4148319576254653,1.331348583678008,1.7069584394895336,1.379355016464753,1.1801831633942563,1.1887572397784665,1.3275696952801006,1.693602604472675,1.7208557605031514,1.1944472644570976,1.1988162673678633,1.4958877334030882,1.1245010871504266,1.2316211688288408,1.0580267926612965,1.2804025472876646,1.5119864406889127,1.5418127790460356
2023-09-28,1.4251432862282665,1.3422656792020182,1.7147081481018143,1.386474521884295,1.18539798321577,1.198730523359518,1.3356436677527106,1.7004336741321622,1.729710233373586,1.2051099566210761,1.2081061178119297,1.5025282249905723,1.131922978813158,1.2406544343287296,1.0689295297725125,1.291730662895196,1.519055638756202,1.5512592790152042
2023-09-29,1.4172731553311424,1.331843259447955,1.70624600601483,1.3786986569979987,1.1796525188120983,1.1917253540037587,1.3268392676582446,1.6921229071655959,1.7237137205867061,1.1959893778411939,1.2010602892979947,1.4966654653376779,1.1245733098542803,1.2324477435224186,1.0605024674691734,1.2837576725850952,1.5132494455498349,1.545874646421878
2023-10-02,1.407911821715981,1.3226112242642545,1.6973278960171896,1.3737245395455733,1.1724632554535437,1.185727898364605,1.320766786655021,1.683890081439915,1.7171556002242905,1.1912413486057807,1.2000058972905645,1.4821140375111475,1.1240425436671462,1.2276727521152548,1.0588901185799815,1.2834665485624213,1.4992292012463233,1.529461602204862
2023-10-03,1.39716519648553,1.3145277507455957,1.6793464838199648,1.3604339117358157,1.1630959629111532,1.1772165300860247,1.3105072891573788,1.6662734564148018,1.6956273298796574,1.1882177193009205,1.1964224000939525,1.4696099195663137,1.1219460695124839,1.2272479367311067,1.0627752153392263,1.2795996600809638,1.486154406209749,1.5127259496023582
2023-10-04,1.4019959541066196,1.3182808654322844,1.686780648036355,1.3646453396688567,1.1668730386706216,1.178236488878686,1.3142985541204828,1.673715720626071,1.7047038917418031,1.1928585157805727,1.2015871350462868,1.4791245855159292,1.1276080951475511,1.2325398456416592,1.06536866731632,1.2865894958517836,1.49584871438904,1.5224107915523044
2023-10-05,1.3899910743171815,1.3082276289673174,1.6802274936055352,1.3527739513488963,1.1513441344797228,1.1568031117765023,1.2936834605110539,1.667362146145867,1.701187177661361,1.1891335930916138,1.1956252659110667,1.4735218104078394,1.1257138029195048,1.2280359147629492,1.0605195945678063,1.281105653982232,1.4906751463721204,1.5182005304646276
2023-10-06,1.387515694207583,1.3046297828411555,1.6900723869193253,1.3522505417153496,1.14723523312478,1.1541838088479732,1.2911171133159165,1.6773567971263088,1.7175488625878608,1.1890084930601983,1.1949088337092972,1.4819079515646416,1.1184811680589988,1.2239396100065891,1.0507649836766126,1.2728032761671624,1.4990010168254855,1.5325606218131473
2023-10-09,1.3955399892022662,1.313918655260133,1.6984260095878068,1.3602406819087691,1.1531153609956308,1.1601842488587717,1.2989838477632358,1.6868666924315947,1.7266304978124973,1.1947418567979893,1.2047772430942099,1.492770168084919,1.1226593517872145,1.232463513884607,1.053471214851458,1.279833333842963,1.5100674903606686,1.544079592079219
2023-10-10,1.4036095680767542,1.323204328577921,1.7098043333492712,1.3699088906301478,1.1576506178831723,1.1649661447217092,1.3054993791520393,1.697721893251355,1.738041095436264,1.1965964658007107,1.2060015043956966,1.5024115415687207,1.1260523617853562,1.2322461255000168,1.0534673902557146,1.2828704780745688,1.5193042924390123,1.555377371105817
2023-10-11,1.3961875620169037,1.3153545021845852,1.7082061276208145,1.364201480635155,1.1482072356169162,1.1574255891814316,1.2972275457464426,1.6952206760999728,1.7389114434222517,1.1885423748911168,1.1969212170085628,1.5018098115438496,1.115496347142559,1.2243749244677224,1.036279704546482,1.268311624368698,1.5184623373680486,1.5590315980392397
2023-10-12,1.3834292746907275,1.302730846741174,1.6943764125276695,1.353438170355501,1.135970155814082,1.1456342449698416,1.285240270910108,1.6813847614726212,1.7263313570793797,1.1776522325861756,1.1890598647448345,1.4832767149003525,1.1065225253651743,1.2161026599953935,1.0327590040307566,1.2600548579187043,1.4996034085585723,1.5403370815572561
2023-10-13,1.3916326363288654,1.313167067721223,1.696886109745795,1.3613264159804943,1.1413951927634418,1.1508568235313938,1.2913389010623646,1.6828515286932202,1.7224954603624332,1.1829455762063779,1.1973183954098612,1.485783657725458,1.1149341825159835,1.2210403641342171,1.0354483541188824,1.2672292904914393,1.5018407380839256,1.5377516846367902
2023-10-16,1.4019733476198237,1.3230462827456106,1.713685949443399,1.3726787043728392,1.1485583023810864,1.1577718386850762,1.3004457751486003,1.6995353137740536,1.740739810312082,1.1899756593714024,1.20392258808765,1.5016305844263373,1.121465392488414,1.2275218025351764,1.0379154834774051,1.273014425735639,1.5177900855520048,1.5558457260900396
2023-10-17,1.4080066989227917,1.327688156995334,1.7173969399318922,1.3766373939828171,1.1532552992465395,1.16129096261009,1.3053339476202532,1.703366913875076,1.743787007147104,1.1939493391077203,1.2083689069227013,1.5073542687714727,1.123660656026813,1.2294024726832207,1.0407542665292628,1.2739264507049242,1.5232998921740102,1.562299627706738
2023-10-18,1.4029728910838595,1.3243410200596901,1.7033081963250065,1.3702950603666992,1.1503499962982533,1.1520271229718388,1.2986136048595385,1.6878745787853993,1.7219576142219335,1.1911157717324619,1.2057967685918065,1.491038892928163,1.1226294693375738,1.225115673600661,1.0339721973219236,1.2707259367258974,1.5069471632648113,1.537972768520691
2023-10-19,1.396999297671631,1.3202131756334956,1.690831984732328,1.364487393531123,1.1527197533532036,1.1571912290463966,1.301831944588557,1.6764110922831965,1.7075860924776824,1.1877674839318058,1.2028487644670878,1.476042034363179,1.1158231021959755,1.229113562199284,1.029382548980571,1.266877729051026,1.4917520337452441,1.5198258160639697
2023-10-20,1.393494706494843,1.3156257926911137,1.6771568492460323,1.3569084476092976,1.1534528688110828,1.1606656496005354,1.3026057708826722,1.6633988154686132,1.6877664536524828,1.1830600178813733,1.1981789207139175,1.463577998887849,1.1163743103100687,1.2303979266336522,1.0340770759150408,1.2706093615806857,1.479438695306713,1.5013580748962958
2023-10-23,1.3878210463663598,1.3086489136604447,1.6706969516613892,1.353134201829895,1.146661560910729,1.1547940303635025,1.2976212219627685,1.6571249960500685,1.6826149574752978,1.1773724065252227,1.193693738053472,1.4554822525521274,1.1103861152217294,1.2198023748408937,1.0254828110974465,1.263937376743881,1.4709273650910761,1.4929507313469985
2023-10-24,1.4053514507553757,1.3213717807595742,1.687204841935622,1.3693197174157077,1.1603173157200741,1.1827955210914856,1.3255187463006772,1.6748760993824685,1.697588883029464,1.1855278020996458,1.2022076390235803,1.465850090306567,1.1243463705947092,1.2273410405976029,1.0393606412895613,1.279430665260051,1.4814274078200274,1.5025704049949191
2023-10-25,1.4004822883265835,1.3191804446516928,1.6724217013489775,1.3666325492622018,1.162044076186987,1.1855400217161471,1.3277599634260884,1.661160020808013,1.6727064094534552,1.1973075230831656,1.2149652758827612,1.4584547163250445,1.1326528035240324,1.2372045998833099,1.0461205373288154,1.2862958913431877,1.474365217934467,1.4866400452248216
2023-10-26,1.3882604821709124,1.305976690839511,1.6605734812194848,1.353670475180689,1.1544881592417302,1.1755106214127873,1.3149204703197255,1.6499471732287996,1.6590981496313955,1.1867323360612851,1.2033333530989487,1.4541045009675793,1.1236354867414902,1.223391449342785,1.032222590249684,1.2666747716951094,1.4702330982245981,1.483125167446116
2023-10-27,1.3668500772038856,1.2838539094402075,1.6395986530177291,1.3334112136154168,1.1361344164356357,1.1593823196416935,1.297384833184271,1.6291118644356704,1.6454456514320788,1.1734826062833283,1.1924925684581822,1.437103588297023,1.11223448856235,1.2107983972475556,1.0269282113470872,1.2600082957050676,1.4532037909706204,1.4663378086811374
2023-10-30,1.382570799800693,1.3002281113453267,1.6614504412493996,1.3512537758000558,1.1500001541771112,1.1767394555178774,1.3154355877711565,1.6504292930158442,1.6661138005611527,1.1839913644527738,1.2018359373503942,1.449361466927328,1.1225497350304616,1.2185778539546688,1.0388439195237695,1.2730413320482703,1.4659615307330176,1.47673502586329
2023-10-31,1.3908945437148263,1.3089142484993768,1.6740467501792544,1.3605962094623165,1.1585595911146929,1.1799408296719012,1.3200017558127854,1.6638383984043057,1.680746560819988,1.1922816167690093,1.210388367193686,1.4622252755147649,1.1346877245310873,1.227928183044623,1.052614169359589,1.285954036848615,1.4783989839006961,1.4912347571611284
2023-11-01,1.395388188152982,1.3126171160495335,1.682419422580141,1.3664762931805674,1.1633313435045523,1.1896852066690298,1.3306559458639533,1.672558585834719,1.6946691135205774,1.1940907718429712,1.213147315898339,1.4669598628140266,1.1369483495995825,1.2314024445078866,1.0466176087420067,1.2859229173972178,1.4825036168066632,1.496556098816882
2023-11-02,1.4076666943358085,1.3290027933016377,1.7120360870213485,1.381420772370762,1.1659600091433426,1.1894676049003918,1.3329452418612713,1.700721782718736,1.7290201823061961,1.203486454962395,1.227047928683489,1.4938241575432363,1.1414700873822567,1.2400191346622023,1.0428849283139348,1.2853782025078673,1.5090820936473277,1.5291184818325947
2023-11-03,1.4127060335871555,1.3335531022023328,1.7218239015372243,1.3843707221000567,1.1745979470007009,1.1939652630109294,1.336303837301906,1.7106304013496205,1.743775549032946,1.2044733610003229,1.2262931149378424,1.5110104136582057,1.1443121106645693,1.2463497320319248,1.0413860769256236,1.2904744240650123,1.525828838586884,1.5507278369433792
2023-11-06,1.4173487344022049,1.3361752925191734,1.7244141957003012,1.3889797938179895,1.1770384068928663,1.2008482236328502,1.34312475446197,1.7127576580112585,1.744694564781692,1.2073571479260055,1.231913297220675,1.5091752298308456,1.1480299770280535,1.2486467925766513,1.0470915660265223,1.2964446129045049,1.5238935145373733,1.5442142802666665
2023-11-07,1.413604585423878,1.3304606010037754,1.7222753352109397,1.3827675832643007,1.1736816524388998,1.1919977829760235,1.3352378369558757,1.7104265880945373,1.745148315280211,1.2038777320849896,1.2316124857672823,1.506129434650255,1.144639955243304,1.2443679855024325,1.0447402302658912,1.2968422179942176,1.520296048941602,1.54101680013389
2023-11-08,1.4100882423178942,1.3251781725199365,1.71976021848394,1.378338212860992,1.1692956446200218,1.1892971268352097,1.3311389999952585,1.7075702406906166,1.7451442229160303,1.206772088252307,1.2343578658267518,1.5038016963019853,1.1475971404865908,1.2489587434080178,1.0526626882113443,1.30457230690446,1.5184267273580427,1.5384533522780888
2023-11-09,1.397862913626046,1.3138553000992745,1.70463002034095,1.368058520388368,1.1668017468054548,1.1845804817661874,1.3247314495010116,1.6920022839501747,1.7297869018574716,1.204358033728824,1.2313852317460967,1.4925423704483998,1.1486483230096376,1.2508355007093348,1.0565055110228185,1.3031559541129158,1.5072034121752442,1.5258514622131443
2023-11-10,1.4070224128171924,1.3216682480208506,1.721776422931805,1.376948890381786,1.1721535012850812,1.1911241759258446,1.3320513772988032,1.7084152359071283,1.7544053414791139,1.2168467120914914,1.2440926784847373,1.5074000319121574,1.1597050169333951,1.260940991056806,1.0695645349922687,1.3163896836186284,1.5219873973421536,1.5449108007686512
2023-11-13,1.4105221231308769,1.3251710616175072,1.7243259561632418,1.381839881360328,1.1739139198351878,1.1965176638203792,1.3375692534896158,1.7110814690060288,1.7554084274640087,1.2225590529978654,1.2492745404882997,1.507794032040168,1.166437124432733,1.266845721387644,1.0783146337348435,1.3247725337178469,1.522960124172404,1.5432323430824697
2023-11-14,1.4155548770517332,1.3313290629351573,1.7421563360515357,1.3834664011122288,1.17044759629161,1.1897860605502173,1.3308669297951414,1.727470754461973,1.7851287538593106,1.2226450021688622,1.2494684481088785,1.5351727204908305,1.165980982017561,1.265687707467612,1.0755362740351428,1.3212049442387306,1.5497368793908257,1.5828216900418535
2023-11-15,1.4179858668012504,1.3358504127565283,1.7459760050923232,1.384264305674594,1.1717110462927829,1.1870063974677283,1.328513178571923,1.7307946778951726,1.7901783787842132,1.2199576519020163,1.2470612345492011,1.5386413485759745,1.1675888161964605,1.2620938185023627,1.0777306641922544,1.3219010366566621,1.5523315498192902,1.5885681884986673
2023-11-16,1.4057795376652966,1.3271234313228166,1.7421014948511515,1.3772223727728254,1.1608463301147347,1.1737122008197476,1.3167728676418005,1.7257236460800796,1.7899045307105832,1.2183797156533904,1.2443505972554794,1.5364911315591834,1.1681742760029157,1.2649474042837623,1.0787077633579572,1.3224432353317523,1.549989384181552,1.5852856529605062
2023-11-17,1.4056445713753982,1.3270099848569614,1.7443617257955895,1.3773028567692351,1.1591274351484742,1.174426621703287,1.3168014855180228,1.7285607670378347,1.7945764630096097,1.2162531538137638,1.2424677053578845,1.5398312934560667,1.1652551274645,1.2620660732877598,1.0771159528490424,1.3223837175249242,1.5539434860096597,1.5920351364806522
2023-11-20,1.4057707668704105,1.3273676909552286,1.7522683158989905,1.379400732372877,1.1585780597070712,1.1725522898153695,1.3163327693658589,1.735891966522556,1.8065240504026085,1.2166837692382577,1.2427220664416048,1.5443077529423948,1.1666011067117894,1.2616745542810546,1.0784872599357171,1.3247180410570871,1.5587142933381204,1.5986796933621297
2023-11-21,1.4136154849312408,1.3363533936112755,1.754855485553216,1.3860991403037652,1.166782594063328,1.1817940513757268,1.3254111680533156,1.738377180989497,1.8049073696813382,1.2245575045924155,1.2519214240528007,1.546249809531204,1.1744053598468598,1.2677055516584597,1.0868012949940649,1.3333721546486492,1.5602614658779426,1.5973644383467027
2023-11-22,1.419863886832534,1.3421323484338215,1.7622943447451396,1.3902312377335824,1.1732944427578518,1.185327691254359,1.3293083515447568,1.74581660563715,1.8122884142966291,1.2304437917749464,1.2575117722748255,1.553884007448976,1.178866809324,1.2749780282265977,1.092845392346887,1.3396809939098573,1.5678621903766177,1.6040947326777888
2023-11-24,1.4257071795380447,1.348744924957317,1.7671947900924916,1.3960083603056066,1.1777905418074497,1.1925056212979115,1.335913294924898,1.7507331713291256,1.8162427355919333,1.2350367446615165,1.263923445124762,1.558870663106374,1.1836003040249519,1.2796565387953425,1.0995655448757609,1.3460963853323535,1.5729655259589195,1.6094081880803475
2023-11-27,1.4217034603775074,1.343318191762397,1.7612278390287701,1.3912350514624379,1.1757361484625461,1.1887962850729823,1.3326947709040127,1.7449041576531992,1.811015363960344,1.230230781209389,1.2589692592939357,1.5538782178765702,1.177926043753792,1.2745889187180055,1.0907573411100027,1.3374098170879234,1.5678338319990233,1.6046470607972478
2023-11-28,1.4210258918019356,1.3424848468045523,1.7596298363757328,1.389054583760834,1.1755515485245014,1.1869045499199824,1.3300740686577728,1.743289870448687,1.8096213739028204,1.227848119562194,1.2557597282337127,1.5516812565893272,1.1731741193179548,1.2725181184485708,1.086097269886353,1.333107682699297,1.565415159375915,1.6029258218794389
2023-11-29,1.415540874506322,1.3367314538911526,1.7595704578698483,1.382599911049082,1.1675287149996532,1.1763370129529316,1.3209537570218879,1.7426571653299705,1.8138910589130324,1.2205145676314206,1.250799835541672,1.5510042023358608,1.1662567485932194,1.2673666933458647,1.0755239932365932,1.322697612099562,1.5655799102827455,1.607272514714846
2023-11-30,1.4295212351789541,1.3505612128963767,1.7757368501854671,1.398742508032334,1.18077426856591,1.1890707790367336,1.3356819462198546,1.7595778041776553,1.827092345958354,1.2346219197590869,1.2657843418339745,1.5657197315827962,1.1801374076913604,1.2806947729691536,1.084967866512735,1.3367428938953736,1.580998678585413,1.6206133647526988
2023-12-01,1.43314408769354,1.3548573084264415,1.7853460047101577,1.4017548787795142,1.181746628360005,1.1884864651245781,1.3351353165667266,1.7688813975913382,1.8383020651281718,1.237433899350386,1.2683453076363151,1.5819393433020976,1.1826117785769483,1.2836732490519958,1.0870608383840028,1.3366150093150921,1.5964857288069307,1.6414018267970356
2023-12-04,1.428853071891787,1.3509674385111874,1.7823694545390414,1.3981833920539497,1.1774089376208383,1.180658088892412,1.327219776416869,1.765886005732691,1.830941546630914,1.2330797674810279,1.263521968993041,1.582188508971821,1.179822274962671,1.2766766412287265,1.0823859620027994,1.3321008606132119,1.5965557965666337,1.6403354831521977
2023-12-05,1.4278991178149985,1.3488422375064375,1.777649763764991,1.394369545635071,1.1776769000890654,1.180291979741452,1.327179358926511,1.7615808463736065,1.8248356138312585,1.2277281024342146,1.2587327944514046,1.5707129902701065,1.1757626398058392,1.272033946474839,1.0784031117326165,1.3286405977395055,1.584763253138836,1.6266881774888258
2023-12-06,1.4221754562072024,1.345530678679469,1.775048447575428,1.390125090239865,1.1702054502566752,1.1739727114457834,1.3214699757985267,1.758527088018813,1.8197219604795862,1.2239406268614723,1.2554378976220728,1.5705287853383036,1.1757510539796063,1.2702769558330755,1.081236125561124,1.3315563385144793,1.5840259555990033,1.6260959275644384
2023-12-07,1.4249674013629516,1.346498987303588,1.7788798016525584,1.3920377597186127,1.1712803821232238,1.1758158083978358,1.3240786515221847,1.7620167195378535,1.8309360906406147,1.222639771580535,1.2522643573823382,1.57342057138824,1.1757712251542909,1.271639507388641,1.0783788418381506,1.3330644052925318,1.5869173790066913,1.6331453453562337
2023-12-08,1.4242447210280949,1.344204737874197,1.7809687181247427,1.3928230701134492,1.1682575604565308,1.177224565304785,1.3245306093604086,1.7634914257024934,1.8366955074466447,1.2206035402883864,1.2491047670908044,1.5747269388094915,1.1733617866328503,1.268866000508667,1.072122735518068,1.3283724159735195,1.588420650261912,1.6374891901467805
2023-12-11,1.436062717311961,1.35455850877576,1.7975733925717439,1.4029424425639556,1.180674504543454,1.1866934625679149,1.3345849773196485,1.7804365297821534,1.8550669395904589,1.2296640433370076,1.2582223079515173,1.5895863156755772,1.18256869153355,1.285418137563533,1.0871717032375374,1.3413910296597313,1.6037598898967373,1.653416127647613
2023-12-12,1.4400432544915147,1.3597539865358599,1.8052385889600266,1.4078323140054785,1.1857512387545737,1.1922382811610601,1.3393335221493567,1.787512113217024,1.8633978569601617,1.2363738435524934,1.263302084393316,1.5936918567816805,1.1859046250390661,1.290883529623873,1.0877978613830703,1.3451225410096979,1.6085687112003497,1.6569050902413
2023-12-13,1.4522925452005073,1.3692957825691061,1.8296866441417436,1.4188141542979305,1.192356815922104,1.1932391508275912,1.3411177396756888,1.8127901646841535,1.8909341701645492,1.240779104187423,1.2666179965277051,1.620395550452638,1.1894799898318946,1.2954840333778066,1.0844713346296797,1.344862039761881,1.6348810395800764,1.6882221808307891
2023-12-14,1.4373698875823298,1.3530456692951194,1.8252671249104522,1.4023050982344667,1.1735701043975797,1.1718353995096886,1.3175606887236773,1.8068823961948646,1.8986137326071417,1.2191015549338893,1.245535206120042,1.619255097572053,1.1703904784594545,1.2755151071882258,1.0625491554805004,1.3180286982492517,1.6332335486970218,1.7037821968483813
2023-12-15,1.4335414051635909,1.3500502036915751,1.8217512229041828,1.400787314734175,1.171459808510517,1.175388495534663,1.317963541670928,1.8031706812942097,1.8987664184291826,1.2164835612270946,1.2409565487914869,1.6087700693298441,1.1693493108174975,1.2730688595472037,1.0652257730708408,1.3167827062163358,1.6237851822327765,1.6939623370022032
2023-12-18,1.4452747774562684,1.361563042793315,1.8284690134446133,1.4103535472914028,1.178877074553705,1.18344466236102,1.3282395376038714,1.8099146339631746,1.9031601861807224,1.2289811060259495,1.251302331695033,1.6150304061170293,1.1784687094098698,1.2825350596907852,1.076908709568907,1.329558984139381,1.6297633315068984,1.6969719270046173
2023-12-19,1.450881659279414,1.3686402805680067,1.838289206908548,1.4153220785359608,1.1828801539872211,1.1867697693534334,1.3310736714380988,1.8193067911430687,1.9157467672649096,1.2313335852746696,1.2546147816116473,1.6241058216588031,1.182327880624259,1.2865873835149972,1.081090342711352,1.3322536252667052,1.638113204668773,1.709152587169252
2023-12-20,1.4311544063834034,1.3474852748321626,1.8108459396818533,1.3950026956044914,1.169006018087819,1.171856079644564,1.3134579504112804,1.7920888443167096,1.8847604960853677,1.214204522845313,1.238731700918399,1.5994525082270619,1.166822247956465,1.272478225942751,1.0640782367835862,1.315085146717361,1.6131397360099091,1.681198721303624
2023-12-21,1.4436739069332325,1.360318350825,1.8272430471897987,1.4079644587577256,1.1808545236842087,1.1863348929351436,1.3291797251356159,1.8084662630444803,1.9060840596456765,1.2201050545341814,1.2452612859418912,1.6141039116034566,1.1732672113208975,1.2781546875608705,1.0705507053608256,1.3243987621653288,1.6285731401833838,1.7000032703246721
2023-12-22,1.4523362988627613,1.370446134755931,1.8339050640169585,1.4137868848777189,1.1855891614671823,1.1875595834253783,1.3339098813560644,1.8147278127245898,1.9092016477029545,1.2261216374864952,1.2512898134051966,1.6204504296522808,1.1798485702467147,1.281858132625214,1.07508404245114,1.3309195455086553,1.6348731992742873,1.705829852401569
2023-12-26,1.4546090872751125,1.3725346176998185,1.8404530664602854,1.4166539009782961,1.187402182711148,1.187506841939806,1.3351050097625363,1.821061131888205,1.9181384622577229,1.2262126975157663,1.252297215527416,1.6276517316480266,1.180704572102846,1.2833169147233587,1.074169096079717,1.3316857276325986,1.6417969394795595,1.7155774689219434
2023-12-27,1.45715133290795,1.3754402437138527,1.8455133318836259,1.4194268738943756,1.1885150980321093,1.1883612129459078,1.336606084167225,1.8260376293852836,1.9224638957263311,1.2261867643457394,1.2517887959399796,1.6303468580142826,1.1820164396829334,1.2835922390783894,1.0735115634849963,1.333001551322139,1.644432632436539,1.71786060316249
2023-12-28,1.4588175603551279,1.3775443268593317,1.8493134914229088,1.4215735783583803,1.1910545501551577,1.1891710351614808,1.3383923712266252,1.8294093587476983,1.9247852302923416,1.2280592153715502,1.2552228816650843,1.6335237323490002,1.1841856445710162,1.2886944798428401,1.0751847580082299,1.3346253739581189,1.6477341059191901,1.7200512196356363
2023-12-29,1.4617701792153919,1.3802849343930677,1.8492512198999824,1.4244754576360616,1.1949890711800704,1.1932446029680546,1.3431609266598707,1.8294860176406984,1.921265784659327,1.2329692775687566,1.2605895643170886,1.6328313969897437,1.1884607663419235,1.2936407138860002,1.0781478302371819,1.3398805436712162,1.6468456663952915,1.7156657462254887
2024-01-02,1.4792502999609678,1.396161470589716,1.857331877065883,1.4383027894301543,1.210222281547874,1.2096382849079461,1.3624543811955943,1.8379914423450063,1.9156649764694376,1.2443051843828854,1.2746439816645416,1.638722126375181,1.198301988633196,1.3043905576799864,1.0878621582428747,1.3540552813901743,1.6505336494718996,1.7142642811101396
2024-01-03,1.4814028558300327,1.3984425026824183,1.8483736132699797,1.4394898252700268,1.2122664213064744,1.2142594403415614,1.3696106541590856,1.829218994764572,1.899341282340897,1.2416452615675757,1.2710679497851527,1.625121032419184,1.1955441694261313,1.303611352096684,1.0854587365478712,1.3509751206309586,1.6356633859984833,1.6935340151400604
2024-01-04,1.4809623050473402,1.3990784993847318,1.8491911355208335,1.4404630465001877,1.2144639213732316,1.216203558876254,1.3715010043510274,1.8299740309837191,1.8985240838273465,1.2373181110240492,1.2676571646862902,1.6232510697588665,1.1912064316060225,1.301237256747633,1.0773491163809452,1.345996485844436,1.634204412280097,1.691056284775659
2024-01-05,1.4807998380329708,1.3994568834516923,1.849942059214768,1.4392767955142314,1.209817512942018,1.2160653947116542,1.370801441839971,1.8293767022811809,1.901737069792184,1.2370290645132458,1.265772115955513,1.6241117403287235,1.1920129144897116,1.3010250830214447,1.0813245759985806,1.3495821671557655,1.634494900901607,1.69419577288391
2024-01-08,1.4919474638617662,1.4095322413415743,1.8636751671302383,1.4522338596679731,1.2226992353280919,1.2324722913755606,1.3880189500369224,1.8438730122901352,1.922293457778885,1.245762498463643,1.2721629150284524,1.6377338685289622,1.203180278556836,1.309249962755304,1.0959470069827955,1.3644465777731756,1.6490116999924649,1.7116551986306054
2024-01-09,1.4874789687515033,1.4048441186740532,1.8595366928175074,1.448554474787409,1.2205176490611167,1.2272779490658077,1.3845595624413016,1.8391616564687345,1.9185235102202767,1.243470514718931,1.2722803766624644,1.631547693864063,1.2041524546833102,1.3106209872838845,1.0997536480311445,1.3655751695622083,1.6428355918606794,1.7032376900182422
2024-01-10,1.490976797181505,1.411146847059819,1.8660027131663084,1.4551640830995434,1.2214360114262646,1.231638534124593,1.3880309416154404,1.845086971026527,1.9260711016383791,1.2394156609315319,1.2678950276558831,1.634291499772158,1.203847616211216,1.3105221919764471,1.0960241510815165,1.362874715626931,1.6461911407327732,1.7063330866001887
2024-01-11,1.4900790120264833,1.4083323754218453,1.8636740574303936,1.4554311830187685,1.2208746274161517,1.2330328846679492,1.3891845990139673,1.8438752416488478,1.9259339405126055,1.2411640724397153,1.2698247688692967,1.6314778292854235,1.2071252345085077,1.311750557854236,1.0996904969010217,1.3663802934076688,1.6436296010665024,1.7022244567520997
2024-01-12,1.497757884085669,1.4143541482594404,1.8682725335973798,1.4620689326503586,1.2291282348768127,1.2418982603373747,1.3985041086502963,1.848573212978387,1.9264795261810936,1.246293215280475,1.276617583282203,1.6344989041320113,1.21406705146448,1.3157994378591273,1.1065436874577084,1.3750994229776294,1.647259727711095,1.7020983900151558
2024-01-16,1.4934024270519426,1.4112458034652935,1.8598361355841853,1.4619467342686918,1.2311514633541654,1.248639861576583,1.4045103793409488,1.8412612337926964,1.919632866021766,1.2495450000865223,1.282826243409634,1.6256767189289247,1.2191374948112768,1.324693121809978,1.11503675210221,1.3815444722757917,1.6394063945385207,1.691308945934566
2024-01-17,1.4901124228038525,1.4069153129159222,1.8521709533750241,1.4578318676765574,1.2300530516255168,1.2470907810409941,1.4032531915613153,1.8336846187041045,1.9091164936338603,1.2497052438535479,1.2817920655471131,1.617551535237162,1.2194693881971268,1.3252731841919039,1.1134445569567784,1.379333283692433,1.6317823415202768,1.6789328455392272
2024-01-18,1.4969289108742865,1.4153817820394003,1.86283992166363,1.4651131522387562,1.2389935849280975,1.2540190623290017,1.4110238019795949,1.8438434209013503,1.9235560267895169,1.256272873826542,1.2857823183909485,1.6248343714685387,1.226273479982748,1.3320928746235465,1.126224775030221,1.3893677497542138,1.639813534769314,1.6874816857945423
2024-01-19,1.5044659443760948,1.421818680139867,1.8770366261805713,1.4728286370552681,1.2483422122046448,1.26113177691106,1.4192038930275306,1.8579233441884,1.946042514078387,1.2592020730466134,1.2884478490211955,1.6333480099876982,1.2294080027232384,1.3334135877763174,1.123347467264818,1.3895912971209088,1.648926565573655,1.7013730067481496
2024-01-22,1.5076563406694397,1.4294801173122922,1.8784535739926655,1.477114562099454,1.2545126418643577,1.2687735080957039,1.4246456643449763,1.8597151567963233,1.9485483974008777,1.2661505206741408,1.292994816783518,1.635197308967741,1.2383212276928703,1.350062807838551,1.1276852722883715,1.39730204904069,1.6529891505157772,1.7085496054376117
2024-01-23,1.5124984017756133,1.4315151472230068,1.884306961782244,1.4804952159821012,1.2609289205105885,1.273316122153733,1.4325637825721933,1.864343547786765,1.9529460895821102,1.2731824162636778,1.2986589658034857,1.6387505579946342,1.2436824543460256,1.3580769051681538,1.1344632967344042,1.4067673222238848,1.6564201747915894,1.7097706401707278
2024-01-24,1.5029632473397279,1.4209499682805973,1.876438898864785,1.471334778014963,1.2481930813654891,1.2567412812518606,1.41741273430698,1.8569928233666209,1.9517282647961007,1.2599265362494816,1.2845325744720895,1.6279748973289785,1.2382278698048694,1.3498555735587767,1.127205788125643,1.3985080877866412,1.646226758928369,1.7016614327117363
2024-01-25,1.512923929672685,1.4305130048111243,1.8881186706090263,1.4820618540533217,1.2699274993420264,1.2664877611675012,1.4290797417186034,1.8678076849822107,1.9614747834116693,1.267673410529634,1.2957814159467795,1.6413951888462852,1.2515025223330858,1.3658944577308645,1.139666013184707,1.4122867470292577,1.6597772303842215,1.715844015400785
2024-01-26,1.5130208884373035,1.4335376215620084,1.8906902481407157,1.4818175031405718,1.2673136565190661,1.2624077630616466,1.4267956584390031,1.8714540756710627,1.9619210928681947,1.270943287886767,1.2964302015019789,1.6422281166002697,1.250502931089336,1.365716458878948,1.1411437762024406,1.415382169585803,1.6604206520606262,1.7154090825814796
2024-01-29,1.5191693073719699,1.4393334612991335,1.8998021141637038,1.4878666940055798,1.268814143301537,1.2660485665092684,1.4297760231181176,1.880803300307103,1.9755953103126012,1.2718708258983242,1.3000798379388663,1.6502057881165137,1.252073245971175,1.366290738856255,1.143212759462934,1.4163081761867156,1.668107476677101,1.7259475057856397
2024-01-30,1.5211231831959005,1.444248963277271,1.9026175939938632,1.4940380821291817,1.274331236064325,1.2734063446736705,1.4360203871714223,1.8854119035809016,1.976103412923149,1.2764106962131823,1.3047357182736325,1.6549726198550383,1.2580035129061518,1.3774329152430458,1.1473094258769214,1.4227542162515685,1.673237188545415,1.728699052189723
2024-01-31,1.5102616476209128,1.433159567720823,1.8866107670015742,1.4828554135368865,1.2613003689391427,1.2630653967858305,1.4239011235040393,1.8692123550999669,1.9556954548764447,1.271044201587762,1.3006574788265002,1.640220035172088,1.2547802197355835,1.3732202598598973,1.1466352875290293,1.4189423330481288,1.6571390459792117,1.707999061735262
2024-02-01,1.5268559796746644,1.449842193481966,1.9073189558779835,1.5020312267516658,1.279409414108626,1.279583735667756,1.4427481670606974,1.8904121929001945,1.9757138468436142,1.286732653348162,1.3179293282903863,1.6619982739441654,1.2738231342238675,1.3952290823489846,1.1760640994634473,1.443317830235139,1.678413046209212,1.7281088350721796
2024-02-02,1.5254274771509675,1.447592868168448,1.9067042054824226,1.5006709962019078,1.2752141050333519,1.2843206939496041,1.4445679725006229,1.8901775294500154,1.9836235143160081,1.2856414167391372,1.3121688241655711,1.6574518009577752,1.2752747905033843,1.393196041827757,1.1859344743800708,1.4513443599998554,1.6753268784669482,1.7277426342165616
2024-02-05,1.5172505360715705,1.4400855561723869,1.8962237051795456,1.4942046022222266,1.2691853765835055,1.2797996995784897,1.440236378039007,1.880169771330026,1.9755128936726305,1.2785614067801048,1.3023220846886554,1.6429102313305934,1.2674169935382271,1.385831497173635,1.1813815528479172,1.4455350911249139,1.661863679152437,1.7135394858398172
2024-02-06,1.5257125721949203,1.4480058000150118,1.9076920738724015,1.5022686691511984,1.2744417049568972,1.2844290421131417,1.4459829831478546,1.89053957603759,1.9822760777472366,1.285709478282036,1.3114209426444456,1.6525124274447132,1.2715445964749323,1.387369904467665,1.1849396731509965,1.4506016379076985,1.6712183742780846,1.722757002554021
2024-02-07,1.5306196287373037,1.45403513086365,1.9132914888608714,1.5098682224033941,1.2754155955458308,1.2955552424539156,1.4542577321593384,1.896043203040082,1.9933995503487283,1.2924668785766729,1.314773986953748,1.658486989547368,1.2784267478699476,1.39483562947773,1.1962662621591924,1.4592000132429006,1.678191080182959,1.731120486544572
2024-02-08,1.5321718682429497,1.453129555189033,1.914724144370506,1.5107779030802702,1.2730868109052695,1.2928833579427403,1.4517004720790951,1.8963962131551007,1.9969741136504982,1.286084107547379,1.3119011541602554,1.658159907611833,1.2757586881192473,1.3909346343209983,1.195283846218025,1.4602476949335201,1.6773803483231382,1.7337972473319119
2024-02-09,1.5317398392984827,1.4530109239055893,1.9163199093742893,1.5107550070293863,1.270645367341482,1.2919918164071065,1.451436722608703,1.8979415603306296,2.003944632587469,1.2816105292434645,1.3125583314843599,1.659317784847389,1.2694062550137588,1.3858830825315354,1.185507512729584,1.4511745176034854,1.6788179378442158,1.7366654897767482
2024-02-12,1.5339521383854506,1.4541034329160016,1.918261269155745,1.512221582249329,1.2696346304256745,1.2954244894156324,1.4548341961929432,1.8992911905122254,2.0058991462643734,1.2825830381731629,1.3130337599920332,1.6638030141714502,1.2724350776956765,1.383756257640554,1.1889287379456357,1.454666367137341,1.682628583207645,1.7440376545633576
2024-02-13,1.5204201077042239,1.441441059654068,1.8990985900346389,1.5008597892355753,1.2632568055654079,1.2888536146847542,1.4476045785058735,1.8802883568512707,1.9792960816513139,1.2776168655397495,1.3058070809780304,1.6447735993842028,1.2661522342245541,1.3775849142437293,1.1777286810053487,1.4442347426046092,1.6641017542634067,1.7172376311564526
2024-02-14,1.5282414558156263,1.4459708879055153,1.9100145554886627,1.507932726547666,1.2638123626075228,1.2975455953216022,1.4558647452869269,1.8919702826129485,1.9983696512829712,1.278150984386347,1.3079011932383688,1.6552370930119085,1.2660716523147537,1.3817474484195311,1.1812163093436296,1.4459477861020527,1.6746334119858848,1.7328554281199948
2024-02-15,1.5378091424972784,1.455770195210682,1.9238472400009436,1.5178112958817485,1.271970296554236,1.308426776161059,1.4653528922919914,1.9052120428928452,2.0143352133856762,1.282974410467827,1.316492159680131,1.6703489920251962,1.268933426089286,1.3856392765811854,1.1742675914247456,1.444260118508927,1.6895485433953896,1.7523666824548456
2024-02-16,1.5396431482872734,1.4597806759784662,1.920028013005647,1.5190517998114161,1.2741138201268003,1.3155731714518704,1.4733342575382549,1.900449526974502,2.006082340299948,1.2876744486346177,1.3228600641441302,1.6654122340859485,1.2703668240060102,1.3864041821941913,1.174509527936364,1.448551259823211,1.6843339991312087,1.744703869258208
2024-02-20,1.5436309429449218,1.4647175785095738,1.9196446948685668,1.521472793052409,1.282798101601186,1.3155133558373757,1.4751314801929662,1.8987430060397787,1.9972737528337046,1.2912285711199256,1.3268780857529534,1.664140740990479,1.2716567856946008,1.3931737321182767,1.1705620079179704,1.4523125610127567,1.683097571589034,1.7396655612158454
2024-02-21,1.5529385417170172,1.4724798802675827,1.9239009464448114,1.5254386154733248,1.2908434301863057,1.3240411465734723,1.4820083061926184,1.903280685154877,1.996831605645528,1.3022083375757942,1.339408664020757,1.6708828032312506,1.2815222636280195,1.4083241792018455,1.1794248309706212,1.4608611712468211,1.6891543898500267,1.7449678827966746
2024-02-22,1.5682498171799175,1.4869946060001946,1.9446005358249283,1.5434432100652336,1.3047003116848552,1.3474443067626851,1.5060347377286538,1.9236820689443919,2.0265945206142915,1.3154937485887561,1.34997628355489,1.6868265939394134,1.2907931560985733,1.415942217017452,1.1799095947933864,1.468740565452158,1.7063981722002088,1.7642157943047803
2024-02-23,1.5711412522002397,1.4922711591323357,1.9489619540843781,1.5471635157132742,1.3041904223025573,1.3473641338883593,1.5072500734833356,1.927953929643722,2.0289647674764524,1.3197739755244025,1.3540783909948753,1.6935989343999653,1.2944531521522098,1.415493354086814,1.1844660522077812,1.473384067451648,1.713034601618917,1.7687696169812879
2024-02-26,1.5656614807985205,1.4872867424385634,1.94257591263414,1.5428239095843004,1.2988323366996497,1.3414444933259426,1.5011057482489465,1.9208059352283668,2.02584664317589,1.3164809330003524,1.3484166637989223,1.685992615907704,1.290372503944502,1.4075814440080874,1.184409891229229,1.4725309170712366,1.7064678413353842,1.762209737852202
2024-02-27,1.5645950836288358,1.486608881468326,1.9428668974846153,1.5404597845231993,1.2966276871725118,1.3388290587741274,1.4990073873668135,1.9199009479994398,2.028052534650007,1.3160241338041214,1.3477224331369277,1.6900547608110814,1.2858194558015212,1.4035871817220973,1.179858841072665,1.4682899051177836,1.7109080657079254,1.7685951904954529
2024-02-28,1.5628088960581992,1.4852934649098017,1.943854377103172,1.5405265682388314,1.2990833622829143,1.3410089717469256,1.499930971148406,1.921128167625566,2.0274602342384354,1.3200063926219079,1.3546746925937847,1.6933631649045755,1.287174247497444,1.4100925487140246,1.18381535580407,1.4710957193721597,1.7144126046592187,1.7705765466653274
2024-02-29,1.5582539347934226,1.479603661683937,1.9393458205611636,1.5333510694785963,1.290992455893931,1.335020354125232,1.4921420587075696,1.9173178878498,2.0326218096325044,1.3164141823267472,1.3459441267721783,1.696970111343485,1.280960954361709,1.4047429420899962,1.1743585214656551,1.4646277218627357,1.7174629586451264,1.7790298444113168
2024-03-01,1.5647623713233854,1.4835058244156065,1.9474865572996514,1.5399587340626808,1.2929462032157393,1.3424579575120281,1.4997225363776714,1.9250041646564016,2.048140969933931,1.3217049423291352,1.3493539130711936,1.7024214514900737,1.2887956820840956,1.4087205950767347,1.1899348518490178,1.4789378956922272,1.7239855526342849,1.7889625815380303
2024-03-04,1.5663535819962402,1.4837288243322695,1.9467807559294468,1.542037156567576,1.290326049951333,1.3475200434004273,1.5042714747122148,1.9235248585164544,2.0486797621112762,1.326599360450426,1.3513177526349343,1.7070646071635438,1.2947578313764105,1.4112659998197317,1.1928303300887362,1.4837430348708736,1.7280781873164144,1.794821542215167
2024-03-05,1.5623953565437676,1.4801328732454426,1.9367063425722806,1.5388606153228725,1.289597009425757,1.3489815827935692,1.5066233516471321,1.9128461613480945,2.030374131649694,1.3262653592667117,1.3524615003859362,1.6994165278891236,1.29233340249577,1.4071563594008976,1.1916129808209688,1.483515618768465,1.7202647660495074,1.7849631181148549
2024-03-06,1.5740493664587492,1.490732059461464,1.948034307953319,1.5499489775720758,1.298755960254857,1.3590481155495313,1.5191640460331535,1.9241136826842944,2.041692819803981,1.334876194649071,1.360545531145705,1.709529216922153,1.29962396381642,1.4188630547437668,1.198436066952664,1.4933233774508283,1.7301892969723693,1.7955750481505335
2024-03-07,1.5769405138285504,1.4921785302344612,1.9535450374366359,1.5520452591298335,1.2956508574698409,1.3613530546387795,1.5201199483968737,1.9296678085212378,2.0557111314386027,1.3401755431276128,1.3621612411132569,1.7187265019237032,1.3046710668408745,1.4194301046005326,1.2030353163995824,1.4985527775732115,1.739355942932038,1.8092778961958456
2024-03-08,1.5721349090875198,1.4857077712888136,1.9515891650218946,1.5459556100804899,1.2928017187107061,1.3532920112650506,1.5115871304743944,1.9276227815592364,2.0481761500081817,1.3340180208412555,1.3584452274695842,1.716639298241539,1.3053088675589368,1.417437965507836,1.203698215594621,1.4953012602955387,1.7373585293924916,1.8055985483409807
2024-03-11,1.5798447762943744,1.4946601970128695,1.9568073009303475,1.5518306151203851,1.3025356255569374,1.3596758472833128,1.5197079531606732,1.9324576994860359,2.0470694059480965,1.3411307286290193,1.3684850249220981,1.7208120900520572,1.3073340063498393,1.420905205687291,1.2016288614624335,1.4978681754846643,1.7410159126706368,1.808512484709596
2024-03-12,1.5886789554031813,1.4978071715561223,1.9672498649436136,1.5600182411741492,1.30879027649972,1.3670089137103607,1.5275652962800872,1.943332553687243,2.062858310537502,1.3389062257952866,1.366923625130864,1.7259113455647894,1.3104593999438972,1.4158840399909514,1.199889883094492,1.4990048108467153,1.7465839738833906,1.8140085536699646
2024-03-13,1.5855200642962477,1.4965552371014623,1.9656787111393417,1.5562875180553977,1.3052490487793804,1.363068120316416,1.523188835351718,1.9393388827846512,2.057948151340458,1.339366708219062,1.3650018889566682,1.725587278818643,1.3098855412225918,1.4142070290848168,1.196950764354134,1.4972523224777161,1.7467446594557872,1.813801817979785
2024-03-14,1.5828590623028753,1.4950173455721336,1.9578347763567046,1.5531018146808684,1.3039991324510376,1.3585937767565197,1.5189231247930501,1.9325534430791833,2.048629410307484,1.3360568404729802,1.359494310894092,1.7146453236068648,1.3054559121092446,1.4098983942157222,1.190865276338685,1.490111071789271,1.7360559456140352,1.799221230185305
2024-03-15,1.5789920419287384,1.4947797266026108,1.9472938463260039,1.550104974010775,1.298324279625102,1.3586068170421386,1.5198719596610106,1.9213947352913303,2.0353540118713784,1.3343703180091757,1.3535057206326162,1.7107787929159564,1.3027678237173836,1.4076757782573466,1.1920224794707388,1.4885161452912115,1.7323491414288013,1.7951003652330935
2024-03-18,1.5813547753906796,1.4964897713417862,1.9514154656212221,1.5516797394935882,1.2995933807310072,1.35597093326258,1.5189870118229074,1.9262769888719398,2.043140773821465,1.334878255384555,1.3558076141503792,1.7151155415022825,1.3048301904815411,1.409029586733962,1.191818358864038,1.4899966104871443,1.7367793518528922,1.8005181247580326
2024-03-19,1.588960494562474,1.5038992915803082,1.9625110708493596,1.5593328257289953,1.3082026426694442,1.3653184525249107,1.5273530908095796,1.9371032640760724,2.052378121123254,1.341438710705336,1.3624542130782349,1.7256610248687705,1.3115042563856978,1.419056668858989,1.2005681028979103,1.4995552139073967,1.7477547565250973,1.8109228095010497
2024-03-20,1.5970601527898238,1.5123742379944185,1.9737090486377187,1.5657574751694012,1.3126955814522272,1.3689458251500088,1.5306719852307724,1.9478129215047635,2.069462113562359,1.3472179563229094,1.3674462676947754,1.734444906823842,1.3202331143917878,1.4296678320179674,1.2118804396311489,1.5093689876904979,1.7565156117119982,1.8252853726562244
2024-03-21,1.595570634012042,1.5096672873843793,1.9766977333571158,1.5652282129943296,1.3119199344261263,1.3633609380972689,1.526301955323192,1.950007104422246,2.081896442153566,1.3463829740252942,1.3650329838798017,1.7395267177399452,1.319592518169248,1.42342087584704,1.2151298343335144,1.5103474996084059,1.7621925297445578,1.8365653828520847
2024-03-22,1.592361573687849,1.5063617058587584,1.9681638338978207,1.5620251755681094,1.3091318407099144,1.3596092726723215,1.5236243754571512,1.941238486399835,2.072670764621969,1.3493221173545362,1.3665878931758653,1.731616695965743,1.3202744916186373,1.422825329916532,1.2179216626908662,1.5157400610508436,1.7541633588129306,1.8263627146235828
2024-03-25,1.5884770811867708,1.5036935925144495,1.9625557845436474,1.5562502627932193,1.3055691594361163,1.3524332113495663,1.5185847600100113,1.9351890034079655,2.067603009762489,1.3458864267270934,1.363488137913611,1.7257718873471408,1.3154394866569303,1.4169432283241912,1.2125289885712711,1.5110645487156773,1.748147331414259,1.8212589653996551
2024-03-26,1.589353801842274,1.5083410522906329,1.961155432739559,1.5578296106104308,1.3098263290163552,1.3582515569713296,1.5228652237221811,1.9340705461611822,2.0642996252095003,1.3519191527757999,1.3686442554343679,1.7256935942114195,1.3191494553306233,1.4147784932116496,1.2226678730414862,1.5173456122572995,1.748118020835638,1.8189905316914656
2024-03-27,1.6064074375846698,1.525973405586139,1.9850202365416918,1.5735136523236026,1.3253923014978304,1.3730243124209556,1.5388512182371479,1.956892123298674,2.087117776561912,1.3644157248569317,1.3819295805020144,1.7490342766540157,1.3295379970121555,1.4287215714033918,1.2317300007328904,1.5298836504853497,1.7711276145628545,1.8458674021480237
2024-03-28,1.6092103381801153,1.5293816148791928,1.9873661072120417,1.5755989369171344,1.3284915248256608,1.3766646429460163,1.543081280034385,1.9589645000809996,2.0895804153180095,1.3673146850575246,1.3846126678719666,1.754213794709864,1.3317615384143537,1.4303970295789468,1.2312007667651148,1.5312540553291374,1.7760506303319834,1.8526719552240496
2024-04-01,1.6026261409942661,1.5229571861581224,1.975430758400132,1.5675818532045802,1.3230747205848268,1.3658005598237297,1.5342372550185277,1.9475705124488603,2.0815434643840174,1.3624458209231889,1.3811954245653113,1.7433409592046836,1.329276183159736,1.4268198665335934,1.2303703135117954,1.5301039120974236,1.7649020497177612,1.84119928284818
2024-04-02,1.5908773120136532,1.5103757026543654,1.9603325361436248,1.5551368354443993,1.3185280270393451,1.3615460386126477,1.52859400835455,1.9330583952300833,2.06295338099889,1.3580720806601903,1.3788501213938926,1.7310889169878423,1.326618617782642,1.4269406424751372,1.2248926590735176,1.524914524010512,1.7531880160183728,1.8258936233291274
2024-04-03,1.584665800024152,1.5032695435673769,1.95633767857557,1.5488388365738344,1.313597034600125,1.3531187776276736,1.5194022187065044,1.9271882779427145,2.0627067336044447,1.3500641833107947,1.3696523346744698,1.7285822025322664,1.3196022430049428,1.4213709897577895,1.2187817510769925,1.5164097520105653,1.7509306185198865,1.8273948433695695
2024-04-04,1.568776582781587,1.488156509051128,1.9368010787285816,1.5326390394917981,1.3006322789559928,1.3360386618098055,1.4988684562474388,1.9062541784150873,2.0378409216720628,1.3434896556546667,1.3612971082648544,1.7117278214463822,1.3099595543443703,1.4115313954049404,1.2091108208534256,1.5064173951275073,1.7338909461210237,1.809154076767117
2024-04-05,1.5757196561513065,1.4942855226492429,1.9516817350035436,1.541997570161139,1.3075750403159954,1.3421552611937453,1.505624566917322,1.9201190371335448,2.057173463852153,1.3471377849506605,1.3638526080005422,1.722772306359047,1.31764841582683,1.4149943808386563,1.2214893386898846,1.5190360782228338,1.745328472853065,1.822448622893515
2024-04-08,1.5706462157321321,1.491073278217805,1.9485286140752116,1.5370542732359636,1.303316910287055,1.3359660091953032,1.4989531889231151,1.9179218251431078,2.0557979068009753,1.340595642545651,1.3573457067949013,1.7227088771335963,1.3116896462300187,1.4100554082413328,1.2138074115416462,1.5107018709088236,1.7449720893628424,1.82575923095368
2024-04-09,1.5753037921493933,1.4957142235889158,1.9529735238721155,1.5401156131819511,1.3079017454107023,1.3409113990699382,1.5026761019324542,1.9225584384765657,2.0606068590221875,1.3446283077639147,1.361543611223853,1.7271856008271822,1.3128217691034636,1.4137165516509018,1.2156204667193315,1.511168486969284,1.7482655401866698,1.831334108006277
2024-04-10,1.5628654803142956,1.4851189323006257,1.9321451152107776,1.5305253692370566,1.3007973946364113,1.3334368852454819,1.4960137090217853,1.9026448325025824,2.035611254341222,1.3338300979326578,1.3496246699387204,1.7055460452041438,1.303620884544897,1.399621672824855,1.2005486225155466,1.4990134412574916,1.72714344527562,1.8029948235084663
2024-04-11,1.5617365538148342,1.4833464582748686,1.9315422459087381,1.528768482394062,1.2999393720761998,1.3311878739053897,1.4941587279842254,1.9025710798861268,2.0418778449060873,1.328943816863025,1.3450505982983683,1.7037734419532453,1.3003272903513314,1.3982485217449223,1.1997123364769609,1.4976020459607733,1.7243955994936357,1.8040282184635372
2024-04-12,1.5435844723587029,1.4700686076659573,1.9074708271449445,1.5119516323682596,1.2892191474531938,1.3187050605673294,1.4805611528467826,1.8803420854504782,2.0097081799202496,1.316127895742385,1.3308989145571875,1.6820795599973393,1.2894111683043423,1.3872079969498816,1.1947044995588048,1.4852460621910626,1.702614088282217,1.7770173753792404
2024-04-15,1.5378671738041907,1.464159954883253,1.897202555025443,1.5053825601426465,1.2831294297761908,1.3146104573302533,1.4769593966835959,1.8703426329466564,1.994139899164646,1.3149828297763337,1.329811319997846,1.6702154228021886,1.2891549078338953,1.3887069416402578,1.198854563819427,1.4864869475032825,1.6908105752979403,1.761637302833159
2024-04-16,1.539345806931165,1.464759759908131,1.8956240196564407,1.508120400762116,1.2835547443590556,1.3201153907860528,1.4810171461751869,1.8689891757874693,1.9951550389209463,1.3143734366027124,1.3288571487932639,1.6640973404639983,1.290738189236211,1.3881688095526972,1.1995595759162645,1.4887283574071244,1.6847982299389355,1.7533487004559332
2024-04-17,1.5386772465687628,1.4684924430763033,1.8940998128527515,1.5068365613231902,1.2843837060140006,1.3204969006839673,1.4804895096742676,1.8669474100563264,1.9850502428002568,1.3154256972460938,1.330098774597239,1.6615405725062273,1.291755129582383,1.393575229051805,1.2029081505054013,1.4909045870006188,1.6823252693051434,1.7480247158655888
2024-04-18,1.5416008558913168,1.4712250046522009,1.8958835962690617,1.5083781184644158,1.2846546079043502,1.3191422147813672,1.4809233078305861,1.867979535121658,1.9812586632044193,1.3150775335715796,1.329333062117692,1.6613665236231032,1.2905633171045787,1.392444691424481,1.1966845423914703,1.4880840917725948,1.6828737176697381,1.7464177802602705
2024-04-19,1.5523384100455875,1.4837529123398316,1.904065523462543,1.5158360618018196,1.295084973841518,1.3229844448343513,1.486618470179648,1.8761968715793813,1.9748403902805634,1.3237280433068719,1.3397039865628413,1.6698228163701685,1.2993040410467418,1.4094458161639594,1.2030347659796765,1.4943104890589753,1.691383359830887,1.7492495851952659
2024-04-22,1.556718346298463,1.4890497124228907,1.914869891510276,1.5211435447070245,1.302646331708473,1.3269225800757745,1.491116406006648,1.887099082881974,1.9883242054915145,1.3262631388710038,1.3448615961317747,1.68059720147298,1.3010282600683158,1.4124151929817115,1.2030214545929454,1.4956656096487069,1.7020485067690754,1.762852562125246
2024-04-23,1.562274173684878,1.4911367065135503,1.92978923687945,1.5257109611125754,1.3103498374010538,1.331729592313833,1.4951639975712747,1.9024519818488408,2.012012759372418,1.3325691079703132,1.3505917362114386,1.6910847088876257,1.305597223717571,1.4147330150468038,1.2082319327724729,1.5039160606304207,1.7129690639902737,1.7783764290337865
2024-04-24,1.5636419133942736,1.4962939775116928,1.9306153279583038,1.5248898765327696,1.3156685352581192,1.3356913976573968,1.4968696154032424,1.9032630818796588,2.013522630815716,1.3397269711979312,1.3564074879586245,1.6923747272227938,1.3080247972367538,1.4236531101745769,1.2095107877442153,1.5089262606885137,1.7147462864834873,1.7804359864425854
2024-04-25,1.5538201767791693,1.489142967449315,1.9213954113075944,1.5159466717203762,1.307381920025846,1.315664201981667,1.4808470139642733,1.8934555062166676,2.004875871383699,1.3356237589017517,1.34565214579719,1.688458764289821,1.3057979869332572,1.4202120642467755,1.1986239266422882,1.5037002146332425,1.7105083365643963,1.7773120570156837
2024-04-26,1.555507205608479,1.4897751853259686,1.9211147505256032,1.5152239699075254,1.309977642146124,1.3149059346196224,1.4798768809698346,1.893029980431737,2.012261675178764,1.3306686902688212,1.3416864918727223,1.6867785991982467,1.2980103281085422,1.4175362766619686,1.1869430196680475,1.4916824356105494,1.7079600528806362,1.7791385566931852
2024-04-29,1.5583249613061216,1.49407085762169,1.9270320010157878,1.5181514865803092,1.311159614633653,1.3174930750033498,1.483477469475381,1.8990887524238405,2.018771769373649,1.331224602097555,1.3428239607085943,1.6951636445571863,1.3027684496670928,1.4179833977548792,1.1884005060836624,1.4957228133972253,1.7160622726888288,1.7898246493707433
2024-04-30,1.5429546834858388,1.4819913710819346,1.9081761400510384,1.5056840786365453,1.298883919603157,1.3055226310140773,1.4724968876661502,1.881726630512136,1.9924001071591986,1.3189221752185676,1.3305835814136806,1.675324586679631,1.2899325801822623,1.4078573702430282,1.171299238288837,1.4825507675438767,1.6968117616150482,1.763955490816289
2024-05-01,1.5364279019179214,1.4736158233384,1.9018740816908788,1.5040668569431588,1.300029623765257,1.319086248564386,1.48188824217436,1.8762292620116385,1.9796091951630672,1.3234754194522116,1.3314811564352318,1.6706708972080775,1.284238700412718,1.4061575271355655,1.169149174549345,1.4774011903312498,1.6914507194292423,1.7557843603124255
2024-05-02,1.5407983839275425,1.4784735062915526,1.9081933642200202,1.5096596112272853,1.3063324462667987,1.3275793918455772,1.4894986849242007,1.883353040358626,1.9927723985910815,1.3223571395557334,1.3293866386345992,1.6775257152289125,1.2838652946243823,1.4043800531990513,1.1724746093480267,1.4826417796833165,1.6983413418968865,1.7679530756999056
2024-05-03,1.545141584448591,1.4819443030358037,1.9214300187651483,1.5148964087676486,1.312673315990843,1.331449045915982,1.4943452590305522,1.8949350922930166,2.0117434488694066,1.3245062734121886,1.3300818560860717,1.6880103532389954,1.2900567690038636,1.4155010017614105,1.175583009332432,1.4876320933931628,1.7087681315817937,1.7807561719481138
2024-05-06,1.5516247742560108,1.4877938780946758,1.9312465541281172,1.5215948196544773,1.3166753631052392,1.3369967252182884,1.5015007018823865,1.9049201546797665,2.0301427526181506,1.3307773179575793,1.3363602701720427,1.6975332181556662,1.2950860500345474,1.4203117837864156,1.183902697450986,1.4958442745508829,1.7181878089043074,1.7939713027373638
2024-05-07,1.5596815432478213,1.4952919523460955,1.9389626829240274,1.5284383145479163,1.3224055968402224,1.3423658195467545,1.507615969774694,1.9127668510599936,2.033804391169185,1.337479843504078,1.343009385302919,1.7058825247714333,1.3012354533097497,1.428530196891116,1.1913899749089398,1.5052926027908093,1.726448495875114,1.7987837877790234
2024-05-08,1.5626821252345158,1.4996219338875045,1.94101765804014,1.5310900728875907,1.3274104609887254,1.349109340184377,1.5136672636610575,1.9152812988043115,2.0354164002181547,1.3405164752393781,1.347968000654004,1.7048319749694745,1.3031799962329516,1.4352052989949078,1.195516014532758,1.5101247770313042,1.7253305614503431,1.797611844413627
2024-05-09,1.569705777188075,1.506183992595653,1.9522097763523656,1.5381274324952894,1.3351150268974674,1.3553221239844357,1.5210799321484407,1.9256930842941942,2.0443852669113554,1.3455616370338468,1.353538206269768,1.7187529457658344,1.30833140027021,1.4395141304063914,1.20190621519673,1.5167673959496832,1.7394023391228162,1.813063854148678
2024-05-10,1.5762455102803097,1.5118197383236558,1.9580265690467535,1.5437421536044351,1.3412721831603867,1.3568916101879003,1.5245432010059106,1.9307677559795955,2.051115027693552,1.3451508656693423,1.3522123059183973,1.7226782468179807,1.3034991722985638,1.4404635127079009,1.1977353612782864,1.5118276967545758,1.743311914093463,1.8169953154904643
2024-05-13,1.5779596239317104,1.5139828676630198,1.957353116341509,1.5440703015353971,1.3397295446658974,1.3595811537961546,1.5274267526905092,1.9304131327261267,2.049188414905268,1.3455817007900077,1.354210598705763,1.7190829236065186,1.3043090323761362,1.440509755072074,1.1976600695563906,1.5133346857246035,1.7401026982019723,1.8136031863658237
2024-05-14,1.5778984727980878,1.5125751795035656,1.9596059263707846,1.543759297470216,1.3370741855993251,1.3583838401772648,1.5258399084389624,1.9319412377876195,2.0579433144894868,1.3412889368644543,1.3506882912452673,1.7220921792463277,1.302210174875542,1.435093916592752,1.1950966442203965,1.5110963189657143,1.7431279683835688,1.820465457610048
2024-05-15,1.582634762260358,1.519076505384061,1.9734073543927395,1.5492129513405124,1.3424488249708404,1.3577074262285398,1.5248853604187225,1.9449686644547222,2.0814821796852776,1.3436020980571624,1.3537679015892494,1.7328150198135985,1.3028305125779147,1.4378365937007396,1.1931838755189996,1.5117361542773702,1.753904922691985,1.836455384756789
2024-05-16,1.5877358285773864,1.5264674049587452,1.9764916102640597,1.5580192033182994,1.3533064384370177,1.366400709803433,1.5357456757552683,1.9485526672515092,2.078716373160447,1.348409668073398,1.3582897440201924,1.7344951212802555,1.3084079778356488,1.448246178666021,1.1987677970260415,1.5205626023684862,1.7560065123364488,1.833874320193066
2024-05-17,1.594774437246785,1.5332669376987174,1.982552792200236,1.5633163915123063,1.3567634691629233,1.370716791232706,1.541327392684451,1.9537041134263586,2.082321230465199,1.3514979602362855,1.361319366752001,1.73763603651016,1.3119707501924618,1.4531868052199615,1.199100432490037,1.5229249402075655,1.7583392117492003,1.836526658922808
2024-05-20,1.5865885228940495,1.5254922798449808,1.9729111647595265,1.5574158928552204,1.3493296519327476,1.3677626875048574,1.536767655579694,1.945598946451686,2.080820715125634,1.3460526608784305,1.3545394747318535,1.732741244380819,1.3093101334339634,1.4469429875434625,1.198249226964411,1.5221027810114913,1.753915282433425,1.8344439860210462
2024-05-21,1.588590718715406,1.5286950210947008,1.9759348774978862,1.5615710105973415,1.356050348010915,1.3758004220509108,1.5445048462739461,1.9492945200137148,2.0833937283210324,1.3457976148649842,1.3501697090271163,1.731761419998527,1.3070068910157278,1.443965619490978,1.2017701727836305,1.5225937077416756,1.752663312154183,1.8334492719581994
2024-05-22,1.589209571511652,1.5310974411034604,1.9774581202529302,1.562349127574051,1.3579000316985608,1.3743414746807758,1.5437039366366616,1.9504997520280987,2.082524195532043,1.3476072410902875,1.353136015573206,1.7286818529637886,1.3088313268875826,1.4532315360664123,1.2037912429291011,1.5252623835300447,1.750147263611202,1.8271737238507377
2024-05-23,1.5716089436293563,1.5131737292767842,1.951122400908344,1.544071786171351,1.3429088368688786,1.3654372681559381,1.5312304331176092,1.9258243934179122,2.0553704115111326,1.3352338195373978,1.3399308898404696,1.70688656136339,1.300471940441096,1.4420514377286862,1.1982700752344315,1.514908231667132,1.7278705140728423,1.8018635720183374
2024-05-24,1.577333001192775,1.5193787022528764,1.9539405672423769,1.5485701437744506,1.3464474230125452,1.3737500899552144,1.5401808627308409,1.927680326821576,2.062179823128921,1.339039284818813,1.3445383660402992,1.7143503746606197,1.308110432700857,1.4487642651148167,1.211237183100203,1.525385194054684,1.735600005718881,1.8126264810789066
2024-05-28,1.5698644346170267,1.5107046841338232,1.9399348396966072,1.5386612093455276,1.3399815281467797,1.3723085014322134,1.5371527339189088,1.9130219239018311,2.0536308407120365,1.3272232320575386,1.3326500309304878,1.6971655386712932,1.2949537287879103,1.4363070514922633,1.1997182540436127,1.5110421505618425,1.7176294695650445,1.7979732194726288
2024-05-29,1.5561396670648362,1.4967538349600777,1.923148969546724,1.5238988578677235,1.3299378467697678,1.3579435169535312,1.5220002701866342,1.8969529713768885,2.0338797642917954,1.3204014374812054,1.327267039921668,1.6806262750002172,1.2870315080395391,1.4278843850770997,1.194744921178894,1.5021093890906334,1.700792160669936,1.7773368823540736
2024-05-30,1.559163594662542,1.4991608237003946,1.929352497755654,1.5315260779784794,1.33324096834694,1.3659084615492965,1.531596139484197,1.9019224464248172,2.0268061857310213,1.332472290954053,1.335892833750883,1.688473120412704,1.290851259851778,1.4378988065687277,1.1991233254878564,1.5066187375372548,1.708018897228365,1.7834600195873866
2024-05-31,1.5852774950625517,1.5233720271920181,1.9570004046759875,1.5543641307649227,1.3524131602331864,1.3853165729944918,1.5542008439898256,1.9300733061028994,2.0500980405385465,1.347601632109072,1.3515422282926646,1.7120857850873024,1.3051803097650838,1.4561373968744744,1.2051892030912243,1.5216068421139481,1.7317181728642008,1.806988970937064
2024-06-03,1.586173434155078,1.5267097863014012,1.95541902431317,1.5545605135569993,1.3546268757376256,1.3865133153794038,1.5572033698449765,1.9296208488690674,2.046480211607903,1.3461256297140762,1.3537533941660522,1.7058942201964011,1.3039527980570373,1.4573108144531606,1.2000468077795488,1.5198787583418325,1.7257452769359296,1.797720137553002
2024-06-04,1.5927247022623394,1.5337809029907299,1.9639552556719493,1.5633118620419584,1.363068513614747,1.3943552264100603,1.5659036356727043,1.9385651719129666,2.0511911250309733,1.3543346895043062,1.3625724072682557,1.7083079298298205,1.3106717632902403,1.4678250298378384,1.2051773063890334,1.527537130507429,1.728622448947344,1.7951409083415286
2024-06-05,1.5972178742226237,1.5373221479819554,1.9721775663850898,1.5672836071367864,1.3662034664505307,1.3982188811418699,1.5701649454988258,1.9460277903269683,2.0713776404776865,1.3611301021477828,1.3658681585012484,1.7144010702850128,1.3171071947438688,1.475007530858513,1.2183145603382513,1.5380807050251026,1.7345194188357052,1.8061101335036858
2024-06-06,1.6014928818118948,1.5414245310965646,1.9755981603139434,1.5708964734607256,1.370913330555496,1.4016298242052716,1.5734845632892702,1.9499034343354933,2.072688632798161,1.364746370224252,1.371150661274542,1.7131596618412301,1.3174541669982809,1.477798838360506,1.2166300241076864,1.5356060558002187,1.732823965253949,1.8022733184695705
2024-06-07,1.5996165391460015,1.5381999112958586,1.9759043126540916,1.5684585238786706,1.369501903971944,1.398872070923716,1.5706419635839668,1.9500917202914148,2.0724589913786815,1.3585933636200562,1.3668651101201903,1.709670966493798,1.3123874300806335,1.471303130365537,1.211887750997101,1.5306823273638093,1.729750772434896,1.7979290532420558
2024-06-10,1.5993611387537012,1.5371878799381349,1.9749791166867705,1.5681602864716655,1.3689055628496327,1.4006472501746947,1.5724277305967418,1.9493864655349478,2.076466085810239,1.357117562301003,1.3627486827589372,1.7104584181555662,1.3110678076359208,1.4665255321061064,1.2105927642967123,1.5310516945813624,1.730719492916129,1.802225222036125
2024-06-11,1.596182970785278,1.5366624795569963,1.9674722560368803,1.5637757487061725,1.3716001345491688,1.4027592133684077,1.5731044621338184,1.9425258253095208,2.069412044980603,1.3547184222960305,1.3603262521333512,1.7061044903638405,1.309977151765445,1.4662648262652365,1.2106148824014658,1.5311503439620573,1.725851191807926,1.7960119338357619
2024-06-12,1.5825909727325551,1.5265882230586887,1.9643770958186602,1.5536958764932012,1.357544170490594,1.3890356781635245,1.5569117313465757,1.9390672989251116,2.0797060432789642,1.3441188027580855,1.3482258432854741,1.7068831183720679,1.3032095550930103,1.4498176931545042,1.2087389179132928,1.5261725185159574,1.726407684626674,1.803780386445806
2024-06-13,1.583939864185297,1.5268059077445704,1.9619835421505551,1.5532093927759028,1.3610734702338647,1.3928627765587611,1.56113953896567,1.937653556010388,2.0790561207233482,1.3459072965282448,1.350439461062038,1.7042869004854158,1.305040864306042,1.453687466994851,1.2084027827110453,1.5290130899124075,1.7236913957167763,1.7998707137904417
2024-06-14,1.5828222281978557,1.5213732047558306,1.9618376296841256,1.5519787960612434,1.3607474138478621,1.386644886458279,1.5554689403066584,1.9372453163168013,2.079708379478367,1.3416449381375157,1.3486057086716874,1.6977278966609586,1.3041796608729477,1.45753564722728,1.2079053047230555,1.527718559412129,1.7172618123390748,1.789951267937709
2024-06-17,1.5894850223264052,1.528298555387151,1.971488017933283,1.5587187497430242,1.3679809389284419,1.3935262858309572,1.5628327616958249,1.9469599360213936,2.0949760213794293,1.3544291141829548,1.360850114977762,1.711222069198474,1.3164034725960243,1.4757695084999318,1.2218701963048473,1.5458329062161242,1.7311374972936415,1.8032751665043312
2024-06-18,1.5928680815944039,1.5324911929752192,1.9754838640972807,1.5645129909019027,1.37324229190153,1.4028464777958352,1.5724020345006935,1.9509803846598797,2.100893612026409,1.3587101383953448,1.3634293057364597,1.715665830274526,1.3235471673929056,1.4799821582234458,1.2290481850600938,1.5556666363057288,1.735512013853781,1.8082099086848606
2024-06-20,1.601144580885354,1.5390881956887446,1.9842670915226943,1.5725740328665498,1.3764866966398002,1.4049721907442487,1.5753345161654262,1.9603513564961768,2.103080608317678,1.3638746594018452,1.3685051070642047,1.7203983526487316,1.3288216512752444,1.4816431536169432,1.2305006134475969,1.5592664457590901,1.7407144883100913,1.8099975828013575
2024-06-21,1.6010975484842507,1.5403346162556388,1.988168693313056,1.5727745747309818,1.3761528603258055,1.4016545511325846,1.5723159525399313,1.9640309296270515,2.1047533254546256,1.3662628802823162,1.3707974426088643,1.7231176748616053,1.333055826493299,1.48450131759044,1.2344225753914042,1.5616573170421737,1.7437361616187221,1.8121283542914017
2024-06-24,1.6095049649822628,1.548677503969835,1.9980121124391663,1.579860516457954,1.3825296317827986,1.403199068460129,1.5758190691068872,1.9739152365823536,2.1065825343952276,1.3792334209473733,1.384012261222985,1.7333150938385138,1.343196031395258,1.4936324691391025,1.2473181083880693,1.5752316679878837,1.7530246247885373,1.820182226644999
2024-06-25,1.6041597675699506,1.5414077341736472,1.989420918620547,1.5725840199495476,1.3756768726176645,1.3959375318363234,1.569146134912432,1.9650294743619103,2.1034948422654236,1.373531896406792,1.3774194790244805,1.7217898063644113,1.3357055367087138,1.4859248390627946,1.2439855731945266,1.5697098968838152,1.7413658394980078,1.8090655490897103
2024-06-26,1.598284062651837,1.534615647212883,1.984844047192922,1.569354614764293,1.3740608114973838,1.3929650505533289,1.5656772982066876,1.9595622639027606,2.1005530427067494,1.371132597758046,1.3734463098818306,1.7143153668995428,1.3313771018182567,1.4822446329513486,1.2405953185587602,1.5633806294112884,1.7344623318100953,1.8015398552496973
2024-06-27,1.594418013513999,1.5294180177835697,1.9841020094081878,1.5660242106353832,1.361426856853535,1.381679386451028,1.5544737909855229,1.9586711047424137,2.103035305687745,1.3603377834496186,1.3626438581375415,1.7134918624515019,1.3194077788250682,1.466285789265925,1.228040299550351,1.549133705493145,1.7345261768738542,1.804036539698042
2024-06-28,1.5853886916938353,1.5161811490113954,1.9764466945810695,1.556728847987584,1.3553190999107732,1.3643078930065788,1.5352541846325152,1.9494221774647287,2.0978965584827716,1.3525439147154419,1.3586315259042892,1.7110264630557457,1.3134044414914918,1.4602771853030558,1.2163648175021229,1.5374315489525954,1.731661664674392,1.8040948084032553
2024-07-01,1.5864073295038892,1.5166664395611,1.9711340416552323,1.5546061932855086,1.3611198957941995,1.3685667206796404,1.5396764474455842,1.944973338023511,2.0945398117496263,1.3532114464766536,1.3596921648016835,1.6998272823644556,1.312901826867291,1.4617400822328392,1.2192161629955562,1.5399795526005633,1.721229657772588,1.791418569583449
2024-07-02,1.5893184867678016,1.5204128604989995,1.9773550044536812,1.5592264411421817,1.364922978633657,1.3713145707010113,1.5415454569024527,1.9508424819051893,2.1048767556241383,1.3523486759722843,1.3590110115732903,1.7056498281726016,1.3110298369519267,1.4611801927560695,1.2137718242574378,1.535325002584204,1.7277179400000326,1.7997168573246654
2024-07-03,1.5890546321943761,1.5184502082750828,1.9772626225298704,1.5579292151819335,1.364029993719141,1.3730661806098294,1.5429320880019355,1.9502969519666213,2.1103836886406544,1.3511503861915575,1.354605626316755,1.7053189319419246,1.309955231599354,1.456978657566179,1.2109080015216969,1.5334372610532119,1.7268237121328445,1.80142916229936
2024-07-05,1.594207934508137,1.5247443357170496,1.984430205786265,1.5642207308266207,1.3659888430373306,1.374099927123874,1.544463090665076,1.957891024896469,2.117862647688651,1.3518793751945302,1.356503294904149,1.7074800590286505,1.3115746019715013,1.4592795986010987,1.2130800505791948,1.5361078881894032,1.7294120663992059,1.800987998392007
2024-07-08,1.5890588997722506,1.5195792901435634,1.9796225982352949,1.5595166129967704,1.3637623821807552,1.3703130091714375,1.540088104053174,1.953779530474265,2.116633770059137,1.3491708987338207,1.3508309126436047,1.7071170490213545,1.3101648548255589,1.455916956351651,1.2074388327360663,1.5327531434545314,1.7294074850432362,1.8031740081992556
2024-07-09,1.589008821017043,1.5163199473706688,1.9781047461854537,1.5573573252969704,1.3609350078006355,1.3693042502022996,1.5395057409939694,1.9523409057556285,2.1160633837499767,1.3466489252746288,1.3486362218888621,1.7028825145454722,1.306686983692771,1.450498205428781,1.2035006784469935,1.5298172597419981,1.7256962940163887,1.7997391876702507
2024-07-10,1.6016240934202843,1.5307474497650508,1.9923024069283908,1.5699456718761544,1.3702362444569114,1.381273856252316,1.5532035156764874,1.9666488796960293,2.132478932497461,1.3611299153997967,1.3632007671377668,1.7161709451256462,1.3170440728430595,1.4587372810311392,1.2151347979511888,1.5435969691158349,1.738386901181693,1.814754809795963
2024-07-11,1.5990593390317906,1.5268370400620206,1.9970203482571196,1.5660213555023448,1.3662958566218144,1.371716388838272,1.5427019696481257,1.9711056718174678,2.1281133478568384,1.359606792245194,1.3651121931643935,1.7313240374282464,1.3119029715279957,1.4544131348693865,1.2074190235238667,1.5330709276885317,1.752922892098917,1.832239421298945
2024-07-12,1.6060601331696303,1.5346855853543433,2.0078042932311346,1.5737679652539664,1.3734297095033048,1.3789467911112967,1.550842450330077,1.9829703182230454,2.140791438357448,1.363235568991985,1.3682271219840865,1.7431250984315703,1.3155935969669188,1.4594481042254042,1.2098708456658769,1.5369168079733853,1.7650724289388016,1.845926885097518
2024-07-15,1.6116504738404391,1.5377953939748128,2.012374777790546,1.5785248602252695,1.3820807724909348,1.3906850418180354,1.560629050621894,1.9870517752741441,2.146370330702637,1.371979591413209,1.3768326661196917,1.7441954306243022,1.3252792750230544,1.472479516218516,1.2283092414532737,1.551834373765496,1.7664725207516003,1.8479541300258209
2024-07-16,1.6259607333727115,1.5530179525567538,2.0337995411803873,1.592471815265561,1.3936207394017435,1.4060398541804955,1.5757629834294204,2.008743118111673,2.166354915204129,1.3891753930676587,1.392890534359986,1.7688572954016972,1.3423035000689552,1.4806515859077423,1.2452522603435772,1.5704898215504506,1.7913060119470863,1.8761464699721888
2024-07-17,1.6384997148168472,1.5657381091016807,2.039499047501072,1.6044938830500488,1.407705142726321,1.4290093461598186,1.5982066720539017,2.015112383993697,2.1433116521014295,1.3994500549688536,1.4066208657017494,1.7702780116555727,1.3524067400885724,1.4984177888083556,1.2613325158810156,1.5841091007198171,1.7916471757032533,1.866364968508125
2024-07-18,1.6236584921457748,1.551777296250018,2.0186272103539755,1.5896924817071196,1.3961109152746294,1.4159130869250975,1.584783999514913,1.994894397974629,2.1222315542174948,1.3906470553724612,1.3973839589861317,1.7563224915860267,1.3410849587498446,1.4885450230321795,1.2502126517193772,1.5700299358593879,1.77717331066891,1.8516793144783912
2024-07-19,1.6134163170111435,1.5407297204920358,2.0105777661109374,1.5793345442620224,1.3844730184938436,1.397292282098386,1.5665326265444326,1.9869710563535574,2.1084958578596495,1.3803626814283294,1.3861032859624578,1.7456702773211237,1.3316256842654748,1.4786234114260446,1.239590485538583,1.5551648772689715,1.7656397253725926,1.8393694418987654
2024-07-22,1.6141196513726555,1.5397999466038141,2.0177607352234066,1.580432269614459,1.3825347798253693,1.3893659326458885,1.5607258526667818,1.9919399451164284,2.126262209420964,1.3828519755700464,1.3899619748959369,1.7566633631897728,1.3328532582440016,1.4797924884142653,1.237536756456787,1.5565311702365365,1.7770990533585835,1.8555377703851736
2024-07-23,1.611458836142718,1.5378108413308227,2.0133450777455657,1.5784384091929904,1.385885930867417,1.3899727611695423,1.5596098034415709,1.988709263389836,2.1215343881381594,1.3702073423817556,1.3708431805674752,1.749628047173595,1.3195132064621324,1.4696066696005106,1.214057547314711,1.536762082667525,1.769735586407061,1.84847180598347
2024-07-24,1.6072013723262661,1.5348161781831648,2.0014656601427148,1.5732234488517405,1.382601020208832,1.3879130764638454,1.5587075106735055,1.9778536832001294,2.0861085185508395,1.3655558796304312,1.3664375451890736,1.7358230071289356,1.3191960303068802,1.4632121299240137,1.2154548770445983,1.5368852341731791,1.7547272454476102,1.8258735185066417
2024-07-25,1.6055127905743516,1.5315858568674536,2.0013997546443067,1.5709430245812381,1.3844062172326348,1.3845012827912357,1.5561213267901495,1.9781367228395625,2.0827362936557994,1.3710733734088714,1.3669789102514038,1.7370226767611932,1.3126796212675926,1.4735182995950473,1.1961556870558683,1.525863285948577,1.7539681730316712,1.8234438107239186
2024-07-26,1.6197069897041803,1.545590724042862,2.0221488841213393,1.5857319145644007,1.396157622679879,1.395654276613683,1.5689435827290348,1.9983873876458857,2.1067715767423514,1.3759440213376612,1.3684528858060783,1.7584467460035047,1.3135661722449599,1.4794804271856665,1.1922329921121688,1.5250560018105055,1.7750927462365624,1.846251097797018
2024-07-29,1.6221113442902613,1.549232559416232,2.0253728894596406,1.5875347339925212,1.4022611956708257,1.4004012057549446,1.5731212468875397,2.002420119958065,2.1063863145406554,1.380201065165781,1.3746675408907771,1.762514631815834,1.3190139483738352,1.4843142318601408,1.2001431354605312,1.531642854107494,1.779249880495975,1.8493368038796025
2024-07-30,1.6180604367865574,1.5423167689475026,2.026644868999272,1.5847545729092352,1.395857484645591,1.3935492660770876,1.5678497886254152,2.002345251456903,2.097589171660553,1.3785176970033644,1.379752365327169,1.7691509941457082,1.3093157476320707,1.4723630518834514,1.1843916756021375,1.51804018513731,1.785262304967396,1.85399522527651
2024-07-31,1.6272862412545803,1.549632776294027,2.0375299025565816,1.5926402989579762,1.4075148946944747,1.4027304917913446,1.578104860792499,2.0145667633259596,2.1271155261353942,1.3855564668761846,1.3869539261156094,1.773449550756184,1.3143352879312638,1.4751618952151784,1.192137703379615,1.524275544400354,1.7900840166190117,1.8653235812911828
2024-08-01,1.626404320076105,1.5476129693797749,2.0335419537310035,1.5918902075210106,1.4060519608998396,1.4025299591466605,1.5783414170043188,2.0118308008325396,2.0977874639414216,1.3810306823548533,1.3874582890518832,1.766973186163213,1.3185526661982194,1.4676385982138478,1.1972997286082636,1.5256544541941788,1.7837308406628958,1.8452712289349837
2024-08-02,1.6237903062509027,1.5467525149548655,2.013293357097165,1.5857348362798254,1.4145004734431394,1.4095657674865678,1.5825461563290506,1.993305041418985,2.0497653740298314,1.3779459355474803,1.3884639812261974,1.7502139409663473,1.3218259198006317,1.477899679183283,1.2060268721826395,1.5270186619831678,1.765147433783,1.812499389639006
2024-08-05,1.584482355431698,1.5086362622970686,1.9643859202739682,1.5479217375505627,1.3818639242634043,1.3728954429417728,1.541208922040388,1.9452904860612852,2.0003526766952877,1.350021474727468,1.3604106244779914,1.7105826404292397,1.296635124816279,1.4483036462495447,1.1779581993776411,1.492335728252654,1.7257251169352243,1.7707436031631307
2024-08-06,1.5918146769406902,1.5133280180897626,1.9777033767035588,1.5540023495936983,1.386989045845801,1.376822582510511,1.5452699342426,1.9586622576197878,2.02035988297142,1.3602144084959715,1.37199508251169,1.7274104365023337,1.3065893724955424,1.4583790387174287,1.188651786493986,1.5031487688735663,1.742961027320027,1.7907976372283108
2024-08-07,1.5898860642053712,1.5121579878771823,1.9700212924260128,1.5496972501286626,1.387561079423056,1.3765324976819964,1.5445830758419383,1.9497122231514423,2.002024707040722,1.3633234708775217,1.373447520098277,1.7196189721251378,1.3063547546228467,1.4621175512380578,1.1930747398703605,1.501795669435357,1.735669105790264,1.777504043814067
2024-08-08,1.6135697460656746,1.53393178811185,2.003365033706897,1.5718801805243516,1.4048952853251022,1.3936517908403827,1.5653245002489558,1.9834313176753535,2.0512761037601237,1.380041286214566,1.3839792328709248,1.7453848087234727,1.3179559380245707,1.4711095626667383,1.2017746221467316,1.5171598348148663,1.76249192165155,1.8117230404447662
2024-08-09,1.6162282306967415,1.5362795280454424,2.007485899591573,1.5751935711691034,1.4099990968241911,1.3977347679268974,1.5701886102783111,1.987382610629981,2.057612436313924,1.3818464356551072,1.3858595520415717,1.7475596452329596,1.3208827141085235,1.4737078773311305,1.2067952934243116,1.523454216397229,1.7646182157513954,1.8146912253259082
2024-08-12,1.6167152854299074,1.5354851848933126,2.00209339396779,1.5722546683760446,1.4112498415586094,1.3978630850747247,1.5706114161153002,1.9818207991770185,2.053007187111718,1.3818846118946235,1.3871262075455844,1.7404223315058234,1.3215168942007096,1.4724408900879438,1.2121008226489978,1.5287250567162973,1.7579177628877132,1.8075119280043994
2024-08-13,1.627147602469865,1.5442078670113697,2.0201532911279183,1.5810348223510273,1.417748634341147,1.4037458480166067,1.577483381831485,1.9996456739257584,2.0828557330013324,1.3832925748747487,1.3868644085631021,1.7549949892683292,1.3282551118173025,1.4714260204105067,1.2201958941156814,1.5360383914030376,1.7721321067314648,1.8281862498889263
2024-08-14,1.6370816382644755,1.5543553014010967,2.031160480427398,1.5942343577322415,1.4280916474235286,1.4173443014658471,1.5927102399344988,2.010545799662523,2.094497219180138,1.3904781014969136,1.391885493322246,1.7625877490682584,1.337397883646818,1.4750927859611493,1.2329868249354163,1.5512843103994305,1.7788963563018831,1.8342197935244873
2024-08-15,1.659148556354765,1.5767097227739146,2.0543680516725242,1.6129602086825627,1.4398836052685295,1.4333856736586894,1.6096092143713099,2.0333052291028966,2.1270548448283453,1.3983254097455227,1.399112118045629,1.7792454179864878,1.3437917041104257,1.48399483584973,1.2376548081253305,1.5578771364152793,1.796757232265025,1.8584367020717067
2024-08-16,1.6670705213199424,1.5838781360918137,2.0599083779948306,1.6198549647016383,1.4457745030637619,1.4398697018066475,1.6161544863370827,2.038442254013115,2.1295663652690835,1.4069561065125964,1.4067941973977305,1.7852785916878693,1.3521297970893662,1.4925709015273494,1.2464514268040545,1.568204408772624,1.8027456715860475,1.863480762727682
2024-08-19,1.6767964974400207,1.5918284354711796,2.073060451246601,1.6285594750552566,1.4509053890291654,1.447331470660782,1.6246235340790196,2.0519281132155105,2.1469232747333624,1.4139012117702827,1.4143913444682485,1.7962643863465186,1.3577816970352656,1.4987172789908085,1.2502263294938518,1.5752087859056947,1.8139744727710814,1.8772155303828086
2024-08-20,1.6745672067925574,1.5923922052810973,2.072721155640478,1.6289494672390874,1.450780697166506,1.4465428231246444,1.6242417160546905,2.051193489292032,2.1443230100960897,1.4158040505086982,1.4164435501041546,1.792996818233749,1.3575126809187166,1.4991876225650385,1.25037069638432,1.5755045731009882,1.8113919673525332,1.8703791896251734
2024-08-21,1.6818677764854741,1.5991783425367674,2.080705729599805,1.6317927801070073,1.4545237121204675,1.4479965308939728,1.626790713687419,2.058292916906667,2.1522415971828806,1.4209486302942824,1.4208233222877173,1.8045096004306322,1.3655399590622297,1.5069334531339682,1.258125544852027,1.585215842676834,1.8240164749818115,1.8840582555297425
2024-08-22,1.6814213269882057,1.5983832575940147,2.0775031110130806,1.630865975940887,1.4518250886423079,1.4453755162826198,1.6244097919322578,2.0555580751157243,2.1390495706399926,1.4211343325873917,1.4197633368712708,1.8025644965560208,1.3645708326131334,1.5034226811085578,1.2583471278462053,1.5843781700572865,1.8212215278779456,1.8777251966353297
2024-08-23,1.6936708131131846,1.606330476931168,2.0922391257653374,1.6414204228187388,1.4589264154721249,1.455575475501102,1.6342772838038928,2.069844831916357,2.1586378100877917,1.4261774279874897,1.4232209394945914,1.816064552736881,1.3697461835551823,1.5065380966634616,1.2627747421894495,1.5895319058127417,1.8346333651106121,1.8989468790004636
2024-08-26,1.6985388588608707,1.611975117809595,2.097831092082746,1.648071583836876,1.4671070559514934,1.460579120290592,1.6401435342062383,2.0760706738966754,2.1556897258354315,1.4292116828747092,1.427684288876615,1.8189421310199356,1.3747205305234003,1.513510262774658,1.2712343339133696,1.5974401390364554,1.8373636004741312,1.8978430541854936
2024-08-27,1.7032307068682329,1.6179583415472831,2.1040827106660016,1.6531319725360083,1.4747992533834084,1.4662873401732084,1.6467867423896798,2.082509236734582,2.160935759246506,1.4309090696143312,1.4274968755765396,1.8212501393245308,1.3752194279041505,1.5149168167697096,1.2699900917601543,1.5983903284052,1.8394827973133736,1.898614147424968
2024-08-28,1.700648322921163,1.6165564899894067,2.0990754480792297,1.6518209576186769,1.4715558508770106,1.4674016925850024,1.6473991174888998,2.077938933781841,2.150943746641954,1.4346896883968483,1.4325979599258087,1.8198989002001404,1.3765024181016337,1.5186334042083456,1.271183450104366,1.6019185999983747,1.8377634107418657,1.8923008937508203
2024-08-29,1.7052202463083745,1.6236289505294883,2.1054876093416075,1.658549064717603,1.4742397523371682,1.470254483714229,1.6510262084297023,2.0853797906397014,2.158351562838152,1.428854403059468,1.4291785050998311,1.824612255164267,1.3744896552939287,1.5143507203097708,1.2717662495534974,1.6022307209424531,1.8425442013497475,1.8979320772340718
2024-08-30,1.715069904092458,1.6338599040173742,2.120828115075639,1.66912178547602,1.483974149114933,1.480036010052926,1.6618693160263456,2.1005448111509097,2.1797750183042304,1.439414107053695,1.4406265911102345,1.8390354832890046,1.3851430655509902,1.522907094783368,1.281642975971114,1.6140177154283724,1.8568640653083024,1.9144529605479241
2024-09-03,1.7034232885801202,1.6219044842233434,2.107395116017368,1.6596631501589403,1.4803170386514215,1.472677818066917,1.65306103877295,2.08623055954246,2.1424008108937,1.433960535064931,1.436602056898083,1.8247082911238246,1.3799372006052653,1.521702866929104,1.2765287154080045,1.6076313571614058,1.842403813289854,1.887386959918953
2024-09-04,1.7048659449100185,1.6243278852821534,2.109972287619451,1.6612660774870387,1.4804424752752567,1.4732337420776047,1.6533041712141832,2.088362868911659,2.1457306034884094,1.4356258093535141,1.437170764145627,1.8239443627207252,1.3778649242992815,1.520348986324222,1.27035966152816,1.6028021857929464,1.8420471379034784,1.8847491643193905
2024-09-05,1.689749753369287,1.6077221056473956,2.093914627800637,1.6462869003579153,1.467346180653616,1.4579278135186087,1.6368937090779412,2.0721685280933606,2.133264522387708,1.4214976940378032,1.4224565304119963,1.810060180024415,1.3677555273652775,1.5141401296663348,1.2686754434114913,1.5943343185266388,1.829056879179664,1.8723743389792145
2024-09-06,1.672230611058799,1.5915348207255553,2.0750595062382664,1.6317497900905593,1.455911878758392,1.4454468084499563,1.623133621239607,2.0544505956790142,2.103880692445984,1.4118332683729908,1.4126720469768477,1.7933743041300885,1.358680389811732,1.506967705403486,1.2638533234535927,1.5844204398658945,1.8122319177416875,1.8505887915182682
2024-09-09,1.6858957252495745,1.6027470966173019,2.0995045561140753,1.6471052878802268,1.471742477078716,1.4549452331882131,1.635252337292363,2.0783821965488656,2.1309961641428705,1.4212432935730839,1.422203420060259,1.811210473708911,1.3673384701156106,1.51958349550554,1.2706501638842236,1.5947169863779969,1.830192638054887,1.870455347705428
2024-09-10,1.688151069190698,1.6065761834392787,2.1034964122039335,1.6493951651669179,1.472951437906833,1.4555208535675856,1.6364230039881398,2.0826649395905825,2.139512710613261,1.4176372080334514,1.4153101582095455,1.811993900419307,1.3659549561801287,1.5124364190888622,1.265268081815364,1.589800316066618,1.8308032312180926,1.8713386597731279
2024-09-11,1.6855917322278102,1.6026470444554375,2.101879985070802,1.6443116989329598,1.4677713272832642,1.445938662160546,1.6271785255750943,2.0792854758797685,2.148991957562996,1.414910028891927,1.4113443148740101,1.8082189953059955,1.3574575211768523,1.5087601886888635,1.255204928771528,1.5774106510389179,1.8269580324483565,1.8746207297662643
2024-09-12,1.694299056549009,1.6126873280240668,2.112171504210859,1.652625577835906,1.4776097530186303,1.453396427595747,1.6351422024804825,2.0886676871441767,2.1601423145311927,1.4210533662066975,1.4178671744273812,1.8182829028661465,1.3614420842173418,1.5138202591019847,1.2565344280270596,1.5797168392257646,1.8372636353831524,1.8846487608371867
2024-09-13,1.7049355213769761,1.6189002273790343,2.1229992472558146,1.6621251332691425,1.4872819639485977,1.4665924851736243,1.6483173813149292,2.0990303790206712,2.1733345996286757,1.4276701905732279,1.423924112776976,1.8301445138227461,1.3670333091332127,1.517445494685869,1.264256755885629,1.5861828120430952,1.848989628142299,1.9006354022715521
2024-09-16,1.7174481539973026,1.6312122785863603,2.138023976213387,1.675829329974135,1.498852627521529,1.479610834785585,1.6622084944208746,2.1132055130750342,2.185459861768246,1.4365213352425563,1.4327283087903904,1.8420497649454608,1.3744557771322223,1.527476228963708,1.2701681054137322,1.5931917803030415,1.8615736676195367,1.9129493853300814
2024-09-17,1.7085644471695718,1.6232694248137112,2.1287105680855563,1.6693111169072428,1.487885288677518,1.4737067856549748,1.6544403542250525,2.102463121287179,2.180069779519294,1.430311090092364,1.4276490276727734,1.838190381467888,1.3716194241912234,1.5214695492067203,1.2709690221121654,1.5911110581242156,1.8580978811857063,1.915192267045609
2024-09-18,1.7023690594402776,1.6156092835368032,2.118587225313178,1.6607831059103377,1.4777206309432958,1.4662508126828449,1.6457730575508869,2.092256822413583,2.1716909563316484,1.4185859049988783,1.4160667869030115,1.8308076823503896,1.3603750898119849,1.5068356873674285,1.2621614222689688,1.5806342450172581,1.8504212976794994,1.9100571101625554
2024-09-19,1.707963904736448,1.6194881508448673,2.132238645713616,1.664539018871302,1.4762431489108045,1.4620117830165886,1.6414295847893865,2.1035086132592973,2.20029157616137,1.422815272504529,1.4199275132827627,1.8433277622000728,1.3624476227492401,1.5142558995255704,1.2625162687510638,1.582611680611299,1.8631155238822403,1.932120720443753
2024-09-20,1.7132236246633996,1.6227196708797706,2.1327393655398192,1.6683403691063305,1.481288793675219,1.4654594580687512,1.6447110434267704,2.104320061690243,2.198268882215075,1.4296127295965588,1.425144403857882,1.8396337661718258,1.3678077190168183,1.5191521281739835,1.2742379295936075,1.5905449693667852,1.8593509352133943,1.9269607299061733
2024-09-23,1.7161398644785715,1.6259906237736852,2.1377592583793628,1.6725304910148902,1.4829521535414545,1.4690302422456878,1.6484158990054036,2.1095257842701587,2.203054217578865,1.4390301970331483,1.4340751326869587,1.848851895981598,1.3764919419636554,1.5279999726133664,1.2839301981200242,1.6013277679497413,1.8685721061280323,1.9358448509301573
2024-09-24,1.712326000840036,1.6227937961815815,2.133391946224204,1.6694262956266956,1.4740108068421498,1.4650290195050504,1.643871511837894,2.1049009128110083,2.203943777423613,1.4364575021821437,1.4320752153829293,1.8479962333888469,1.372793163264862,1.5255371115825134,1.2819120256279841,1.5991531226119644,1.8684994847903214,1.937287903326317
2024-09-25,1.710053023409719,1.622009524875115,2.1247266666657505,1.665497760214195,1.470097579054501,1.4648017924305534,1.6429110655976569,2.097622678177184,2.194878399440569,1.4311800864206532,1.4281047899224908,1.8389057536769566,1.36818290581468,1.5212204342091966,1.2754405161242033,1.5927720042832594,1.8590567256997677,1.9261259500866006
2024-09-26,1.7099471405865616,1.620944158595778,2.128963978796047,1.6660400037678447,1.4652366980008846,1.4638368065653808,1.6409058488397006,2.1013122796211112,2.204692509840503,1.4355316275553116,1.4326460085575385,1.8471536486864402,1.3740964167559524,1.5271425875899565,1.2892073456352786,1.5997357516643769,1.8677938603335589,1.9392075978840781
2024-09-27,1.7151306347922934,1.6252535835894348,2.133361521006374,1.67163506991007,1.4713061713481514,1.4676744002003899,1.6452834883726306,2.104867623137175,2.2050277091727994,1.4392212405393427,1.437759747591388,1.853708309625916,1.3742873084257343,1.5322287251582063,1.2872435842941963,1.5978929047683028,1.8743000250173045,1.9455377229552882
2024-09-30,1.7244434018847543,1.6334660010057904,2.1420489586048217,1.6800251400670245,1.479292543455733,1.4776983047536483,1.655376852020619,2.1124805030707208,2.2122810720751453,1.443880017277063,1.4415963088313433,1.8593819462393555,1.3810134826978036,1.5349831758121801,1.2937064823355153,1.6052854460326262,1.8800010742476767,1.949319812257816
2024-10-01,1.730371824710081,1.6375488277771664,2.1389754525454605,1.683297071458752,1.4859174337307945,1.48250862534993,1.6606532110334304,2.1090804170628927,2.2004249446742588,1.4494624469538806,1.4472997825111968,1.855171185054217,1.3818602190800398,1.5389176675030531,1.2920132163313864,1.605336521106071,1.8758973261513734,1.9387754797878816
2024-10-02,1.7277391769277546,1.6338684613353853,2.1363454722745123,1.681778739633445,1.4825785552161588,1.4815139979142755,1.6589009404365895,2.105800120147409,2.200957099867795,1.4426354884039327,1.4426836070299376,1.8508767659226122,1.3756858411134039,1.5331855789182183,1.2845290399553422,1.5975371866676387,1.8717230995280039,1.9364766283164998
2024-10-03,1.7213749138417493,1.626818780487153,2.123383103250385,1.673639660786727,1.476452361186081,1.4765923164695292,1.653386705557069,2.092946184075364,2.189518099461147,1.4382084487163551,1.4372763472923225,1.8401026512729384,1.3701741703588899,1.5297744697789661,1.282763874594245,1.5928659144534025,1.860992872733793,1.9272238930569643
2024-10-04,1.7285449352855597,1.6335402010074913,2.1352650186596525,1.6802039378763072,1.4791438410403612,1.479562561061092,1.657088375619824,2.1037464700358326,2.2077472428021765,1.444379739189827,1.4426141289033771,1.849874707729241,1.3734004988395387,1.5346381423932307,1.2866419987747606,1.5987748552171097,1.8711492114077968,1.9410496749425619
2024-10-07,1.7143273762880087,1.6203677782109671,2.114858615081761,1.6645580905660053,1.4647243586823062,1.4678065836621188,1.6434911697620844,2.0823050009787227,2.1867737502082605,1.4356059832124057,1.434363800333991,1.8330880421269988,1.3636550372764669,1.519534074980166,1.2790265104034277,1.5876898740403693,1.853769601763557,1.9252725335168992
2024-10-08,1.7235737290359074,1.6295188415925315,2.1272262499500907,1.674960317420783,1.4708829690936949,1.478692338895933,1.6545448247368326,2.0957063249917534,2.2023693392306116,1.4397990942203074,1.4356755119381492,1.841900518718942,1.3695399405787256,1.523198308535074,1.286661006710532,1.5959152500212839,1.8628151592416151,1.9329653690887072
2024-10-09,1.735674119248869,1.6427903089130025,2.1443478947514176,1.6874952732543522,1.4803351139758383,1.4903863985020194,1.667707080539372,2.112916057664187,2.2221105689070106,1.4479448993587056,1.4443242413977921,1.8533017318556648,1.3761323154708494,1.528159179145059,1.2887540444362837,1.6029738585614404,1.8747107287638067,1.9462066873504074
2024-10-10,1.7308051932549453,1.6379387186643655,2.1355958117052336,1.682503521613232,1.475663118930247,1.4868090666069285,1.6636891052235212,2.1039328285430168,2.213922161568372,1.4464493617161946,1.4428211805180453,1.8457596410798653,1.3724113405533203,1.5213494606139877,1.2826887000425058,1.598007631481299,1.867244129955959,1.938666938476011
2024-10-11,1.743898705280465,1.647204529740997,2.154475705943605,1.6958716924988804,1.4821786910830899,1.497093236787429,1.673923293227949,2.1218277659271987,2.2344778564866226,1.4558664998920179,1.4547972140508139,1.862042411722184,1.3823833842104472,1.5294011484252057,1.288706575749743,1.6081655796791765,1.8840600181365543,1.9582888060228698
2024-10-14,1.7561553127290785,1.6570874335353099,2.167850341950702,1.7072831837638072,1.496600476342833,1.5123736166105808,1.6900572176917736,2.1352893409893916,2.2491046509726296,1.466255229382567,1.4621113376993735,1.8743448266873042,1.3914613703955125,1.5368569528583609,1.3007364042207203,1.6195988953840834,1.8969615500073822,1.9720293069875159
2024-10-15,1.75449992260387,1.6530268220410953,2.164848179346837,1.7065559818359974,1.4912175538991679,1.5074992221872126,1.6825876023133115,2.130349674990511,2.229624672804384,1.464292361510874,1.460603824572007,1.8722550208726647,1.3936940841685972,1.5362874374142288,1.3048191171589274,1.6217836458341237,1.895561147008185,1.9631634240545188
2024-10-16,1.76157529991411,1.6619264834328145,2.1790071388138426,1.7116376568299543,1.4964942520210067,1.5034912483473302,1.6815774446002414,2.142823614795866,2.2420450596253994,1.471673821730599,1.4649705691005324,1.8822978671791168,1.3984472208456742,1.542319193917382,1.309686080238023,1.6280205866840063,1.9062264879863622,1.975639038925585
2024-10-17,1.7551771280746222,1.6556500275215162,2.1732045202285324,1.7077130292137852,1.4943259568227656,1.4980785204163323,1.6738489765258746,2.136977754631095,2.2381801485354718,1.46852564870924,1.4621325663906868,1.8778519265276887,1.3974188874484095,1.5420033449682182,1.3057652752825177,1.6271587676612764,1.9019869438215125,1.9714515434201167
2024-10-18,1.7605426810787992,1.6604182406946553,2.1809992264031486,1.7175440131219877,1.4928965101556049,1.503317723511315,1.6795609894951444,2.1437281254692206,2.2465652595562453,1.4709378116322376,1.463309061563321,1.8828328291563778,1.400899439537363,1.5414338422939733,1.3048378645920264,1.6292316794972248,1.9069376757064893,1.976646282180083
2024-10-21,1.7512704515826683,1.651858436870761,2.164275824481311,1.7104834190641278,1.4841586563209475,1.4993165434997135,1.6742302246206928,2.1278183348260464,2.23215409447001,1.466412501262197,1.4575998446031069,1.8692078065283324,1.397901385285805,1.538595070625781,1.3059091240708904,1.6285928264390033,1.8932504514741701,1.9606501107033687
2024-10-22,1.7470931273758057,1.6497609463476361,2.1593014946050286,1.7047066598707663,1.4815482327202973,1.5003161940670435,1.6740173813284651,2.1219037079254015,2.226699179459395,1.4698514400526481,1.4581838633162525,1.8626072423466464,1.401406416492846,1.5445621707366548,1.3161243111734724,1.634038888272313,1.8862118974415734,1.9514124089098492
2024-10-23,1.7397688984915947,1.6431254357648588,2.152920958975806,1.697339280709958,1.480026284387462,1.4950895516385851,1.6679079936855483,2.1120867679162254,2.214085792697766,1.462790990831178,1.449858122556188,1.8582608431740808,1.3999847546274524,1.5413875983625436,1.3121757882542033,1.6271587838709436,1.8827605247205244,1.9456218554121594
2024-10-24,1.7337257470853267,1.6348614791522487,2.1464244481147445,1.6946541180801264,1.4764775341950553,1.4929975483090865,1.6626904003714336,2.1054920549176157,2.2170598439931655,1.4669112512265738,1.4563825489496074,1.855678443556044,1.4010083957262314,1.5432064153399951,1.3189018897296332,1.630042336407552,1.8802922487442761,1.946023575959694
2024-10-25,1.7213768003582097,1.6262117194285053,2.1307355940204906,1.683588078589825,1.464957285665335,1.4851208152221416,1.6541948902070598,2.091074321175729,2.208113558610547,1.4570002742444368,1.4479553174694277,1.8446563794195672,1.3885121525814077,1.530136278871983,1.3035895584516874,1.6145788993926256,1.8697681279934988,1.9377912721870998
2024-10-28,1.721640226729587,1.6246857598965534,2.134263548387951,1.682811520402288,1.4645048789419473,1.4823897588582087,1.6507689287016307,2.0936601738366925,2.21142290091779,1.4580112738644722,1.4468847844096047,1.8501018335784274,1.3927444080195694,1.5312729675242813,1.3030450216136524,1.6143906669987205,1.8760637164071232,1.9460189944997122
2024-10-29,1.7122284898742415,1.6170716152987157,2.124824956755095,1.6719818419702148,1.4563481676029812,1.4736467401272086,1.6414145761406596,2.0838451134316553,2.2114483925250092,1.4552415408281376,1.4419736156924794,1.8419989896934412,1.388111859019389,1.5298272454537731,1.2993334265242307,1.6131403578381847,1.868651676512804,1.9392959005950738
2024-10-30,1.7051083258911122,1.6106916367976682,2.1202421744266617,1.6653669210207156,1.4524300521461253,1.4685249297031595,1.6362143962908295,2.0792825188448805,2.200553255867768,1.4539088188281852,1.4435364768791392,1.8415255956982493,1.380842879518319,1.5286867191252558,1.2961463560272848,1.607486983290421,1.8687252593403942,1.9358289082928624
2024-10-31,1.6975886640546354,1.602521624246416,2.105678145419645,1.6543590231182868,1.4419449586692845,1.4574235074396302,1.6260824054215024,2.064510681084995,2.1767442507237615,1.4438485235794076,1.4381886607562908,1.8271600330873068,1.3763053919170314,1.5214413739037635,1.30644071009638,1.6168260434736497,1.8533463102696006,1.9140759125367472
2024-11-01,1.697993145245836,1.605630908048411,2.1110561486112447,1.6545897517483235,1.4392687068773915,1.453734654515806,1.622444895107778,2.068703473374557,2.186290342642422,1.4447984426343172,1.4424620870012026,1.8275123805870592,1.3775919633348017,1.5227999782632746,1.3035817211979872,1.613967416410269,1.8541334857981773,1.9155139104671683
2024-11-04,1.694297615928151,1.6022787079964413,2.10605251689504,1.6534250529223644,1.4385769466492506,1.4520276223277564,1.6216140716793308,2.064943235889794,2.1799957223429582,1.4456370958440656,1.4449114284062192,1.8285209485725804,1.3755421072329637,1.517286949103721,1.305516566947789,1.6141583837101248,1.8555218198070402,1.9164252122462027
2024-11-05,1.7074596026878046,1.6138454313476536,2.123155866938926,1.6647616928195832,1.4477753659071682,1.4624104236764368,1.6329319000450924,2.081269892313523,2.202357005221561,1.4567635322273176,1.456704862629788,1.8468281083734404,1.380507979330432,1.5221461052209084,1.3047664657580686,1.6163330183498252,1.8737932269978372,1.9392373070747475
2024-11-06,1.7290503047318375,1.6350137307256423,2.156168964494993,1.6805606958202426,1.4535340940610415,1.4734736879375234,1.6442298593917763,2.1094557354245453,2.25159594822871,1.472456396559399,1.4705223798031433,1.876470147140411,1.3929361860138896,1.5219296580256678,1.3123668942264874,1.6315663960357625,1.9068954965226226,1.98206010366524
2024-11-07,1.7266997588765567,1.6351843824475507,2.15605014513656,1.6790153460873156,1.4545013288756155,1.4775031678142956,1.648000714527185,2.110712675255002,2.25922290268824,1.477455677354621,1.480466058914794,1.8775519921921768,1.3984504320880573,1.52528589835862,1.3156123757024434,1.6376056560743482,1.9083054732803948,1.9837540083379417
2024-11-08,1.7395215266799544,1.6445955139010533,2.170636834895901,1.6915810697083948,1.4626496277999073,1.4879845921365549,1.6593734888316594,2.1253035909471847,2.2695295302554737,1.4881595466535373,1.4888615045137623,1.8926897599594474,1.406890729564334,1.5323130283132114,1.3279927421254316,1.6539286256026233,1.9245947155176768,1.9960574243493603
2024-11-11,1.744932540991449,1.6496883967727975,2.1754715046960857,1.6990208535590325,1.4612799650242265,1.48673749329441,1.656180505326333,2.128946894700132,2.2780803235626865,1.4894284440379708,1.4893969594331773,1.8999138275326475,1.410687703951169,1.5354957671343388,1.3287407660674253,1.6590022477644892,1.9327845583589154,2.0047100692212303
2024-11-12,1.7410261601796777,1.6483151934438847,2.1655565304814632,1.6985917199218294,1.461630106999514,1.4885730690069072,1.657413351386313,2.1180217840446454,2.2627169377628626,1.4861292134962107,1.4847914285332948,1.8922652562320055,1.4092428708845999,1.5315405104482447,1.3247201825809967,1.6573821062564995,1.9250787313525985,1.9918679197917104
2024-11-13,1.7404098412812856,1.6480212988927536,2.168947910881935,1.699692600085065,1.4601202710525252,1.4888151195200137,1.656837897697264,2.121986841259912,2.262688395983261,1.4870253978028445,1.4864641251631672,1.8944694141911822,1.407607701788803,1.5311304207587455,1.3233693062237015,1.654758758665382,1.9270608507926645,1.9926516782849333
2024-11-14,1.7283080528341046,1.6387246797765784,2.1532464352015483,1.692173923129165,1.4505017559158118,1.4879602804789063,1.6545418070560787,2.1051778259669205,2.248021234833008,1.4727940524491763,1.474017614833817,1.8763695526885755,1.397973364102611,1.5201041558463995,1.3159352833914153,1.6447696887742849,1.9079465532663957,1.9766385008657312
2024-11-15,1.719702545141897,1.6306881946518654,2.1375094860588297,1.683108344982006,1.437996041882206,1.4786209399117107,1.6418206112723581,2.088916820224988,2.2253190949382855,1.4637044361469933,1.4622361132618094,1.8627653309568029,1.385363392434362,1.5087902862918812,1.302201159718907,1.6286154597564975,1.8946074975742209,1.9616376027209441
2024-11-18,1.7282137120208378,1.639660563176646,2.1447423663723066,1.6940162958947156,1.4501041914571577,1.4933704433371298,1.6573724631867306,2.0946867021358293,2.233044929008862,1.4774357931781896,1.4777091966382894,1.8708984693381359,1.3976382823838804,1.5251909942322666,1.3147196374932881,1.6435511929696112,1.9030921952836886,1.9711900951131367
2024-11-19,1.720545807960484,1.6299246387815758,2.1375252663047855,1.6863361269890138,1.4463871776552746,1.481825900872599,1.6472953504251986,2.0868038582421375,2.2285481115255736,1.4723392065277852,1.4745451411038712,1.8652484554088746,1.3963759875158288,1.526385536585688,1.3158158540923246,1.6430330607126162,1.8976418925250909,1.9662101017641422
2024-11-20,1.7273281372385976,1.6351751830159864,2.1453277775420325,1.6924118681152585,1.4513789224464566,1.4895245155356802,1.6558185503683553,2.0950793193546984,2.2319124148039906,1.4809133652044104,1.4816629988021723,1.871372269566656,1.4018055989284526,1.5326998585829943,1.3182418707114452,1.648045839816935,1.9036679400654264,1.9713542028870754
2024-11-21,1.74239870670275,1.64946487424186,2.1690524552143646,1.7084320768265502,1.4634752073045512,1.5004990293177038,1.667877392915914,2.1171745040889793,2.2597138136769357,1.4934128086349332,1.4938536699813671,1.892155634903246,1.4112810242634508,1.540995404438643,1.325879276560341,1.6580626147132782,1.9246882875946445,1.9954090109690097
2024-11-22,1.7513182082929124,1.657930281880048,2.183306838473238,1.7176091347705267,1.470030615188482,1.496962055869847,1.6664824176680038,2.1304231104751614,2.274989458376262,1.49814358500615,1.4976760571545362,1.9051121393792232,1.4122984671325332,1.544581048787557,1.3225403614318,1.655894936902228,1.9382952540144611,2.0109000332964406
2024-11-25,1.7536491824295564,1.6614969109188769,2.1930497828148745,1.7155010364488497,1.4693105418787944,1.492080906073189,1.662647797730899,2.138555281856317,2.2856533864698356,1.4982982331847208,1.4986882682181684,1.9158744269013614,1.4088987816965726,1.5434391591383432,1.3189510803998852,1.6506383878408926,1.9491062535796095,2.0264170968963757
2024-11-26,1.7644746415547243,1.6741342547332463,2.201436199817542,1.7271104402843465,1.4837693642456637,1.5079278543089005,1.6789541580833942,2.145330908139837,2.289826241599592,1.5120175263333855,1.511444578694164,1.9219644803144595,1.422870888484948,1.5571874885959625,1.3316932103017405,1.6662265116104795,1.9557367277664828,2.0283038367890223
2024-11-27,1.766555698292657,1.6783314521624408,2.2032332156172907,1.7289143872175496,1.486931240738577,1.5102516815493046,1.681628437794521,2.147485452126101,2.2807126132834163,1.5120235028174729,1.5126456195398061,1.9237597958549473,1.422109858398651,1.5610276943186114,1.332841373814577,1.6649126728569266,1.9570717104986008,2.0255621228428864
2024-11-29,1.772851747716755,1.6832186622939098,2.211513397327025,1.7358926317290746,1.4913751936758821,1.516838895685296,1.688811042695975,2.1562311961200824,2.2936821568612684,1.5168294717374606,1.517027720568964,1.9281333704473016,1.4276676386137983,1.5670312986601949,1.3418993086734763,1.6745449694018726,1.961659922308025,2.031860103322851
2024-12-02,1.7651808036046044,1.6777550354547957,2.202240046041419,1.7292611398609496,1.489124946587789,1.5118332725911934,1.683895125836009,2.147568525396719,2.2925741673015807,1.5100753597405332,1.5109157798884916,1.9183056599331505,1.4218500686553432,1.5611835502632827,1.3338775144043702,1.6665153436542046,1.951495218020407,2.0247609227274372
2024-12-03,1.758105300612182,1.6688152804896617,2.1924571761425606,1.7194192679950975,1.4825709423151896,1.5059659991379626,1.6771369209884153,2.138115518099882,2.2858137401771925,1.505693267801371,1.5075651777180865,1.910524956520759,1.418199126051866,1.5572849039839418,1.3283282861662837,1.6613943868025556,1.9433179038694335,2.015781797463098
2024-12-04,1.7531559286929563,1.6628601889639505,2.189555126110892,1.715680709468307,1.4802405423007472,1.5042892611850789,1.6751697613537124,2.1347795725654524,2.291340743817791,1.5063763948747684,1.5063421937217458,1.9093758278027069,1.4209944874447218,1.5601338365999158,1.3312073743053923,1.663800087915186,1.9426782860287566,2.0155691369289643
2024-12-05,1.7491128453091795,1.6625373865220463,2.1809750382262245,1.7132196385695062,1.4793781680545428,1.4999943040652137,1.6708708972843593,2.12753145871882,2.278275134249163,1.503425961642939,1.501791646472036,1.9031741136191125,1.4199333285721993,1.5570680438464841,1.3302459016193282,1.6633432050874764,1.935694064552606,2.0059924381749052
2024-12-06,1.7420292554112213,1.6548528198855939,2.1798519970054597,1.704779961002937,1.4717473818974318,1.4874660781929678,1.6574649695706167,2.1249253328232727,2.2838196997424665,1.4923693302461598,1.488448457668684,1.8975046914763634,1.4078038632844911,1.548238933424739,1.3160425640329274,1.6469658977887607,1.9298160134787639,2.003423972842847
2024-12-09,1.7235942958109107,1.636755757271535,2.1563726574704476,1.6836483459940428,1.4548802231509907,1.4729572835624642,1.641086377681721,2.1039069148392664,2.2631652033353067,1.4853142313858472,1.4864958192172646,1.8846051744236731,1.4001528065950077,1.5444239341270742,1.3103229229114837,1.639508915600369,1.917252547935845,1.9915784275136217
2024-12-10,1.726875008290035,1.6423886938173657,2.1572690510848815,1.6875402101138381,1.460793570304218,1.4780371466212923,1.647034918907663,2.105331433083177,2.2556009047105023,1.4856445717940683,1.4871318401390352,1.8780901044115004,1.4024788470011802,1.5485461349399787,1.3092922635493245,1.6393266573161944,1.9113981461047378,1.9787824049038354
2024-12-11,1.7188244620938653,1.6344233519623745,2.152871191512519,1.6796620654719976,1.4539879543002436,1.4691103798587068,1.637117010809742,2.1006214037576196,2.263738630783519,1.4804610993571992,1.4780816107207,1.8733564774147289,1.3965047183134789,1.5377332826702532,1.30252380506446,1.6324259333220912,1.9061254898932911,1.9788017701182568
2024-12-12,1.7138141967841551,1.63002440049297,2.1457379814004813,1.6736683240452905,1.4531293961719696,1.460363861741562,1.6288877820268801,2.093211591545464,2.2500833890692413,1.4796425097989796,1.4749121072522744,1.8693378725435852,1.3922679649959462,1.5365091756581537,1.2962782155036112,1.62326699494006,1.9019708694503417,1.9715841560643255
2024-12-13,1.708811041293536,1.6245100171964746,2.142083296539694,1.6667441940286432,1.4517361533475728,1.4534440910633535,1.6219939934088703,2.088797998336877,2.250179170177287,1.4741595233632874,1.4693161075734098,1.862722556118913,1.3862892195013032,1.5328893164642736,1.2899892443404115,1.6165146827765222,1.8953237092502722,1.964546616703237
2024-12-16,1.698666114630965,1.6138332477852901,2.1334817084486435,1.6559550144952402,1.444871495672543,1.4399312047326844,1.6077519756529093,2.079909817982564,2.2499151344025003,1.4610222051877981,1.45519994068862,1.8536296070052896,1.3751833849001518,1.5203682095644826,1.2781056760434222,1.6035602236540119,1.8858340854117195,1.9573253365595202
2024-12-17,1.695129909041618,1.612704906179491,2.1286419811352215,1.6533050187980842,1.4438756007641567,1.4380914549998798,1.6064692803494292,2.0757284852468656,2.242067608212283,1.458780782467273,1.4532625978208056,1.843325128257574,1.373578167254262,1.5252145797539631,1.2772322085230536,1.6033345775324663,1.8757035585293886,1.9434012568090429
2024-12-18,1.66683942764498,1.5870211446728872,2.081724806843185,1.6258236874878602,1.4218510201573946,1.4190973575657644,1.585161019992567,2.029106809474787,2.180105371811391,1.4381197973225166,1.4381494724091637,1.7996945532505793,1.355045395666785,1.5090872584874404,1.2647853321381304,1.586140589378294,1.8322126697265408,1.8882361209547727
2024-12-19,1.6644282780699915,1.583804078485653,2.0749635681960017,1.6214083494961529,1.4149199421525323,1.4090348284982974,1.575205425525708,2.0220692173781094,2.1692175535537097,1.4286479995129073,1.4249703107735503,1.7942676157259365,1.349437175521033,1.5020477936391434,1.2585578898276433,1.5780531745576587,1.8270325244517427,1.881264773666285
2024-12-20,1.676275950894129,1.5921817934417846,2.093408619043758,1.6315495250741785,1.4215816046560419,1.414697286458649,1.5818682179362529,2.040216001462275,2.1936705620024077,1.4348212639868019,1.432128751514489,1.8140627480917377,1.3578746561694954,1.5120099108903193,1.2673823942870461,1.5886906689758942,1.8470255093034613,1.9058056067283766
2024-12-23,1.6800445014279495,1.5960362622682243,2.098203477603344,1.634339127195399,1.4260980914556056,1.4181311150740155,1.5858852960255612,2.044892852807578,2.2053908421054356,1.4369077759161228,1.4351734580175761,1.815441182667606,1.3604162400617514,1.5149433500339378,1.269449551675,1.5922539121976762,1.8480855101736855,1.9102492502641293
2024-12-24,1.6905919240441012,1.6061140774531855,2.1156985230097125,1.6449238962949553,1.4339156548047955,1.4241776852778052,1.5926354666095968,2.0625088015247015,2.2268974371925268,1.4451923264988202,1.4414681844322357,1.829077773832119,1.368241940916679,1.5227253363798972,1.275507771388534,1.5998599027682303,1.8620780138427369,1.9259728376417928
2024-12-26,1.6913409278115727,1.6072533734662797,2.1184923245878875,1.6460341763626214,1.4354388568511003,1.4240908213566454,1.5928466749432677,2.065225799832561,2.2283272107681302,1.4464714598078214,1.4435343043560238,1.8311205332597216,1.369210776990063,1.5235125403339618,1.2758459505141488,1.600307116775017,1.864232557285367,1.9276026170602203
2024-12-27,1.6836909880082684,1.6009806941288587,2.105758277180862,1.6385022550647397,1.42798051318986,1.4185989662056322,1.5866476500236575,2.052445665124812,2.210845676507203,1.4418486208206664,1.4393266170873897,1.8199828169891326,1.3647250157969517,1.519367007275957,1.27215223103358,1.5955450492441627,1.8532019460324114,1.9136530595282775
2024-12-30,1.6660125197427167,1.5831729589767463,2.0818861439718437,1.6217846107563134,1.4132849942381278,1.405031351516064,1.5713108787753036,2.0293809411579264,2.184440663330934,1.4304310885029607,1.4276929478900149,1.8023058439913735,1.352541445903603,1.5060455020125945,1.260216983301095,1.5805183264130018,1.8349739209569633,1.8951692493478816
2024-12-31,1.6695557650636277,1.5872644440110253,2.0848384327243,1.625405549509221,1.4165708605429197,1.408646025817493,1.575379904953194,2.031870108642518,2.182651167228217,1.4344498181105927,1.4317740377169672,1.805241976999944,1.354684051300991,1.5095642009194044,1.2607006032707602,1.5828935634755716,1.8379746146952998,1.8968134915040378
2025-01-02,1.6634600709226552,1.5806234131653436,2.078716987804612,1.618714515804729,1.4125153018331096,1.4037600528191667,1.571006796847308,2.0258811621935973,2.178890680196475,1.4324911346596958,1.4294862499114658,1.7985583406546268,1.352269401296021,1.505899721169431,1.259136647660704,1.5812355921584071,1.8316885734761008,1.8921075894261796
2025-01-03,1.669555475221926,1.5842484672456263,2.0905793114402735,1.623173877268551,1.4174650932935082,1.4061643502369678,1.5735566252256552,2.037666730173146,2.201233376903084,1.4375966702426008,1.4333754898547302,1.810365392904167,1.3562322389712254,1.5092157346922173,1.2636034788322017,1.586319976396823,1.843799145013713,1.9107660045769221
2025-01-06,1.6565196213929794,1.5708251325322173,2.0774799942913864,1.6094305603866392,1.4064411589615853,1.399011434376248,1.5654900763774093,2.026082434519676,2.2014179060419816,1.429368971311944,1.4239602778239504,1.800842481079723,1.3529722266531758,1.5011959696869446,1.2630761190776525,1.5827954524902565,1.8339150897722727,1.9088726167844892
2025-01-07,1.6538831796148588,1.5725383377054418,2.0732779428072274,1.6072059375249306,1.4091057451364817,1.3991069408196815,1.5663397411891833,2.0218923148934476,2.188512431017678,1.4256366413957207,1.4234779094457697,1.7976031942528243,1.3483676012725028,1.4984867000303277,1.2534860150157532,1.575221964107889,1.8302862716978086,1.9023874049107952
2025-01-08,1.6617417013164573,1.5814430780716449,2.082044408146978,1.6139409829013538,1.4147086966237512,1.402207231535549,1.5704044236425652,2.03065363774017,2.1929635995057155,1.4334987717932213,1.4294082405961552,1.8061669063209693,1.3579435242163143,1.5012060018903925,1.2599855656834877,1.5823232050767668,1.8393868855421134,1.907615368393998
2025-01-10,1.6432379356928581,1.565309573500174,2.051448917873211,1.5979700943948851,1.403050228209123,1.3973345551495797,1.563150605794343,2.0018434641106317,2.1576136502793615,1.4183809674682613,1.417298958794342,1.7763973411829674,1.343257100149804,1.4842736694965617,1.2448737537333907,1.5650812268335685,1.8102010415117715,1.8774661977987688
2025-01-13,1.656545873304126,1.5786742884875784,2.0651370608418365,1.6103374377218382,1.4140673656046028,1.4105423491427622,1.5767091157616901,2.013578366957922,2.165483074006257,1.431380400470357,1.4307371328689724,1.7900201111305247,1.3521269742305675,1.4985468139485967,1.2515368770291277,1.5729794365869654,1.823793723911568,1.8896614926825965
2025-01-14,1.6582547109990562,1.5812742603438454,2.073888741168912,1.613389384748243,1.4135186466892333,1.4066794835131577,1.573582022852606,2.020750295481606,2.1752167523965786,1.437091903443193,1.4344159129402794,1.8008350900230063,1.3559756989952958,1.5003443577911524,1.2526158673067602,1.5720686948130083,1.8342056229389174,1.9039493277568817
2025-01-15,1.6679831136473944,1.5926825627737096,2.0930076539722653,1.623772901354043,1.4198408763621482,1.4116466655281856,1.5792191724432152,2.0381291172756266,2.2082170329700386,1.4380180152430857,1.4359010523760376,1.8123532527235242,1.3571334139972433,1.5004185722915218,1.2573442242981214,1.576892040318348,1.8454640661106987,1.924302992622098
2025-01-16,1.6780733575080038,1.6020193633859519,2.1080245932540236,1.6316897225156664,1.4273695815473646,1.4140682401197646,1.5832208515895498,2.05153669298983,2.221416588582022,1.4531101199283023,1.4493145968218168,1.8291938020515028,1.3677982593137832,1.5146246205585445,1.2666568160922929,1.5889043007984562,1.8621061174859377,1.9404165469675805
2025-01-17,1.6865951623889068,1.606990313499417,2.117890041449476,1.6386649758758685,1.4313480677235924,1.416585149473304,1.5862614578384124,2.0596921726264013,2.2381608445615857,1.4523199001673717,1.4482144959898637,1.834896900145367,1.3696848973618767,1.5151044987125437,1.2668745395043366,1.5895437891049962,1.8680149861262823,1.950025674434852
2025-01-21,1.701527140376349,1.6184325847489966,2.142814997356071,1.6536961769812206,1.438425079938781,1.432669182187984,1.6017656283563686,2.0819763878324697,2.267967173028519,1.460852446370071,1.4575144194015763,1.8539767834762946,1.3810368509542563,1.5269414619135795,1.2761287127529402,1.599619041539575,1.8872519029351096,1.972548998154328
2025-01-22,1.6956746955587634,1.6122429017718094,2.1377590628726173,1.6502094763288622,1.4361836919820934,1.4277868819845578,1.5963776861375911,2.0769371645061736,2.2732670058487843,1.4587678976601817,1.4559452561001172,1.8454457696448259,1.385162230725166,1.526543610144868,1.2827255035890335,1.6021109807613105,1.8789331517265366,1.966732595307584
2025-01-23,1.7061188600326849,1.6203238896037189,2.1562791489289226,1.6591007389775614,1.4403487731336777,1.4325308551485592,1.6024867076846605,2.0944630785231797,2.292952622662967,1.4607645352076486,1.4594382626315638,1.8523961161466833,1.3900985490654865,1.5261582935593507,1.2875951823177032,1.6069601783874532,1.886243272377127,1.9751225302371729
2025-01-24,1.7099993225217278,1.622836466054061,2.157593078141668,1.6611267671913037,1.4423206632897205,1.4344649937445018,1.6047777237971823,2.096070050048339,2.2886957235329217,1.4607861185462676,1.4582662518837362,1.8541671703988067,1.38956401408168,1.525874255884801,1.2854013092326189,1.6056773053994478,1.8882889551407698,1.9735829870912256
2025-01-27,1.7366047012287167,1.6518727548774434,2.183385681843595,1.6914592973543208,1.4677556488691124,1.463670119718035,1.6372243146243166,2.122839526061664,2.279035130511546,1.4733977792543753,1.4779219172148776,1.872132848218069,1.4064578424822614,1.5479763479305848,1.2962393255411895,1.6239375320721772,1.9067550439425378,1.9710075334824624
2025-01-28,1.7173033892451408,1.632676999711144,2.1662997410704428,1.6713381115210546,1.4526557461090446,1.4422628992474902,1.61455479378296,2.106438006451237,2.274940190629324,1.4654206984195157,1.4663242446256364,1.858641851933758,1.3968522437702784,1.5406846631998579,1.2862153519446817,1.6098142239346023,1.8928357844808217,1.9627190570292101
2025-01-29,1.7252244676889505,1.637897501004434,2.167043607568311,1.6745366024267845,1.4545872088320515,1.4451671373339123,1.617831440421579,2.1076162309162445,2.2740386029491364,1.4625568647587757,1.466235895461614,1.8534301842841898,1.3966548110758805,1.5387374073892226,1.2828023144037368,1.6062901458137009,1.8872432428802735,1.956200869990436
2025-01-30,1.7365944162497997,1.6494031034614303,2.1839583349049025,1.6805168443878993,1.4668713895706877,1.4540053193624358,1.6287499713580305,2.1230040485746047,2.292551919547613,1.472128861751372,1.4764794930221272,1.8716904765340123,1.4028362789885354,1.5448372685964988,1.291071063844518,1.6123083983660114,1.9057779912871757,1.9764274307969278
2025-01-31,1.7259357971507798,1.6368730878847035,2.1732839801188497,1.6686285677328154,1.4528394810705805,1.4410329787333636,1.6146614720872225,2.1143596859184295,2.2839726455325575,1.4608977974671018,1.4652671968941076,1.859663772357278,1.3928018438763936,1.5317265988581141,1.2832787124105234,1.6023597573965025,1.893626644618029,1.9614134050992191
2025-02-03,1.7261800262392824,1.6391105746494332,2.1734906658820305,1.669277467454402,1.457897715113117,1.4405486659977311,1.6176232771058483,2.1170872293504415,2.27521415591396,1.4701068589659843,1.476680672255529,1.8579636254893432,1.4021316353207687,1.5451727321652964,1.2955275007961593,1.6158198910442163,1.8927570010824293,1.951530733487335
2025-02-04,1.720535219400325,1.634271674166251,2.1739481366488533,1.6666516872634283,1.4575966814496892,1.4366137372312662,1.611947938621303,2.1168503050158676,2.2829496934949742,1.4607995978611268,1.4670375284372077,1.8554388363970946,1.398862276040592,1.5423124913467123,1.2933163541512467,1.612694650373188,1.8900537979909677,1.9529576249824803
2025-02-05,1.7264937805972143,1.6385229708124212,2.1891311204812722,1.6731616892657863,1.4607604696142857,1.4398093450007416,1.6163919986179485,2.13174855074954,2.2980408290377348,1.463517941671812,1.468500940918243,1.868153118901915,1.4015714127582823,1.5491114766676617,1.2966844290670052,1.617150978965609,1.902541086876272,1.967126922428802
2025-02-06,1.7314006294110955,1.639632277831681,2.1882298667322653,1.6808174503096163,1.4660116484561105,1.450115949204527,1.6264102017929234,2.133322270592594,2.3009883865611536,1.4669520527291187,1.4730521863757897,1.8665107967244454,1.401824350062445,1.548498482664955,1.2927903704068686,1.617821412607646,1.901370104256039,1.9660576488076906
2025-02-07,1.7237362513910157,1.6320570367970775,2.1741683361926665,1.6742262422620615,1.462367419489448,1.4482583882257876,1.6235037637061327,2.11941254959045,2.2839849535630816,1.471406309129906,1.477150608402887,1.8588085226212931,1.4073242970391826,1.5532254514297716,1.2980197306555503,1.6229968615979067,1.893569218106515,1.9563983786281651
2025-02-10,1.7375240716647877,1.6418344511449845,2.186682451862036,1.6861693386616896,1.4758985739990131,1.4593023155348763,1.635751676427159,2.132475181667642,2.2990123563029043,1.4783812146445325,1.4838622998943074,1.864866558442049,1.4134929810947177,1.5558039009556028,1.3087175841014498,1.634709746983722,1.8998435854278741,1.9644698243027519
2025-02-11,1.7503146377600551,1.6545729820495676,2.1968036160656723,1.700121941133032,1.491209800660263,1.4736925825124216,1.6512084022567943,2.1410258376800475,2.2997897456493663,1.4817148244357028,1.4871429629502442,1.8671228254791636,1.4190751093739233,1.5662661402096991,1.3174458012003836,1.641916608530464,1.901929399097902,1.9641091897916811
2025-02-12,1.7444662568572673,1.6480779354184816,2.1902297471112955,1.6941768359788805,1.486044080583985,1.4669485586062747,1.6440000275883007,2.1357859953500027,2.2923949865435183,1.4765199749084907,1.4812242259751045,1.8591459226748326,1.4181233016092407,1.5640761710048439,1.316111305719324,1.6378157855292832,1.893546370295212,1.9527795734235398
2025-02-13,1.7576948944110984,1.6596072439780352,2.2064018906666605,1.7067753620056154,1.4971144706805648,1.4776713594735378,1.6557308042101244,2.1511828805401394,2.310203451737831,1.4818362082475447,1.4891802311316606,1.8727060723976077,1.418913964561258,1.579271381432834,1.3186083058022262,1.639306721365304,1.9088791451814362,1.9664945044705462
2025-02-14,1.742564988439272,1.643816542299312,2.1950437472558955,1.6917873263251137,1.4824201659529195,1.4653301674682329,1.6416524425070476,2.1416664219125554,2.305233358996442,1.4642025492004487,1.4714746351936208,1.8638548436586766,1.4124189776933187,1.558813350522271,1.3171164796576864,1.6337616109481614,1.8997629135189897,1.9637276788363704
2025-02-18,1.7456904821166037,1.646798725940905,2.2028249224452066,1.6959702241669736,1.4816236950114845,1.4648209586234617,1.6410712207794231,2.150870468312929,2.3206279085422414,1.468387102477017,1.4762318246256423,1.8730124667336672,1.421481093960567,1.5649845827672688,1.3245398273764795,1.640005267344154,1.9086092380480129,1.9785206825521964
2025-02-19,1.7618950566737366,1.6632425344262867,2.2156488980330753,1.7098840704116518,1.4963429682018576,1.4808448285179352,1.6586505454905882,2.162920073367779,2.3269070649090504,1.4818350172921337,1.4938244741711282,1.8815039726164118,1.4347506412843944,1.5820419125834673,1.3338133870600597,1.654368438934239,1.916699172934952,1.9841006078702224
2025-02-20,1.7631415139827342,1.6721297930850365,2.2118312876134123,1.7136613740144229,1.4988413893923969,1.4887331364400036,1.6673330891056928,2.161167842994388,2.316105881463815,1.4871242239241125,1.4990071153099342,1.8789616591274743,1.4386934196026642,1.5895746206679664,1.338020545278073,1.660531317370101,1.914085227548484,1.9778449014799233
2025-02-21,1.7560841589347682,1.669507107514022,2.1980637339674467,1.7068788453758934,1.493095202971659,1.4794817103093756,1.6584451953060912,2.146484509250818,2.2816004821233666,1.4890729608188067,1.5011777518419351,1.865626608851954,1.4386547074038405,1.5905911755971829,1.3384864846993527,1.6613943996352207,1.9015627966199005,1.9496057949653687
2025-02-24,1.7633450075286639,1.6777614067278461,2.2041826925472905,1.7122016952403647,1.4991743464719869,1.4844396758997482,1.6654970580119575,2.153080857532583,2.2723633785638797,1.494520308314354,1.5092038454614725,1.8718394014779827,1.4418879410809131,1.5991235562544517,1.3435274290021701,1.6680236754644258,1.908063541323036,1.9495156600994679
2025-02-25,1.7740427533401557,1.6888493999894245,2.214706643975665,1.722076563699758,1.5078389802505874,1.4909883050563264,1.6734520445146235,2.1620471082953676,2.2683154749184964,1.5074758375757153,1.5210441984120977,1.8805177433991407,1.4521093689946116,1.6068249371670584,1.3510754713859514,1.6753603865446494,1.9168174712435317,1.9497962819588346
2025-02-26,1.759086672699512,1.6716305306529926,2.2013097830294823,1.7081252240911635,1.4905135622463965,1.475650052058155,1.6562291843114825,2.148935891447542,2.2697203878697105,1.4944960000162286,1.5060813567139568,1.8693174367594345,1.4409834762342133,1.5931234559394254,1.3447465607941391,1.663315403352529,1.9054337090573505,1.9478069890573142
2025-02-27,1.7598573588020323,1.6746972813240062,2.1979831519437063,1.7090166389953605,1.4944581143576845,1.478783897294499,1.659289273717472,2.1468358035378654,2.2428839547521595,1.4892294344880712,1.4976293265712477,1.8646239782836755,1.4340157631854835,1.5945572828631862,1.3380236948522588,1.6583061230951204,1.8999940806659865,1.9309342842106971
2025-02-28,1.7816584133761504,1.6962818305402052,2.2273577155830417,1.7301294091688428,1.5132751801322413,1.4973190831392027,1.6804563162410924,2.1754402279396308,2.2755849050229062,1.5064500313085702,1.5122691481486181,1.8880123009347636,1.4524375688389712,1.6108309405796322,1.3535795346530415,1.676868328714727,1.9241638934544683,1.9547995756721732
2025-03-03,1.7767224188965511,1.6935508262363446,2.2197564858023835,1.7238572925498603,1.5050987704965455,1.48612345876542,1.6684051663687534,2.16743495831311,2.250168841046849,1.5032874927211954,1.5096958400805138,1.8819330653995885,1.4478415484275018,1.6096998596327488,1.350181493649004,1.6700281349472013,1.9186295293659863,1.934271976516075
2025-03-04,1.7507854806782583,1.670539079694641,2.1834002369554533,1.7011955789513984,1.4857242621598983,1.469285796547621,1.6498541417883272,2.1323394063849013,2.2170735029975925,1.4865889438366746,1.4940509140061686,1.8514127549852324,1.4314828547091891,1.5973970790234537,1.3355150680109489,1.6537195991950437,1.887321685586829,1.9013628313796325
2025-03-05,1.7611128373392366,1.6787667332688194,2.199437098260578,1.7109385936291872,1.4921700157379931,1.4784706443392357,1.6588376037344534,2.1487130311921705,2.240731740223262,1.4909702859977805,1.4992123286065016,1.8648001156528196,1.4342609114235203,1.5968786985310015,1.3318782277537675,1.6523845813007778,1.9005354126594314,1.9180331968138153
2025-03-06,1.7564541780360017,1.6771579578164266,2.17918669126415,1.7055543742572177,1.491720390864611,1.4804341511553711,1.660293334884001,2.1282072346841763,2.19852721310663,1.4894543386422447,1.499983300614382,1.849973956056396,1.429329337866849,1.592254148986665,1.3277314681530827,1.646984841638082,1.8853191914402543,1.8917549514432577
2025-03-07,1.76666617418345,1.6879396256996124,2.1872960326171786,1.7125887497883394,1.499430256880038,1.4909006821149606,1.6717788629414412,2.1356635067965968,2.210070099763475,1.4992706646383835,1.505437061318472,1.8622160263986975,1.433957342312263,1.5973996070026153,1.3288532872719887,1.6507592577695638,1.8981584801115923,1.9045199834333246
2025-03-10,1.7492818663155987,1.6765901167514645,2.157725090423805,1.6969107129877776,1.4906926777820957,1.4816337066467373,1.6625061088558883,2.10709100550803,2.1531808237353935,1.4967745149496847,1.5046886224560863,1.8445831981343082,1.4304159150660547,1.5988893227089898,1.326557176821598,1.6493719620283565,1.8795695517569193,1.8723774293778523
2025-03-11,1.7264178069260117,1.6522378871830392,2.127770894326569,1.6750228724762375,1.4709403315789789,1.4629521879827865,1.6407258605733035,2.079008568109502,2.1357688399345385,1.4804559240385453,1.487461217818319,1.8186219573084816,1.4171360512874829,1.5793399341278098,1.3166006980482434,1.6353493952493916,1.8524103435081944,1.8518209421823548
2025-03-12,1.7141733896486138,1.6398848021655268,2.1179107424581383,1.662825202501238,1.461146548668237,1.4560080487123765,1.6320321138047236,2.0711084317030046,2.145764174883321,1.4644451272188204,1.4701993022420858,1.8053610358828314,1.406069942306544,1.5591228455724733,1.3060601349140981,1.6213399669052275,1.8389125828438226,1.847871940672604
2025-03-13,1.7094330561603734,1.6374941114753836,2.102138323927953,1.656905394870174,1.4579752746427335,1.4564439187176002,1.634042747044972,2.055308225830045,2.118927921870406,1.4656361798681414,1.4716536755484784,1.792882001379321,1.4038143802896021,1.5577823860137574,1.3094326328971546,1.6239483694188837,1.8262746249210768,1.8293742415439085
2025-03-14,1.72888330662097,1.6551288275672922,2.1278262258289793,1.6755174425329507,1.4733330965678986,1.475484689498269,1.6538535808397639,2.0810376790005245,2.158756539016945,1.4817759190264888,1.4870720219828122,1.8195059922310104,1.4177597694299844,1.5732728925885608,1.3234776448377519,1.6398013535756337,1.8518180455374225,1.8654895250921744
2025-03-17,1.7454134929611305,1.6710518220630177,2.1505006215218554,1.6891751808924498,1.4853391367933955,1.4836146685829639,1.6636652434551644,2.1036480177040513,2.181516206808577,1.4986551801935566,1.5030294404844657,1.8419909199375428,1.4295756000281619,1.5883819950610378,1.3328144987773936,1.6510753176668047,1.8752913612979376,1.8894058022123148
2025-03-18,1.7375895357495477,1.6628230419021792,2.139661723363262,1.6815171652958179,1.478225421513285,1.4767887831660649,1.6558572525593696,2.0934694683965076,2.1644918854839763,1.498023874006369,1.5055393108764494,1.834389475905078,1.4314208100681705,1.5931163705934925,1.3371658531121058,1.6544950350456502,1.8668565646050785,1.8786447674900162
2025-03-19,1.745772800473207,1.669230936349831,2.1509150231014607,1.687529019321465,1.4875298362471672,1.4816079711574464,1.661636658576413,2.1044273083684426,2.182256910337279,1.5043644979489093,1.5107516621911736,1.8436010901819615,1.4365032515138667,1.5978337314695836,1.342005230462817,1.661622257012623,1.8764945805090578,1.8941945260468849
2025-03-20,1.7443640580420303,1.6663560903449253,2.145668145576206,1.686654706391417,1.4875540613320242,1.4792927817196342,1.6596737230654262,2.0980361999126798,2.1769902978676234,1.5010716221780362,1.5076791084800802,1.8377083004346142,1.4391569972201257,1.5997160966397987,1.3450506157542796,1.6650307621440619,1.8699977440041113,1.8876439746340465
2025-03-21,1.7366606129107744,1.6598159649321598,2.137879063947338,1.679851755992679,1.484686750956452,1.479077817239305,1.6575175275268899,2.0900885262155584,2.170887137082089,1.497189621533185,1.504336559650175,1.8285982218271037,1.4356671909154577,1.596951565118443,1.3438898828164079,1.661926273835292,1.861187404715341,1.8789422924996277
2025-03-24,1.747931610252421,1.6692324361529196,2.15717794593626,1.6881955515175355,1.491363084327281,1.4795965473238788,1.658004170691128,2.109376127980468,2.2031254184383955,1.501934714150655,1.5063516727398272,1.8490215132807546,1.4376046601626096,1.5983796776837382,1.3420816778815159,1.6615659314041404,1.8813506725321618,1.9075347884028433
2025-03-25,1.7407884314329773,1.6644215156345747,2.1536556357286445,1.6844006370146833,1.4920981076150208,1.4759624844472348,1.6536847435552422,2.106579947762398,2.2012503503787246,1.5019343388543611,1.505978762716214,1.844190664585602,1.4375019217563771,1.5995579447653527,1.3419661403673278,1.6611313628250313,1.8761350695862962,1.9032622973676305
2025-03-26,1.7459440606667689,1.6699239144422229,2.1562137253170786,1.6890596362953678,1.4969676508498808,1.4821162564131423,1.659978291295617,2.109011659118409,2.186094052643059,1.504999961235541,1.5087811296722555,1.8490505245031292,1.4392043088928612,1.602234077064349,1.342111435466722,1.6636020391699664,1.881790243781535,1.8990490151760313
2025-03-27,1.7508905444802059,1.6744704805296684,2.1607115272528254,1.6973392718935885,1.5065431387184325,1.4927839242562626,1.6710648497095877,2.1119775334570536,2.1793282986347524,1.5108643042483796,1.514141025015085,1.8504812734522558,1.4455213919539855,1.6110223547827358,1.3510443631963507,1.6741448653537498,1.884678011775721,1.8930628067227784
2025-03-28,1.7353367406799947,1.6593335157544542,2.1348759219510716,1.683032298785538,1.4918273725467028,1.4830369416743518,1.660308644023457,2.0868678533130463,2.143223892080106,1.5033644961888186,1.5070919499417763,1.8304590434870336,1.4374225183674085,1.5999960456875846,1.3419148574376127,1.6651360223843739,1.8641930165161653,1.865076716966886
2025-03-31,1.7533938320089815,1.6754353502650916,2.157781800434214,1.700524072133049,1.5065620246507114,1.4973434791542701,1.6770655830717005,2.108703624393439,2.1591869727140445,1.51372327970264,1.5186526113241863,1.848782543650887,1.4498486957553482,1.6166741573470804,1.3468403390663906,1.6739192184466878,1.882699754811093,1.8805591583269752
2025-04-01,1.7460403488112386,1.6685920691247804,2.153201297248714,1.69191353034671,1.4998434220847732,1.48862473678845,1.6686430560435315,2.1048551271681957,2.1596404510740563,1.5139078551228262,1.5184492711164927,1.8484865953277505,1.4463625938635012,1.6106906455962888,1.344609308640589,1.67270203270646,1.8824546887941027,1.8824392211046623
2025-04-02,1.7457692733653327,1.6691581735102927,2.1591288463299527,1.6916564113330468,1.4976724220147664,1.485140202189442,1.66374519587958,2.1102802279818773,2.173153727695573,1.51595500745726,1.5189620043983154,1.857960848403563,1.4452641852031631,1.613023039029975,1.3397746528863184,1.6690108366012975,1.891974158223163,1.8981404933419164
2025-04-03,1.7191162034302907,1.6464419667369423,2.10385654332811,1.6652741379040064,1.485683020031046,1.4742541973929035,1.6533111006733026,2.05280368831324,2.075696627113461,1.4951400898962153,1.5054617134887398,1.801936374327145,1.4338266422810542,1.6018684401128906,1.329604752626394,1.6540860836946718,1.8366709510139279,1.8092257548497956
2025-04-04,1.620627072740768,1.553294581871471,1.9807867122427867,1.5698877705414962,1.3983975918671017,1.3891462048977556,1.5562050413254456,1.931840249583403,1.9456458113872945,1.413711545928934,1.4245593593608088,1.699403336494247,1.363460924412133,1.5228881804465084,1.2632276364106638,1.5709425069577359,1.7329636271056834,1.701745779060658
2025-04-07,1.608860900045979,1.5399085190268904,1.9636178786148293,1.555390731520664,1.3846504021822186,1.3791649934041077,1.5460189477324775,1.9163751999154177,1.9429300712530937,1.3994446186662823,1.409083323734166,1.6806313971617564,1.3472632013224528,1.495165109498994,1.2532132522224324,1.5577534610000545,1.7131139232702894,1.691208022869687
2025-04-08,1.5930203262555513,1.525964438793175,1.9375380907776691,1.5419091738195265,1.3749211499425744,1.37304043100222,1.5389131118997494,1.89076618207669,1.9136647917338152,1.3912331272521916,1.4010357898703918,1.6554694388784204,1.3394776934713246,1.4857277110031595,1.2485909003654594,1.5512371524546722,1.68705610228768,1.6621190884426098
2025-04-09,1.682228342612295,1.6085458831440111,2.063034214236146,1.6279026791472322,1.4462292655691942,1.4419735524043376,1.6147266782275969,2.0130836716321996,2.0770800957279367,1.44763010664892,1.4566170445961764,1.761088643427705,1.3926326479353506,1.543920135736056,1.2938245310133507,1.6092308487122047,1.7934823236399102,1.795147603291178
2025-04-10,1.649719335336896,1.578137205299363,2.0145664187192582,1.5948416418095108,1.424499920954298,1.420553837438,1.5914664359268633,1.9632778492719503,2.006448359527144,1.434159858146258,1.4481182686584302,1.7219943532411133,1.380002827414305,1.5294309552122463,1.2800557777574317,1.596678307897098,1.7547573209690037,1.737831572240005
2025-04-11,1.6762376266979038,1.6032506603641759,2.041607925343498,1.6161495650339297,1.4503011023445882,1.4464142263039408,1.6204189447383202,1.9882539664599568,2.033774758029028,1.4541954145112521,1.4685454374764948,1.747466376811414,1.3996222744388487,1.5546026460875122,1.3004305270930925,1.6228175745841933,1.7798864162124264,1.7637998856674788
2025-04-14,1.691552149967084,1.6166509481434366,2.067586101859927,1.6296635213512525,1.4596047761890787,1.4479979504032732,1.6216546881461036,2.0126479311722707,2.056432934523276,1.4604314675780905,1.4749926260962998,1.769439808983872,1.404012431197554,1.5610998946430912,1.3008171938804354,1.6245042732341277,1.8029013942364625,1.7847419919244318
2025-04-15,1.6807073492424092,1.603463686526848,2.060756625921826,1.6191396381359224,1.4509392461534076,1.4365745428557206,1.609413452614233,2.0058603285344487,2.055719339044919,1.4546628214109703,1.46736500839313,1.762527027212918,1.3993053835046738,1.5605330549509937,1.2937155445126312,1.6165159826247792,1.7954661690568363,1.780715735262957
2025-04-16,1.6648779160624088,1.5860665255726967,2.036731181643517,1.6088064064007828,1.44306898899212,1.4334548336244661,1.6053431930027466,1.9814152540980334,2.020512014088051,1.4410829683902249,1.45381468095725,1.742572803907247,1.3911342002213904,1.554842085905914,1.2875332979710177,1.6073469208373563,1.7757207543145064,1.7576261471617765
2025-04-17,1.6711119379770014,1.5946384808814469,2.042482742701144,1.6110315242166011,1.4452360872844392,1.4341568893772172,1.6058410201102737,1.9884947336151773,2.025192970438373,1.454832460571109,1.470338697105164,1.7560372174303704,1.3954854969154253,1.5704837949531745,1.2896638460136112,1.6128049755654454,1.7889772109526327,1.7697155564383296
2025-04-21,1.6418081299831946,1.5677766089013485,2.003610417805521,1.5862037302084395,1.4230517151359978,1.4197502899354342,1.5898429988216571,1.9511246336350996,1.980606627145121,1.4344144295211456,1.4496642575753536,1.7223261962600653,1.3780480577906173,1.5531401225492993,1.2780925279088626,1.5962946615945484,1.755565327248786,1.7324710685151115
2025-04-22,1.6683230972939838,1.5988251648823557,2.045583814100565,1.613608396433837,1.4462327232254766,1.4435804046409102,1.6157757318476431,1.9900447287874832,2.0262746966014613,1.4484722981126057,1.4658066892195347,1.7602573832540744,1.3960720774096593,1.5660964817673941,1.2884368582467467,1.6105189636974286,1.793768412243431,1.7757947592830912
2025-04-23,1.6703015942276584,1.5983427580384253,2.0538210582996794,1.6102503142461133,1.4473541858031491,1.4353334979620618,1.6061183860821182,1.9995836437387813,2.05193160041189,1.4509637943453386,1.4704390382956554,1.7682127681494115,1.3961030340753096,1.5627968100992748,1.2854578956209155,1.6079838672196427,1.8016608783897825,1.7941498655225803
2025-04-24,1.6756486872305365,1.6098685475244146,2.063264101127454,1.6229905837748053,1.4669460928473967,1.4414243478906579,1.6125457796445735,2.012474931921953,2.08385680191042,1.454705860685607,1.4728463331657338,1.78298747558315,1.3996520250242068,1.5702463648784948,1.2843805228940839,1.6099277523939093,1.8155236789478033,1.8231100281531112
2025-04-25,1.6724798133043042,1.6083518644738233,2.0616438385384073,1.619941766310698,1.4650640865807125,1.4442281908273689,1.6144011839067847,2.012109923819572,2.0916158087368575,1.4588927172165977,1.476023875456178,1.7784592093795564,1.4001493137093717,1.5732960091590797,1.2884490550163061,1.6142331671543242,1.8106957511059698,1.820616687696948
2025-04-28,1.6766637652294953,1.611366893606343,2.069640424477942,1.6242076105023022,1.4700437602109961,1.444125784025429,1.6139513638429255,2.0201582249289305,2.0976482744581006,1.460170550530947,1.477407449903918,1.7834192631006844,1.4019423121368924,1.5788066188283925,1.2879424556844048,1.6139108938691527,1.8157077570510671,1.8264108707657378
2025-04-29,1.688757736610229,1.6242169999081812,2.088816322064491,1.6342157991635584,1.4779032209949614,1.4502704752062336,1.6211163892905307,2.038352160983729,2.1161038075416445,1.4746984311756797,1.4926065723278004,1.796270085038582,1.4095131988685088,1.5920660867873269,1.2976843519058452,1.625521170260922,1.82872147754409,1.837540605675546
2025-04-30,1.6998680655815706,1.6339893889809962,2.1037047154577078,1.6487007962988018,1.488322997534011,1.4610040552186718,1.6333251519556948,2.0533807096976355,2.126580926196457,1.4855030371108255,1.5012838820830703,1.8052779415639633,1.421195578764442,1.6061708480595958,1.306488992286925,1.6362702881369673,1.8385816913212774,1.841574068349857
2025-05-01,1.6951428277173648,1.6332234652646793,2.091164137742124,1.646905412641934,1.4921285097646277,1.4712698212593074,1.6451439679539788,2.042423139774967,2.1218332190941576,1.4720719433957645,1.4882577698311472,1.7957224868591628,1.414788050335648,1.6018071265874536,1.2977370925457254,1.6276547808440551,1.8282869775090764,1.8386657877803572
2025-05-02,1.7094608877455366,1.647418140950701,2.115807408139833,1.6598167444714704,1.5041443676123578,1.4743657599282158,1.6489794409375838,2.0666676044694565,2.1556354116016414,1.4844590048788544,1.500829540523687,1.8194010482048457,1.4213534381869324,1.6036482971989099,1.3057893768683007,1.6373747661015658,1.8510854994522683,1.870717257517363
2025-05-05,1.7024511737147217,1.639342194486927,2.108904252692354,1.6590806637284126,1.5016281166258536,1.4704546099544755,1.6445203139160562,2.0601980672368208,2.1473255212359663,1.4798671589150483,1.4957475765498203,1.8138953272695022,1.4223644347003148,1.6028858424337369,1.30538884518004,1.636409879880678,1.8454197075528203,1.8639289569994704
2025-05-06,1.701845552042327,1.6363749914404917,2.0930117259685703,1.6534522869546817,1.5034004867957305,1.4757039421270484,1.6512756058069193,2.042408479684709,2.12706146998884,1.4747570060816353,1.4884350586432926,1.8031928434313043,1.4107074479746857,1.5939111955182412,1.2930672576317217,1.623975405165624,1.8345628864476657,1.8511640894772228
2025-05-07,1.7048677038749345,1.6412709737384787,2.1025389189406667,1.659407812427355,1.5065847088127813,1.4778196336264018,1.651920772195357,2.0515508848432464,2.138108846270633,1.4777288319990942,1.4919311161864237,1.8139131919209035,1.415714948069517,1.5950460494400098,1.2957202452723477,1.6259927970565686,1.845248171704856,1.8629966146881767
2025-05-08,1.694837995647569,1.6306108240800512,2.097961360190239,1.643542782551215,1.4970575035124152,1.4614836732915097,1.6325444482837232,2.0464494119605092,2.1442866518540904,1.4613753242971068,1.4774519518564266,1.8166667960469067,1.3961403830539858,1.5767690329567285,1.2782116830833175,1.6040320024369525,1.846116778418325,1.874801305991313
2025-05-09,1.6895438753986896,1.624271348030363,2.0917856694635915,1.6349999467788479,1.4894472943532582,1.4517365212229285,1.6219419694737796,2.0388948349770435,2.1389220497982637,1.4561146965868232,1.47095500297678,1.814092278724596,1.3906113182025384,1.5731735317203601,1.2704167080288409,1.5942049380807093,1.8430304411571545,1.8741652380650025
2025-05-12,1.6893969828598985,1.6319897736143212,2.1141178624126358,1.6295639319588548,1.4872332925142024,1.440256309924977,1.608544825087222,2.0628952341858966,2.190644989694162,1.4596473775749654,1.4764303972068886,1.8399455719443474,1.3881112508942939,1.5722018172235075,1.2725505595191398,1.5943022281285735,1.8658470652219197,1.9211602924730486
2025-05-13,1.6670906037762023,1.6105959519259294,2.1021158216546985,1.5988924350280318,1.4691773758435576,1.4104211308342955,1.5753192134709484,2.0496800921609006,2.199574361948418,1.4451476289968688,1.4617067743498116,1.8288841786732273,1.3758418088119042,1.5583294543720378,1.2592613149251506,1.5786214305060675,1.855426037606399,1.924252623958233
2025-05-14,1.6583273834729737,1.6026425994674098,2.0850666170734904,1.5881705939741602,1.4600728869325397,1.4022500940714888,1.5657200607932054,2.033655972336477,2.189801403866618,1.4380180758506298,1.454344869409422,1.8161542836678681,1.3732136816071217,1.5477611310332622,1.2560456789759458,1.5748013559579908,1.8432677951536618,1.9140119991526592
2025-05-15,1.6966017633354318,1.6336998340014393,2.118552200386061,1.6214831278533823,1.4915443479685806,1.422310598263461,1.5907484929819478,2.0645821938568174,2.2053535204811485,1.463548609238786,1.4808273767945381,1.8454879271320652,1.400012151193742,1.5799523647580123,1.275734750436107,1.6005849317006697,1.8732281604031964,1.9325541917619304
2025-05-16,1.7100296051443449,1.6480034751577564,2.1378212710888884,1.63667064340923,1.5028044192269163,1.4389005128303085,1.6092502078493924,2.083580750522197,2.222306047599901,1.4727596921906643,1.4891674282404022,1.8640209149085962,1.4057153344303877,1.5907170254844725,1.2809520640917957,1.608961110973913,1.8927705845062217,1.9510632632658718
2025-05-19,1.7239668616743211,1.6591435516994564,2.1469227177665955,1.6537461024652533,1.5128540337473035,1.4573337072594534,1.630304473487856,2.09349689840259,2.2281509311863923,1.4811081819953766,1.4971298375165056,1.8682698239035818,1.4129143060149927,1.6012058587350713,1.288752720220662,1.6189088690317874,1.8978818643074171,1.9521732486182097
2025-05-20,1.7241744672433246,1.6596708546530814,2.1437563464955267,1.6558642696893384,1.5144865461090498,1.4601089628526907,1.633286223332949,2.0910166335442164,2.2233873840774674,1.4828307871066557,1.4985023631489531,1.8654912022940506,1.4166753171930306,1.6027580236322543,1.2943200098529835,1.6278061606487813,1.8949390702893136,1.9465113915522996
2025-05-21,1.712251231820445,1.6475715832159674,2.110835823958339,1.6471812397199297,1.5011944343969292,1.4629904161612408,1.636171669893971,2.057237446839001,2.181864689748748,1.4757281184347204,1.491729709029794,1.834509509070671,1.4166444220566783,1.5977631076311005,1.2979483402187844,1.6310937948188908,1.8641335449953886,1.9070124247855156
2025-05-22,1.7039867891034697,1.639270564839266,2.1009419083078633,1.6398803431537614,1.4948310505115732,1.4595164616818717,1.6320630433670829,2.047087692202653,2.175415134196664,1.466351852483994,1.481912541623985,1.8265253032804978,1.4110215484161208,1.5877145776810044,1.2919703461521472,1.6229728187991792,1.8561361154484333,1.900838409385408
2025-05-23,1.7039824441775377,1.635579546688865,2.096837250326658,1.6389129067638157,1.49076659848043,1.4544654969936366,1.6277850151925732,2.044085759977701,2.1669445443570003,1.460019900705835,1.476267982750888,1.823326191445535,1.4104474490344894,1.5810364479507657,1.2890059509139167,1.6189410072449915,1.8534350229757912,1.8937282309807617
2025-05-27,1.7210009090036817,1.6513399210170077,2.126370271613717,1.655525947211554,1.5039501207936325,1.4669557813894154,1.6414347853328481,2.0737724944078493,2.207576593162493,1.463716736386436,1.4815087050968099,1.8458720631584113,1.4157188855995675,1.5826727171732613,1.2946288790027765,1.6261863410626884,1.8756379353345292,1.9252543583253061
2025-05-28,1.709765483609485,1.6394817960396035,2.113757582337895,1.6439430133520612,1.4904382236963467,1.4563481053609613,1.6297512671927925,2.0613158905918514,2.197758735773335,1.451269464451625,1.468681796525711,1.8310418484747986,1.4025939646875767,1.5719319311542737,1.282475342934642,1.609496192474163,1.8605054628127453,1.9088469433911082
2025-05-29,1.7143073138898264,1.6446321614235238,2.1215574726482713,1.6493951745816553,1.4957299531004686,1.463677104208712,1.6370266151106165,2.069202909796342,2.2009551991202874,1.4534797777735122,1.4723162743622837,1.838740145024899,1.4063676369418465,1.577142577283317,1.2821670822982087,1.6088346444345036,1.8671335227108639,1.9149195341581313
2025-05-30,1.7269092402865764,1.6560530403185347,2.1341605084287356,1.6601362821797774,1.5079180514932033,1.4710415528872256,1.6460643753036017,2.082005894646079,2.2069874909095475,1.4597034156516377,1.4812146686881662,1.844463527202227,1.4150532431831373,1.5879611414518027,1.2938991753197524,1.6224130479455867,1.8736425982510672,1.9155187540300944
2025-06-02,1.731065466926867,1.65843903014149,2.1390068588635067,1.664134200972959,1.5111239340259588,1.4722918187995397,1.647935618432757,2.087341012080329,2.2161233288079636,1.4640500083989108,1.4859188693677932,1.845201455048107,1.4177083463214917,1.591679876584183,1.3002298073081797,1.6280854152046205,1.8740624131801749,1.9178992579246563
2025-06-03,1.7294351995580144,1.6564349536368717,2.1438728928281074,1.6619591740676463,1.5083581606564167,1.4678084721828717,1.6433925166028696,2.0922358116917734,2.2295822682462267,1.4579897282363388,1.481469851584819,1.8491562410674551,1.4131039507526553,1.5867250753334325,1.2927802134387705,1.6220293495119293,1.8779455428032847,1.9314943236588318
2025-06-04,1.7246065188318096,1.6537917961710953,2.1395967817527755,1.6607085730866633,1.5056885440007979,1.469699032918279,1.6444703866952946,2.088033093431189,2.2274693683002855,1.4493725092147502,1.473673254435398,1.8421568599094975,1.402419962623845,1.5755077625041578,1.2872822676390292,1.6136428071005962,1.8708156326971548,1.9262253583293392
2025-06-05,1.7206985655376086,1.6499684858220172,2.1339212247062194,1.6608730126172542,1.5019617638501572,1.4676791924446324,1.643653047640827,2.0823109357050513,2.2208861690645225,1.4476367397907697,1.472563741202762,1.8376432852875189,1.404341532712513,1.5748564728451866,1.2910584506513447,1.6185395409855514,1.8668498422374962,1.9217050500148494
2025-06-06,1.730216945921019,1.6596168744387974,2.1511312346721447,1.668729944261311,1.5121460666461208,1.4751785649038358,1.6512952726611212,2.0993151674011434,2.2451595887793867,1.4492545885187889,1.4726257312763842,1.8490545623092338,1.4096765512778704,1.5782016777686592,1.292505681946538,1.6192019858132716,1.8786407065070665,1.9379950767289311
2025-06-09,1.7217650850776072,1.6513469766497821,2.1450567110158727,1.658295562340203,1.5087162593570462,1.4715109777184519,1.6459860937114146,2.0936289791291625,2.247056646296161,1.4451645258704333,1.4677236278651764,1.842816523985827,1.4017556861204967,1.572620801608077,1.2882592493622655,1.6124990425163905,1.8709988594236093,1.9364337179230486
2025-06-10,1.7215454240756223,1.6525792130621453,2.150680803830113,1.6562990467862073,1.509495957611873,1.4725324571483451,1.6458760155515735,2.0994626720997376,2.2562717432004082,1.4459914216802974,1.4695614594778603,1.8491478023383268,1.4004315761672106,1.5717606606616166,1.2836226834406668,1.6064092299985435,1.8771792709266333,1.9458689604240877
2025-06-11,1.7177143824671022,1.6452396446492874,2.1463303764452863,1.6507602030262292,1.5028418635298177,1.4663620486032674,1.6394786518922602,2.096374180749588,2.2564552000056928,1.4484126576349263,1.467539758860626,1.8440416750828617,1.3999887701293692,1.569971558857972,1.2810559135254185,1.6050726686400938,1.8720544558288086,1.9403179656628566
2025-06-12,1.7225200941111611,1.6528469308064448,2.153627794527648,1.6641351573391259,1.5115698294638096,1.4826553161003342,1.6575688123715526,2.104652934294652,2.263145672203215,1.4546568324553466,1.4720802323938758,1.8527831355041942,1.4052839998930002,1.5754179614023511,1.2902329858030022,1.6177053092252243,1.8809774606885674,1.946966173227217
2025-06-13,1.7132908922482584,1.648127170912343,2.136782803117773,1.6591345885891098,1.5089024126841286,1.4789615024684695,1.6533014909351722,2.0881420452392643,2.2380986540666417,1.456328412045879,1.4709514658949445,1.834848966192003,1.4031096604031703,1.5793328013981272,1.2924094483133008,1.6177650417677252,1.8621828034117704,1.9237778155303598
2025-06-16,1.7127703587241567,1.6465129923967738,2.1413498086182208,1.656392650581932,1.5077546393044978,1.4767198523451939,1.6506228742985107,2.091187153764658,2.2570259165931064,1.4532165940629092,1.4679077273827814,1.841663664987483,1.3985282239569203,1.5745625057283201,1.2838154136195272,1.607920645220587,1.8689691388925185,1.94035482304066
2025-06-17,1.7028705820006538,1.6364765507465417,2.121445248793958,1.6449105320311006,1.5023584994559631,1.4692126056241939,1.6425085476442292,2.069326860668808,2.2344663772569993,1.4490595178469972,1.4639443770897425,1.8271745744273995,1.398385873334134,1.5713659026498108,1.2800873168123321,1.6027385676047432,1.8545986600723803,1.9227246471586883
2025-06-18,1.6924584323761773,1.6269835361827303,2.113774886236302,1.638660153212773,1.4928696563317587,1.4621087942358177,1.6332812253710431,2.0620334019970614,2.23094758942274,1.4457964465548911,1.458861691498001,1.8242013236858963,1.399537188464136,1.566699477309334,1.280825316884518,1.6017863395538756,1.8525500672006738,1.9230224654118055
2025-06-20,1.6903041206714777,1.62366377409326,2.1141116757964027,1.6326899768534364,1.4876860231228732,1.4487060108680494,1.6186873161105724,2.0619499640764425,2.226656563290992,1.446463580363636,1.459998445348664,1.8266507950698134,1.401633207641266,1.5684774316673975,1.2820859336291448,1.603175100069194,1.8554710744558833,1.9260005284324155
2025-06-23,1.7079539234609922,1.637743418863088,2.1309617424176124,1.6467181477632922,1.500241145939897,1.4567741068647586,1.6275915495739337,2.077943859556434,2.2479818535226173,1.4578194383871563,1.4721812679992206,1.8433222110800012,1.413150305805818,1.5768466155891772,1.2971935484043717,1.6206542177887617,1.873331726162718,1.943012143273211
2025-06-24,1.7123125140202238,1.640155014658685,2.145967783418198,1.6513672637069057,1.502880363396224,1.4583801689774991,1.6292233295370195,2.092992364668481,2.2765698140188957,1.4594892973893219,1.4742040479362846,1.8537932311369814,1.4098264374410467,1.5733727641370376,1.2931221837391034,1.615514956562476,1.8829366414078175,1.960857706258762
2025-06-25,1.7020164919642409,1.6298191654274712,2.1311480152037943,1.6416179732944627,1.4941355874273445,1.4512134045165943,1.6211137233988084,2.079938026351217,2.2712137337376164,1.4550867555689668,1.4704207670136862,1.8368503638063016,1.402791944207961,1.5659892979466592,1.2839276075884292,1.6057538621280814,1.8648126138405063,1.946881904477968
2025-06-26,1.7040911783565156,1.6336531255188664,2.1392195123310858,1.6474068020793522,1.4985271916638545,1.4585437207719336,1.6288154535607173,2.0870483850920127,2.287490844116372,1.4574210444098785,1.473298842253627,1.8443187434394137,1.4039605584709247,1.5686732905682537,1.2821629547473705,1.6060936065065368,1.8725799628370583,1.9611156937047316
2025-06-27,1.7189078383911733,1.6476872285170128,2.1512800375929477,1.6613673895718957,1.5131499327034343,1.476605652384237,1.649325858085318,2.098535776141209,2.295868897989804,1.4648589476519125,1.4807168938322128,1.8524703651493477,1.4132890874274413,1.57856265953851,1.294664449484823,1.6212148018723629,1.8809473530434533,1.9695537492359951
2025-06-30,1.7285888168710903,1.6560227610959575,2.164670322038419,1.6730163525064783,1.5170306529381765,1.4846667665665614,1.6585644553924446,2.1106671832266697,2.310432190870152,1.4760601826781408,1.4906289575090075,1.8640223427487117,1.4185188872093724,1.5848793797841851,1.3053966346444879,1.6346997351316281,1.8933333853353644,1.9806723403913005
2025-07-01,1.7329322449462383,1.6644679517928926,2.178838188869022,1.6812868433578516,1.5222193924014351,1.493209733147734,1.667335699145424,2.128203124365785,2.315020728346921,1.4782455416920912,1.493368302052622,1.8813856533838935,1.4211529026813965,1.5872838818657824,1.3075080427737458,1.638251648441629,1.909732745235059,1.9972988585901876
2025-07-02,1.723496838110788,1.6599730827201695,2.1741934177389806,1.6753889427820323,1.5179044183946242,1.4914413443312189,1.6646986172463842,2.125242138536799,2.322048849103516,1.473181513514316,1.4884690371668416,1.8749439528609861,1.4188762007210163,1.5865812985063328,1.3102896651473532,1.6395395812951348,1.9005848415591375,1.9994729358487324
2025-07-03,1.7313780885867684,1.668194606946699,2.187204302020109,1.681840208152803,1.5245821480430177,1.495837481573571,1.670198795317094,2.136241338126126,2.3397687309975552,1.4766525838177709,1.4910738760570381,1.8836516529541603,1.4231516264165895,1.5917547617688852,1.3155366458852418,1.6466125056042669,1.90955577556444,2.010969360286002
2025-07-07,1.7279301109240515,1.6621602860354714,2.1747735458779323,1.6799787780825208,1.5243616373417574,1.4970150886203586,1.6718462792887183,2.1247909849133007,2.323131506005459,1.4808799574030795,1.4937042903845148,1.8732040945901491,1.4259002181268354,1.6015877303549702,1.3213995753574108,1.6534347364041608,1.8999220803884413,1.9952162159723443
2025-07-08,1.723338972700537,1.6574706971185644,2.170795523508362,1.6717946284379743,1.515035198445027,1.4861441003197093,1.6587003803085802,2.121709271309992,2.323927973603434,1.4708173484081395,1.4836815974788895,1.870230977334936,1.4136421756501372,1.5883932898561213,1.3076134961163057,1.634499809842167,1.8956482540384112,1.9975645401240336
2025-07-09,1.7266536893519877,1.6586130192771842,2.1742402558766853,1.6717601478333983,1.5145841121350607,1.4799936345317382,1.6530254182012958,2.1243389825317225,2.3303900975615126,1.4713608439477515,1.484872592579954,1.8728689882108867,1.413762518450422,1.5887482067835885,1.3037723680446032,1.6329339718620748,1.8985753602459616,2.002634664523108
2025-07-10,1.7264840498019316,1.6559086152584908,2.1788872941083235,1.6700988088340745,1.5137122396150102,1.4700937113758654,1.64211094457806,2.1301861994777784,2.3367409275005158,1.4642179526083972,1.478737607718882,1.8780185052133613,1.4049675334968295,1.5853570832382036,1.2882651692113452,1.6155072450497872,1.9045722582133118,2.011773849968155
2025-07-11,1.7186610991655102,1.6484116007452099,2.1629849583706333,1.6620959457605755,1.5090684296098582,1.4670716437545581,1.63827487989896,2.115000141445145,2.3227861596205845,1.459763863419158,1.4749262113052133,1.864946676670359,1.4050299696135378,1.5857489669549287,1.2890425395390492,1.6145016125118565,1.8913123311723603,1.9986428424404663
2025-07-14,1.7207295176884456,1.6509743200953393,2.16896932863684,1.6655819470992668,1.5088199586958773,1.465795278382756,1.6378173650404546,2.1191007959808457,2.3280399482755336,1.4686903138275609,1.4841156414237726,1.8702374195562865,1.411650256614728,1.5915232602035243,1.2979214408843585,1.6264913155517897,1.8976827136229355,2.002222391947863
2025-07-15,1.7059274263819078,1.63679811730907,2.1434184059742645,1.6474033905916494,1.4989874627228084,1.452753418670543,1.6232291250421162,2.0955720305792798,2.3064969300733233,1.454688222708232,1.4705214261677333,1.8463567119988,1.3957344565401986,1.5763100183880348,1.2858386498193386,1.6136046157083528,1.873724042517799,1.9761300843089522
2025-07-16,1.7138810096474042,1.6445298109979631,2.153810072986704,1.6537779711801646,1.4982321949462687,1.4503031611180786,1.6196621932777346,2.1049287778974177,2.3167279104647425,1.458272925595448,1.4747388515324016,1.855048931427679,1.3918527512242131,1.5756573746629394,1.2794124057912428,1.6060775556879072,1.8824131228608418,1.9838188640145789
2025-07-17,1.7169912237168254,1.6512928118339159,2.157795240538042,1.6587679876826278,1.5076979426630306,1.4651109278957413,1.6340353211040235,2.1073724005999925,2.3262980914319913,1.4650048700583842,1.481513695110706,1.862578458512339,1.394846894124915,1.576730911668903,1.2882974430652934,1.6164540511501717,1.890296840948845,1.9977034957526827
2025-07-18,1.7109398400882108,1.6458716266698568,2.152394460395306,1.6516677477110389,1.4987737317011194,1.4566588477190523,1.625062966800268,2.102397080841017,2.3217475795322553,1.462061934127508,1.480516629075501,1.8631900190238437,1.396384704258702,1.5716228984373277,1.2852925363466814,1.6133665783938478,1.8915032577136066,1.9993799131704721
2025-07-21,1.7197579374182237,1.6559138173648693,2.156332664820475,1.6631839538781157,1.5086688103174848,1.4712776824475604,1.6416339082900926,2.106765195226969,2.323769392823717,1.4605331090977014,1.4793319194141925,1.860321384791674,1.39834978525766,1.5707228835488338,1.2872610338500567,1.6172811806120226,1.8892818038651689,1.9937793186670214
2025-07-22,1.719138080743153,1.659159447939664,2.1659554731850053,1.6687235914468033,1.510533940859843,1.479520652736758,1.6476762490318206,2.11374597509846,2.325426532234183,1.4749970239578238,1.4962269312678849,1.8806542555953103,1.4080981915401085,1.58322092039788,1.294135642475896,1.6287154474203105,1.9107415517285216,2.0134603771582165
2025-07-23,1.730940494654992,1.6664366115688445,2.1809200613030697,1.6815010299939372,1.520148889026035,1.4903897352381295,1.6605452412918906,2.127230650323287,2.345124155157733,1.4781818778987093,1.4998922636991576,1.8862004292520613,1.413939634917071,1.589688671019897,1.2958414155294236,1.6310123403089245,1.9168288966040734,2.025888860668337
2025-07-24,1.733590104901339,1.670649824911727,2.1763812814340646,1.6806795840581807,1.5295388305631934,1.497268011834094,1.6674605754704643,2.1199851492033397,2.341292909491987,1.4804447792681463,1.5025633619301393,1.8821051665527782,1.4206770143271195,1.5991842905624722,1.3031157908423343,1.6388822549806579,1.9138877022661138,2.0192480886361652
2025-07-25,1.7394850151911563,1.6725635776542638,2.182645948651894,1.6837533173138848,1.5338338485251481,1.4974138911414503,1.6680386597908516,2.1257631267123864,2.3486509289088287,1.4868437429088646,1.507586518942423,1.8899941783223033,1.4249181591410072,1.6071227986517778,1.3057299718096789,1.6442696189556218,1.9217255519657113,2.0292283691423525
2025-07-28,1.7275442928741729,1.6598311375581893,2.1707720666010086,1.6713880126788392,1.524818224311183,1.4890655992070794,1.658652449208428,2.1152039178958506,2.3481383929285435,1.4774900224158038,1.497516384427789,1.8743679804709408,1.4198893608909544,1.5988690696533998,1.300226547260462,1.6378388824855308,1.9054812276912365,2.020215616440705
2025-07-29,1.7359415574711994,1.6680550257362523,2.1756247720209947,1.6837751154599019,1.5384270379893248,1.5050519646274008,1.675520992449571,2.1188963099789664,2.343729991989375,1.4878045700795417,1.5105837947922878,1.8769408566336216,1.4203147567306091,1.6107647900963282,1.3001111326633452,1.639316847898828,1.9094485989646575,2.0185775014073717
2025-07-30,1.7314146466711762,1.6613491390880835,2.1675062980802546,1.681137790176472,1.5329466305279567,1.5011349089683945,1.6719734372488582,2.111438814121964,2.339007304253217,1.4889961423003655,1.5074308279101254,1.8656547669426125,1.4314722033972738,1.618628595392872,1.3141563241772696,1.6536186772905535,1.8978844120537945,2.005644478893559
2025-07-31,1.7158740785314561,1.6417156488480982,2.1466426170127426,1.66665474703029,1.5225516091918445,1.4842080351529399,1.6556388874987282,2.089240649951783,2.3091659563704647,1.4897720006405801,1.5071095896931348,1.8516788727754345,1.4287547761039863,1.616256645798575,1.2990511540496845,1.6388358554872569,1.8839611796558644,1.9875102866078767
2025-08-01,1.717643158211065,1.6382236572808242,2.135071053659007,1.6701021972485754,1.518229979700633,1.4835686259022642,1.6541772015363578,2.0777450437722726,2.283245158405263,1.491576942289818,1.508356572720957,1.843665528328119,1.4328430571705184,1.6131017253702649,1.2963209995738303,1.6385720109691606,1.8760602276608376,1.9674056027238138
2025-08-04,1.732510657536423,1.649438967243926,2.156053089357211,1.6894051061270252,1.5298066187024084,1.4952620726654005,1.6676604564267354,2.0986888000062374,2.311469063603872,1.5045634023419,1.5188187911608835,1.8656040472513904,1.4484367074323865,1.6295159102039554,1.304475124353892,1.6512062999601542,1.89818890112742,1.9914514611191736
2025-08-05,1.71678376647771,1.638284320634457,2.1455355131030984,1.6707193280331714,1.5226307099463334,1.4713092778011174,1.6413423497049202,2.0893219493078594,2.298444169184604,1.497101748289792,1.5076219700727809,1.8583278851817409,1.4270749838725807,1.6182896154104427,1.2873180537707398,1.632941873491812,1.8892575615072682,1.9841709214730143
2025-08-06,1.728329030014849,1.649263682532827,2.1546121170045476,1.6766809523413206,1.533961753528359,1.4816813738558214,1.654944570700431,2.098062641094628,2.309782059554934,1.497585220701212,1.5051105428875415,1.8600004513360577,1.4277917859426266,1.6258683847179474,1.295158643763688,1.641385952136018,1.890394858761523,1.9828534975693297
2025-08-07,1.7310510249216033,1.653085938085726,2.1514505428861765,1.6774792435953605,1.5492212690070657,1.4927627126129712,1.6672404789395139,2.0959421229417736,2.3025442565668097,1.4997737550303982,1.508986390328496,1.8612156758946,1.4322640011958534,1.636284927372126,1.3065114557491406,1.6537329132648786,1.8915682322173268,1.9787607320607046
2025-08-08,1.7373903908912611,1.6613117888492213,2.163035576730039,1.6865912859751675,1.559783658709691,1.5002073309194914,1.6757108265104346,2.106007396826999,2.3176138415027303,1.5062214881568794,1.5137908518731353,1.8669198801232212,1.4391182585422913,1.648168137256816,1.3217517037278603,1.672748410871952,1.896420055344929,1.9845076319943382
2025-08-11,1.7366323604394283,1.6603991572917813,2.159008489136317,1.685544570362092,1.5588521910431619,1.4936638435857645,1.6689131067359972,2.10094260422624,2.313422008610513,1.5082472339220616,1.5153507533114658,1.863894271530989,1.4369203118540868,1.6514002589774295,1.3176238813769887,1.6664873411559886,1.892788135191884,1.9781694926245748
2025-08-12,1.7409992716338456,1.6638591004183212,2.170730610184121,1.6876129719606818,1.5597743922040785,1.4936540272817167,1.6673146004130093,2.1123799136102095,2.3416778370837337,1.5111253540590104,1.5207043471664288,1.8749853906679044,1.4355661341978525,1.6500390111278742,1.3156942248682235,1.6636905296058042,1.9044407349245707,2.002177853631565
2025-08-13,1.7465034655635008,1.6703754256748533,2.1818876050947233,1.6877911316483771,1.5579507279322748,1.4877395694773883,1.660621486165103,2.1217865344100595,2.350838132552261,1.5077016592162742,1.518772608519089,1.8918023937547064,1.4316238131062071,1.6432681715620985,1.310089884068956,1.657214691719993,1.9213708505574325,2.023824986642206
2025-08-14,1.7419963911132867,1.6676987829926138,2.1773292453600406,1.687134350337113,1.5575836377269858,1.4870890518256046,1.6602378944887177,2.118062005110554,2.3475471579190756,1.5042321071008333,1.5124712491714405,1.8817406490866073,1.4290607701122509,1.6419958395817438,1.3103283749740144,1.6544795559062349,1.9100885248406294,2.0122032240496783
2025-08-15,1.7496676155140565,1.675792921025972,2.1803916581367395,1.6992260435643292,1.5630231647660198,1.51672307881596,1.6928881762092929,2.122399764546659,2.339986144038853,1.5060797620319997,1.5154393940425757,1.881943083027714,1.437388404459072,1.641003051943597,1.3260419005623985,1.6737396695337434,1.9094468706670054,2.007041815764206
2025-08-18,1.7472126892539457,1.674802900717849,2.1799260545327326,1.699457309972342,1.563463413990364,1.5185753204358357,1.6950910044775789,2.1227018005896214,2.3433741111920763,1.5022134490672177,1.510230324617715,1.8772102037786953,1.433310330261139,1.6383842923631586,1.322418719510234,1.6710419235495033,1.904698466943234,2.006059376016625
2025-08-19,1.7603244815689576,1.6879950211072559,2.189660161708169,1.7123112502232505,1.5729050506634947,1.5308772914241549,1.7087331065109101,2.1308307222836724,2.336936625242371,1.5073001591562234,1.5174074640531972,1.8910614902933403,1.4396082775102346,1.6450616698083624,1.328528843787861,1.6765918444828367,1.9187453188385253,2.0137309221896316
2025-08-20,1.775020894547495,1.7007354742588328,2.203715743778299,1.7265984431157368,1.5837081872626477,1.5401053078378932,1.7186405056967158,2.142885184084688,2.3412165606025215,1.51833319376694,1.5271347674835172,1.8974154148124343,1.4492815315204792,1.6561979081044018,1.3403919768881354,1.6910660053573403,1.9249478682852972,2.0141261697736974
2025-08-21,1.7714534408034528,1.6967247033728812,2.1916241182184466,1.7234996663922313,1.5809133946527576,1.5396056762125467,1.718326602142903,2.1320713647897653,2.3306322515828533,1.5204045864512388,1.5288813691695842,1.8904666208343401,1.4537442572542267,1.6559848972059292,1.3494857145675725,1.7002289195890743,1.9184623001308458,2.0064792679261956
2025-08-22,1.7768955758266216,1.701191788140472,2.2057641359816103,1.7245889311976268,1.5847593604119077,1.5379898500171205,1.7160457781377787,2.145324842275235,2.35830368063913,1.5164266166565568,1.5241698046395185,1.907702390712564,1.4492093421559142,1.6556004394523716,1.3438639756569086,1.6922143672057497,1.9360910983455362,2.0401130299556014
2025-08-25,1.7638256965765704,1.6885374831497109,2.1865366597016447,1.7132152200259791,1.5761195010530569,1.5341427301050419,1.7117588896530638,2.1271534059547585,2.3421986921157174,1.5105736696931427,1.5181614570402553,1.8898362177591193,1.4412030400749252,1.6500024764416745,1.3385296738477594,1.6853191738640427,1.9181812518867731,2.0230061262930317
2025-08-26,1.7640398916347835,1.686914194149619,2.1909384787871256,1.7086303077889113,1.5716156107460855,1.5238762709760434,1.7002454382760535,2.131461610559427,2.35371816947585,1.5064143229110214,1.5142587650923873,1.8890295262009256,1.4323533800158315,1.6486185039668306,1.3275122203204888,1.675052658131541,1.9177887086336713,2.026147073388801
2025-08-27,1.7669749792596559,1.692136360698504,2.1922281041369205,1.7118964948403168,1.5765979588342738,1.5343063127208125,1.7111411523730036,2.1329590121614515,2.355626570131354,1.5081014509365402,1.5163406911724324,1.8926724458591908,1.435398885422657,1.6499528043513834,1.331934412239033,1.679439019191469,1.9218196387315543,2.0320152546861894
2025-08-28,1.7663546766500224,1.6916153090734922,2.1921597005780185,1.710561620074563,1.5772625234385176,1.5340268557785566,1.7110460753708276,2.132717293922184,2.363472734840273,1.5056972886515296,1.5144979763862254,1.8885755354127314,1.4354691524798247,1.6511139642815302,1.3372662737815497,1.6853590829994876,1.9169362302254886,2.033513662212574
2025-08-29,1.7696338361253274,1.6983743275406895,2.194490377626901,1.7170178235554963,1.5838084999721451,1.5438101809137763,1.72121148854307,2.134531323030898,2.3528524888803206,1.5077397932155394,1.517224715288969,1.891287625724592,1.4400643207004746,1.652593888786703,1.3432719807635178,1.6910068413700037,1.9191796635982314,2.0295706864816982
2025-09-02,1.7681336299640418,1.6974897088205232,2.190013606791085,1.7156185461741391,1.5871254831889454,1.5438853561552348,1.7215261790232261,2.1302458684820795,2.3403054957588267,1.5149020877756156,1.5239440230076853,1.8825908018522595,1.4498730527889072,1.6638175053346587,1.358604279705269,1.7089228996584207,1.910310087028917,2.0165187291530717
2025-09-03,1.7694676501399917,1.6997796538281793,2.1867123804331436,1.7222709910204472,1.5925043788566333,1.5574929801712294,1.737329484208234,2.1271282416376502,2.3351128061280093,1.5148805209488612,1.52466653617094,1.8794462883601628,1.447807068113354,1.665566206055556,1.3529783954763606,1.7036419180604316,1.9072368344451804,2.011778477356668
2025-09-04,1.7728367952182,1.7014525216059062,2.196098617085435,1.725646293172924,1.5963541173942295,1.5556479534921734,1.7351535362901607,2.1357061553516696,2.350636083826288,1.5176191181791032,1.5280272248094262,1.888833789453423,1.4509120003363314,1.6727231606129964,1.3555321988522473,1.707537545432222,1.9167700645072827,2.026335423114524
2025-09-05,1.7623803803992928,1.6931295551045669,2.189459217395565,1.7219247572949359,1.5836601235955787,1.5556816576697665,1.7345658174377456,2.1308066575520352,2.346073342996461,1.516272216352262,1.5280911575040141,1.8869251582832491,1.4573438182550433,1.6667009388805882,1.3580695661695708,1.705448060260437,1.9159786180989675,2.0239453427184952
2025-09-08,1.7594058760994467,1.6864999457331542,2.1893072179033166,1.7183532588350254,1.576795305151736,1.5471295164605159,1.7252662638687095,2.130670423230242,2.351911588723063,1.5104291137911292,1.5215681144178386,1.8843658492296738,1.448332404816767,1.6572185033012092,1.3442644919434001,1.691009883617214,1.9129298186127741,2.0238007487813934
2025-09-09,1.7650805831371879,1.6908735589212012,2.1916637553115246,1.7281418933780486,1.5859439916663016,1.5640317852573853,1.7441978387612114,2.133549667950375,2.3603159605196247,1.5099389453094678,1.5210284098133262,1.8808686546603584,1.4469282069446774,1.6607688032193395,1.3465187612431162,1.694514960422144,1.9101434945731974,2.0200779686950963
2025-09-10,1.7519413963263386,1.6768497461991578,2.181733203265223,1.7214671577154572,1.5742009440782765,1.5477006051618167,1.7262567774534432,2.124880837711028,2.368167247963325,1.5068687295531753,1.518232124644574,1.8732122949721377,1.449597045782573,1.6632291513591027,1.3452673948272387,1.6934257109516313,1.9033416119526263,2.017340917150402
2025-09-11,1.76366272554861,1.6877874521241898,2.2044234930861086,1.7315856453108525,1.5785333689461314,1.5485626313701022,1.7270442510907655,2.147674904447669,2.39258290602364,1.5130392631912257,1.5243861273869341,1.8984741627676682,1.449174387349224,1.6644003792009614,1.337236608888074,1.6826954694009724,1.9287024223881089,2.045045759950341
2025-09-12,1.7538392733168477,1.6737087873581131,2.1897884365414804,1.721476667327529,1.5685448095883956,1.5443200708636293,1.7211432586862907,2.1333158270003536,2.378239143930477,1.5072691738428967,1.5190286979954355,1.8867472888132164,1.441021953206933,1.6554408053721597,1.3186632651594643,1.6613888888343165,1.917893761571674,2.0308262226319655
2025-09-15,1.7465265050143366,1.6682237972227554,2.1841953632167495,1.7163642370332186,1.568619275492572,1.543543644702062,1.7194922717441097,2.128481400294691,2.3830881656552236,1.500217462439181,1.511340812545569,1.8778416994445055,1.4344178186541952,1.6507038558734564,1.3111228322465687,1.6534554690283594,1.9084991466977763,2.0263976181467243
2025-09-16,1.7418547822222321,1.6628097769777532,2.181185485832921,1.7077004140245406,1.561969640716252,1.5322995653696325,1.7062038656473009,2.125145027781769,2.381994008173993,1.5041506070080546,1.5147493758529995,1.8736337408247483,1.4375847274046294,1.6570098247175409,1.3107465069448447,1.6522921867611609,1.90395056011274,2.021264428649389
2025-09-17,1.752084259582177,1.6731690608599086,2.193007176041915,1.7174752221503087,1.5682292206351567,1.5364784948943842,1.7106781191299243,2.137279916594911,2.390684570903714,1.496464692064305,1.5061451108911894,1.8759135646003458,1.42955902896497,1.6449846083532718,1.3135784051776094,1.656849468461258,1.9058536802102146,2.026361564635229
2025-09-18,1.7370797994926421,1.6599830219725384,2.1916195535234486,1.6991846514738385,1.554621395021729,1.5213821150797435,1.6917922651609245,2.137271215677363,2.4109698985855488,1.4876430998201209,1.4961242661809357,1.875393691400284,1.421968725280332,1.6352046684133046,1.3117640413095473,1.6515428276716246,1.9045629770855916,2.037411455723103
2025-09-19,1.7409872153542394,1.6654570466653744,2.1945593573916278,1.7055509883835163,1.5607428644631536,1.5314488569185127,1.7039396673406046,2.14071110418614,2.4158071876375526,1.4768967133330548,1.4858011357102063,1.870553541876678,1.4128023097362292,1.620221434918055,1.3117560862901079,1.6510642061044392,1.899166658199556,2.0340378275845525
2025-09-22,1.7347171831259809,1.6598500440554655,2.1918877103407675,1.695771077661102,1.5511340394892108,1.5209803550637921,1.6934509324557692,2.1394303934201173,2.41868792227719,1.4695625329094613,1.4780438647690097,1.8686556204637987,1.4047112808696736,1.611837359400214,1.3011245332713293,1.6406287548401308,1.8971594452859282,2.0363934677037743
2025-09-23,1.7429506432681916,1.6665648875662658,2.1956537110257535,1.701751099754391,1.557757118939382,1.5267314750046719,1.6996241570498145,2.141917169042562,2.4157063506029055,1.473199416624421,1.4816369641485405,1.873267856666208,1.409083378582791,1.6136732554144742,1.308157817378985,1.6494220279962497,1.902777898903803,2.0387670936675977
2025-09-24,1.742226575528553,1.6693063098429357,2.1923123596693106,1.705224876987736,1.5635246201344708,1.5353633805435658,1.7097707368231632,2.1378129140180735,2.4078695587595007,1.4762601171392122,1.4850250952474928,1.870390159084742,1.4135025158224437,1.615198539495169,1.3158601779506378,1.659572993641366,1.9016889737918288,2.033551322295234
2025-09-25,1.7404840521932077,1.666094554051832,2.185983282716104,1.7007240720606003,1.5607690024340357,1.5281403506518136,1.7020155640999817,2.1311041578990726,2.396250125862911,1.477294080596943,1.4865235683779612,1.8610444427879407,1.4140063133791159,1.6194622517855832,1.3129810673385707,1.6538147179947225,1.8917084337444812,2.018472803996713
2025-09-26,1.7503503451365001,1.6775654751890752,2.1991158926077037,1.7091965779084581,1.5725727216546552,1.5434771550492623,1.7189511868279201,2.143889820013231,2.410345451730134,1.4943076729782707,1.5023944313027733,1.879881699106919,1.4296121933705763,1.6350556561461573,1.3293486885550625,1.6730820160314486,1.911621990158451,2.0381599728290247
2025-09-29,1.7505393462547085,1.6793788300587427,2.2006565233344357,1.707138260772323,1.571086053983588,1.5405290552823259,1.715610612305104,2.1458309738053103,2.4145737170742927,1.5474332678896503,1.5570876266166174,1.8998489552299291,1.4780907028463857,1.695395033579216,1.3433420783174277,1.6892683527659627,1.9354948881056009,2.0439178235288695
2025-09-30,1.7642547380039955,1.6927770911692137,2.212431362954143,1.7200826599151082,1.5824945481732893,1.5519184821294116,1.728684146622967,2.1566393226505887,2.422588705802394,1.5492627034359618,1.5582504924622547,1.9069090743439963,1.479176906685061,1.698902793166206,1.346949040068496,1.694696040930969,1.9419355360702906,2.049247380572215
2025-10-01,1.7591726008198592,1.6901218947781977,2.2158426975570626,1.7161258426496728,1.5817600606123572,1.547880119533883,1.7241756853071988,2.1617027011733625,2.434985951609693,1.546757670131416,1.5554440582346791,1.9040027852917665,1.477655160780597,1.6987823600499234,1.3396842323182385,1.6866591541004186,1.9389862715592474,2.0506428116833817
2025-10-02,1.7536825038542385,1.6862253022217275,2.2095198507302274,1.7086837215225832,1.5778315943644357,1.543469418512536,1.7190412170905573,2.1555149988585143,2.434933961108793,1.5461556553660174,1.5561193383020375,1.904668882980426,1.4772108731547648,1.7032997292493892,1.3305393520650668,1.6763048978011685,1.9403947442917302,2.0545367981292637
2025-10-03,1.7604773462323462,1.6948805662768516,2.2169892469075196,1.7148012176919927,1.5841343033606048,1.5469552648797864,1.7231894871468556,2.1620993353258613,2.4370138655358504,1.5452610960421145,1.556515959895901,1.9111453186712026,1.476678466706102,1.703073048803683,1.3330770321261918,1.679659699094462,1.9466084879785737,2.0611466649290437
2025-10-06,1.7581300949834506,1.692289925326146,2.214928464809698,1.7094853637308127,1.5885519530018197,1.5415581723768992,1.7171927500782187,2.1612898398855935,2.4491595635765857,1.5456724018841377,1.556797859156694,1.9092600610584614,1.477457025032263,1.7053594300591701,1.3282629228278762,1.6731897542363494,1.9444788798128074,2.062850083044865
2025-10-07,1.7635647260598017,1.69476784970642,2.215832172917834,1.7138658755267577,1.593581226826985,1.5454738867651423,1.7223620744681563,2.1608379988947126,2.437186470841241,1.549548271412495,1.5611041053691703,1.9091901615705966,1.4827769942373474,1.709103738065433,1.336515807615386,1.6815050874638662,1.9452094117274512,2.0540666517993444
2025-10-08,1.7647863412812603,1.6943427246268505,2.214459864522195,1.7084685060423233,1.587438424263412,1.5375877003540304,1.714402969342509,2.158997320025346,2.4489470524431494,1.5487977040956016,1.5605531176749958,1.9098562557609458,1.4835523673323923,1.7069907295932922,1.3336323077122787,1.678964435621876,1.9458611697726491,2.0609842508742817
2025-10-09,1.7576481293681563,1.6859911729022299,2.2036989452031928,1.7024949905121471,1.5823931589338907,1.5405053605193744,1.7181723016683648,2.1494557600132436,2.439375160580411,1.5465040004423503,1.5584986532771936,1.897685659897128,1.4849099980030316,1.704574552719277,1.3322030476055335,1.6772659083618877,1.9345932806320283,2.04612029482407
2025-10-10,1.7481538437426352,1.6784732771626827,2.176764559946085,1.7006641494425967,1.5728161836205978,1.543419539819297,1.7229417000955953,2.1235280240265455,2.382822091738472,1.5444772228097965,1.5552977165627702,1.8780484145050398,1.479861540755479,1.7000424276519273,1.3285975710036173,1.6736984420397993,1.916190817501421,2.00157743085723
2025-10-13,1.7477037176393964,1.6783204784738923,2.1853948348586223,1.700982147562325,1.5750715964628317,1.5442554221066296,1.7233611384998344,2.133609065194045,2.4140423314655632,1.5472235380749573,1.5594249867997396,1.8843081830092425,1.480846744718017,1.7028444314873263,1.3327335773858027,1.677971882967306,1.9209631892466088,2.02111967421387
2025-10-14,1.7609245883460685,1.6898594515953471,2.20397374257801,1.7151562695205294,1.57962893858117,1.5493905991050687,1.7286119638929924,2.1509139693979384,2.42002098784155,1.550350473232332,1.5614390791890957,1.9002039684730467,1.4826778333639559,1.7050696615436725,1.3348544152990163,1.6796821011044893,1.9357534511793941,2.0364295931195633
2025-10-15,1.7523929985871796,1.6855945841495068,2.2000972009270487,1.7120169199918713,1.5786522866099442,1.5499775337402788,1.727681557122972,2.14810234990274,2.4291438866641086,1.5508149190716014,1.5602885024315096,1.898241233503846,1.4844346711167022,1.711573336790954,1.335887463369153,1.6824720932046473,1.933570663157939,2.038417924016986
2025-10-16,1.7469768130468313,1.677384174110814,2.1834602805407823,1.703753545689082,1.5736068363052025,1.5422431377610581,1.7189872472910854,2.1324560369948093,2.4116323073614843,1.5407818836808274,1.5509956794829571,1.8802516658914032,1.4770654996615926,1.7122039980234522,1.3246599898564158,1.6681433982265115,1.914628059762549,2.015613452407841
2025-10-17,1.762785620385341,1.695414612980445,2.201321940741388,1.7200047808910874,1.5852631309075231,1.5566155099852552,1.734267701180608,2.1499538826016558,2.422379206972328,1.5500768269148266,1.561587969855485,1.8933367217791488,1.4876015126657223,1.7182399839487192,1.3394318575945565,1.6881324896164012,1.9277466924895001,2.025830476861164
2025-10-20,1.7689684219551045,1.7034614453936592,2.214781578975,1.72301495068768,1.596007806362313,1.565981153060689,1.74309876660199,2.163194862024139,2.4462862008572293,1.5512729480963197,1.5640970588199992,1.9067564934488146,1.494363206406216,1.7254713731953182,1.3470607255834277,1.6972964442567124,1.94155327589437,2.046012770256449
2025-10-21,1.7674171579249436,1.705079716601086,2.2166315967548833,1.7185785410573065,1.6018675393382722,1.5570395811176647,1.7335470615523785,2.167996552041643,2.4473552380110823,1.5483614792304161,1.562531782278779,1.9101459383248087,1.4893007644827556,1.7197273084233706,1.3389417003662702,1.6887796254103753,1.944979823471612,2.054998327574469
2025-10-22,1.7678314870598106,1.710930833100754,2.215260372116088,1.7217689581914366,1.6066046696401188,1.5549040471586173,1.7327983537322116,2.166814230372197,2.434547995223457,1.5471284893249677,1.5617004279575135,1.9060087594941282,1.4866714134261871,1.7193653674946523,1.3416405588378628,1.69214622056527,1.9411459529629889,2.044107820195261
2025-10-23,1.7629263704053129,1.7047979628036776,2.2155588730523386,1.710915544728028,1.6006273633221837,1.5434683128860298,1.7207424360527583,2.168686461960179,2.4542317961177793,1.5450126744186643,1.5579362574624411,1.9061331810253481,1.482445227571477,1.7176508330082843,1.3326570160560576,1.6808573599756984,1.9405694229429944,2.0537577879369127
2025-10-24,1.760490452691428,1.702341286160236,2.2186401494610353,1.7100375825651715,1.5983486728384848,1.5493450028229514,1.7263587359738126,2.171335423346053,2.468731571702875,1.5428726748009842,1.5553615323212315,1.9060421980752318,1.481627607048033,1.7140407988576298,1.3337354349930635,1.681620229970829,1.93933134743873,2.0592362477994675
2025-10-27,1.7652239897516078,1.707157943047034,2.2299152798393638,1.713471994364282,1.608286789901928,1.5508639048186308,1.7272536373384144,2.1824243813274777,2.492406728264544,1.5504578307944197,1.5626039520485784,1.9124772243568582,1.490567757893856,1.7233774724842843,1.3452700683362204,1.6964027161099782,1.9458888048331775,2.068850321493284
2025-10-28,1.75605839909866,1.6995655454368874,2.2145126056990514,1.7085127183228928,1.6001530841674139,1.5549072890663085,1.731318112542554,2.1678566593279895,2.4806554875107993,1.5450934240420668,1.5604404540219152,1.8962085638543562,1.489212619727006,1.715015034791231,1.347057425959026,1.6961576602122304,1.9290719925217517,2.052120178475995
2025-10-29,1.7422763207798941,1.686465639276777,2.191518794655542,1.6962034081168045,1.5920204184680717,1.5595889842516522,1.7359724428138994,2.14549016425707,2.468356785792201,1.5360744511370152,1.5472909862217785,1.868763512752325,1.471855154204901,1.7118417101867336,1.3246028324842738,1.668877686344801,1.9001939240732326,2.029332449051853
2025-10-30,1.734898325909444,1.676942580915032,2.1828864792866027,1.6850593124341977,1.5713012013174952,1.538614277408531,1.7124681761637734,2.1373645759045403,2.4511339798672607,1.5345630017356926,1.547162003785264,1.8653118298490754,1.4742746391739545,1.7108894611145755,1.3193911974464256,1.6608611295139357,1.8990810992534504,2.020241500935606
2025-10-31,1.7257914225073439,1.6719734708841452,2.1792767992663817,1.6742879981598866,1.5638794784531236,1.5367557095973692,1.7108081932246668,2.1345594059246573,2.456172492491441,1.5356501693096205,1.5476504874204255,1.863611661392128,1.476115694848361,1.703113152711935,1.319249060945637,1.6600959532423003,1.898464715705564,2.024575782548883
2025-11-03,1.7166214667934312,1.6645941315153916,2.1719846799698086,1.6681331612977248,1.5581504267338961,1.5361545127020306,1.7100240186248823,2.127070758070865,2.453886948996917,1.5285643370349082,1.542680644683907,1.8571789391675197,1.4715769076264156,1.6973502468393642,1.305165338462235,1.6440577432035266,1.8929157542602928,2.018657656580398
2025-11-04,1.722481722256312,1.669955246906556,2.174430480152768,1.6757691703436441,1.5616099425030827,1.538071736279177,1.7140933950252635,2.127787165187267,2.4285950299109786,1.5308592360848352,1.5450801051561984,1.8580996819159574,1.4718028133624483,1.6992528815211978,1.2991647320768596,1.639451220892045,1.8943672814480792,2.006401368337303
2025-11-05,1.717562119443628,1.6675563224487322,2.1788430309329105,1.6684770217242908,1.5579719943798902,1.525790891905257,1.6994162430653266,2.131517216254004,2.442125491877676,1.523654289904551,1.5364330020183767,1.8605129443592334,1.4663475193836,1.6886908243036682,1.2814082630824102,1.6204130298166968,1.8947852687539064,2.0152998280611585
2025-11-06,1.711582042911866,1.6624917846825487,2.1659787796432375,1.670641438249881,1.5461100563169197,1.5254910292468773,1.700247839260818,2.119824637376623,2.4114720435780326,1.5227173030434407,1.5357314224617074,1.852671465324548,1.4645094602258215,1.6890953726536186,1.2802790996924571,1.6193761549396184,1.8882928078926153,2.0020467718335944
2025-11-07,1.7261269279383513,1.6762718944716932,2.179768608662502,1.6806101132103943,1.560327395687638,1.5331145118527025,1.7094968300428923,2.131597380346449,2.42098007434887,1.5269242720942189,1.5395216066631137,1.8687206142341566,1.471158329911955,1.6970683145408325,1.2887173819265,1.6295685572422831,1.9049506184965819,2.017930444497844
2025-11-10,1.731759090554662,1.6825023383321336,2.1896426801803184,1.6864431600027776,1.5679622440634042,1.5408361091845573,1.71794965020616,2.141885605781198,2.447154306893472,1.530324746719568,1.5408868856714222,1.8734227125819078,1.474040569607525,1.7037165214809107,1.2905898670792633,1.633752167623724,1.9104447022489361,2.027932804425561
2025-11-11,1.7545758169209966,1.7016145410777401,2.2130589526903193,1.7078774111765544,1.5867225601029948,1.5552142331829668,1.7349180385531882,2.165996063125737,2.457632389653607,1.5329505405238344,1.5452690149135762,1.8872097069546823,1.479381565261288,1.7097280047187648,1.2949553177038553,1.6411950684305368,1.9249801925939434,2.0378411626282245
2025-11-12,1.7593412629776821,1.706508537822602,2.2209353186514607,1.7140929654996402,1.586349592141466,1.5533965881278795,1.7323400683669863,2.173488496618221,2.4682296253891263,1.535558588729546,1.5492663860478877,1.8914940751251241,1.4795294924932902,1.7112498727820102,1.3015198007685809,1.6473127157195453,1.9291132180609283,2.0439450034172006
2025-11-13,1.7618802153237734,1.7079024947493122,2.208274613143782,1.7138697100350215,1.5830115197525496,1.5453190439168738,1.7243734336779482,2.160832005229913,2.427760778720937,1.5332734036975015,1.5458448558243256,1.878716086473025,1.475476108193871,1.70805393622879,1.2939417669179993,1.6380407210221024,1.9167302736247378,2.0181923493412635
2025-11-14,1.7606321302586971,1.7073271444827498,2.2028697770010073,1.7111922179559107,1.5854507315410782,1.5480986429662456,1.727664566944176,2.1551737312142416,2.4214928501854867,1.536028630041642,1.548298571563473,1.8760084727664201,1.4791475210060743,1.7084959182125354,1.2980324988553087,1.643317127039179,1.9143698879763904,2.0148043623704437
2025-11-17,1.7598935331111463,1.7037943212370912,2.18843894449264,1.7117699054934485,1.5839234156592967,1.5561623470462516,1.7375278158395249,2.141103356645643,2.3940571012319727,1.5387306154177458,1.5500371939634792,1.8613427670884977,1.4849828148071014,1.7095249481330983,1.310441394033134,1.657312783872748,1.900527763473467,1.9886318320791343
2025-11-18,1.7598620942894794,1.7070138504884869,2.1837842838909785,1.7115461147170055,1.5859077995764148,1.5587008388759762,1.7414790507854954,2.139414764151232,2.380551910017244,1.5405693690439535,1.551461116673461,1.8621574050505478,1.484455156590143,1.70706478393947,1.3110037943517336,1.6585579865731113,1.9018583837578988,1.9868757630754055
2025-11-19,1.7496521450645521,1.6937254261235128,2.1782983797845747,1.7034321951907765,1.5768281137144673,1.5502245068048575,1.7328206486252888,2.134217284295874,2.3874805767317286,1.5365859459569307,1.547586527559088,1.8542655388559597,1.477263507955862,1.7026581913883938,1.3050917486748084,1.6498016170980354,1.893591462516801,1.9824323108856683
2025-11-20,1.7365368012063127,1.6819170278854754,2.1604833440373112,1.6934627034514698,1.5655304010756055,1.53710555587217,1.7195455248595768,2.1171404253561885,2.342373141187565,1.5279459483691549,1.5414792257731602,1.8419912125132312,1.4665623664512653,1.6901336246482164,1.2894519614360298,1.6297812800608054,1.8817701618524634,1.958041411831476
2025-11-21,1.7525567694222288,1.6970369178443363,2.1876135773893197,1.712158512080059,1.5791372692537409,1.5500555882788085,1.7325598494617853,2.1437747017247695,2.3678352193995535,1.5313543868005814,1.5446088127388073,1.8668595797369851,1.4690667795453722,1.691793921125426,1.2916118510183778,1.6349756303065563,1.9071443982484042,1.9916335169115247
2025-11-24,1.746497543458881,1.6902967200524024,2.187632103466437,1.7035647057850871,1.5766676169977567,1.5478527759887324,1.7301603847788136,2.1429022313890975,2.3921836154315668,1.5302261406465942,1.5416991633457269,1.8674091845280376,1.4659592106260297,1.693446862367048,1.2900644329249367,1.634994390117228,1.9070735193409953,1.999964087544141
2025-11-25,1.7646030242206672,1.7052382486567061,2.2136258251692413,1.7241773146863575,1.5918291966791775,1.5629330563882073,1.74612545798499,2.1683470545270818,2.4194577587609256,1.5360919853221648,1.5490271946563559,1.8884901023995306,1.473407989335106,1.7013794605929384,1.2988195953220651,1.6479582263521282,1.9277943920841119,2.025996424098865
2025-11-26,1.7713041410019605,1.7111880826933874,2.2212493935813478,1.7288421222806523,1.5957547072576959,1.5657691925400727,1.7487244021618786,2.1751769449935447,2.4370003342295834,1.541217437660391,1.554189449950114,1.8973033912104749,1.4780408470882596,1.7074475516222798,1.3115346600036055,1.6614198385670864,1.9370691244213356,2.0397870959122466
2025-11-28,1.7774239287148437,1.7171397872661716,2.23264998587127,1.7334178891488448,1.6024916841693764,1.5680922887809843,1.7507230135417355,2.1859906538124987,2.456495430217896,1.5481247377183491,1.5609112270031842,1.9047526703324509,1.4824611072596598,1.7140495432964196,1.3190130021038022,1.6707931407985712,1.9444500581475423,2.051166814728555
2025-12-01,1.760770182127975,1.702861241700758,2.216987820272002,1.7172035699163724,1.5875013099564537,1.5560012749910055,1.7367193040390385,2.1696613588934865,2.4396150122713416,1.5422370238951761,1.5533314612707436,1.8888774112923379,1.4764372712938765,1.7099881066063756,1.3109922002551122,1.659150078776403,1.928706870875083,2.0365010394551257
2025-12-02,1.7562264689758436,1.6983510291154702,2.216992602274955,1.7066074475405177,1.5790242734185678,1.545828858183932,1.7247437819711613,2.168461279733031,2.452200127970556,1.5383399435676282,1.549255300877936,1.8836012373193722,1.469907962819387,1.7057050054729226,1.2976009155197752,1.641265294665408,1.9228998556579173,2.035618097145282
2025-12-03,1.757050960573264,1.7032717531829311,2.2301743943052252,1.710555639712915,1.5801519364019743,1.5438652709098042,1.7215306882413188,2.182297488736431,2.4762547421650636,1.538598350387063,1.5490899128984936,1.8905674085941564,1.4691803685146936,1.7040577349772377,1.2903426120526043,1.6310072709984371,1.929483267704054,2.052810183937044
2025-12-04,1.752201043086886,1.7008560960461323,2.2256618879428194,1.7042443651776404,1.5808162927229306,1.5433725900881479,1.7211304901875597,2.177885326205234,2.476623865669516,1.5433719272955344,1.5536204952885322,1.8908413493733098,1.4712818124105198,1.7084415927889047,1.2915765904442005,1.6338008505895119,1.9292822083436785,2.0554220460692467
2025-12-05,1.7512552167489817,1.7028450470937004,2.2267597602414657,1.70638096885477,1.580895052892974,1.5453261601296624,1.7228484219691116,2.1784888657269303,2.481961509293443,1.5454980882750902,1.5559870292832556,1.8907768469950579,1.472577089174451,1.7117754355317456,1.2920715168378334,1.6342163651536528,1.929198356886229,2.0580094033121625
2025-12-08,1.7374394624688394,1.6918531925078841,2.2086937816665193,1.6954293444737298,1.5737241577924284,1.542904229006446,1.7192521917952588,2.161214750313858,2.4706025759234844,1.5469635411606713,1.5556636386453286,1.8784624398645893,1.474349359914807,1.7135273846803791,1.301578731874329,1.6400573914899061,1.9163042027136779,2.0443025766028677
2025-12-09,1.7242389970048966,1.6805073424092505,2.2002099540308357,1.6843696413769975,1.5639829075116676,1.5270652872012385,1.7018943123298214,2.1521395542834814,2.4664360972419885,1.5447020014928883,1.5545935397955635,1.871877812060161,1.4737399024848838,1.7124558355438881,1.2998768724729117,1.637007980362773,1.9101216129836363,2.0397794453991693
2025-12-10,1.7313490948298187,1.685168607675913,2.2134419335317754,1.6908820138781837,1.5658139008084848,1.5369663128983142,1.711927075417428,2.1649884497846013,2.4910263256122556,1.5418793679460967,1.5517715287457876,1.8849750260642033,1.4696366848366016,1.7075012489167356,1.2993670949796445,1.6375200187896846,1.9222577789426218,2.06400397331161
2025-12-11,1.7387973615907915,1.691183558602872,2.2276317449065184,1.6950219687273798,1.5636468637621315,1.5314586104614916,1.7076055362015057,2.177265098532636,2.4997195726667423,1.5488999187362034,1.5549689091012815,1.9000067816589674,1.4719962541741491,1.7065931393246998,1.2997850777148259,1.6387724577136407,1.9378489809132156,2.0807595068092963
2025-12-12,1.7495422789072141,1.7010666206766225,2.2344918010982173,1.7045644071968669,1.5751336706421577,1.5318589076357325,1.7082557468644803,2.1823239069791756,2.477703302745836,1.5476253257055332,1.554726995196442,1.8988713588671338,1.4696206585858846,1.7094073174438067,1.2954705133528557,1.6358057731598545,1.9373913433437173,2.0674757463056306
2025-12-15,1.754099540557348,1.7023165405409013,2.23889291488774,1.7102484237918205,1.5795128056673584,1.5379815053239325,1.7148020490810414,2.1870206708947593,2.4757171695287874,1.5489589714425471,1.5571862168614579,1.904822156636365,1.4742820738564297,1.7120782037038758,1.30193836817684,1.6411300228750318,1.9435125618789533,2.0695161572495517
2025-12-16,1.7403897588540858,1.6875391985573491,2.2253142038325553,1.6943129963895822,1.5660175548556416,1.5195749303128525,1.6947411261575656,2.1727812485428246,2.466451065285631,1.535719875332164,1.544624347063885,1.8911442522303985,1.4592943710686284,1.6947941767825572,1.286046823950056,1.6221008890757043,1.9290014813171188,2.056042065601715
2025-12-17,1.7429009252104284,1.690848641481979,2.2219777047121734,1.6957897881972102,1.571077795620623,1.5196909778947278,1.6948299921255705,2.1679640790342405,2.4400569017970404,1.542324811047666,1.550568701177635,1.89187947330489,1.4619618525989737,1.7036473961154015,1.2881746308455553,1.6236353741298104,1.930099575029544,2.048082742511635
2025-12-18,1.7384439187422058,1.6855559095375978,2.219862107266357,1.6906561508457951,1.5689251722848658,1.5104509550154603,1.6847090167327035,2.1667177342186674,2.4551133323702587,1.5363528143359346,1.544943852093329,1.8915578237242434,1.461706680077438,1.699246972608507,1.2865589576894065,1.620427428110415,1.9288488670593513,2.0523731396394433
2025-12-19,1.7394473597380795,1.6878719192049498,2.2232150414457443,1.6911396772103289,1.5685116868232791,1.5147143938878653,1.689326750237437,2.171675039552974,2.4758894653498493,1.5349055348046574,1.5416269429975304,1.892616461957733,1.4612770397559525,1.6995585352220168,1.2929059568323316,1.6268738946944914,1.9298929870523789,2.059871766802215
2025-12-22,1.7465802852451824,1.6963435423824453,2.2334286671364048,1.6959631008705596,1.5773114320143307,1.5157566692484163,1.691121594944005,2.1824514671114126,2.4945547235442738,1.5455083325718308,1.5531256621733338,1.9044805083879415,1.47050747454358,1.714310630454462,1.299568403287783,1.633780113835009,1.9419396700007776,2.0752753875285883
2025-12-23,1.7456531370495907,1.6940651389239436,2.2328726660862612,1.6970453072639011,1.578777924847542,1.516490858234449,1.6928994881443231,2.1817533270599934,2.4956280524379064,1.5498278345725012,1.5569262124854764,1.9030537880697833,1.4742548789344774,1.7191825360280302,1.3042415152334723,1.6408830054636547,1.9405470055223273,2.072073685199235
2025-12-24,1.7541751716727199,1.70266566349993,2.2420854781723896,1.7047998279477505,1.5862296286975,1.523653028117812,1.7009663882007344,2.1904735928371917,2.5049821358486812,1.5553914764553287,1.562928480290516,1.910232015214624,1.4800514538313636,1.7242496864152417,1.308719526260126,1.6466646737833877,1.9482825862155446,2.079432771800492
2025-12-26,1.7537205284180686,1.7027055644472293,2.2417711013082444,1.7055552620578474,1.586645396351446,1.5269164904631733,1.7047088298691284,2.1903955432439046,2.5033492939733595,1.5573517009479128,1.5635678925614722,1.9109160819450217,1.482753808171331,1.726738399697577,1.3136611581264968,1.653282596983828,1.9489304436163477,2.0796419410703435
2025-12-29,1.7541306041557359,1.7036712438820563,2.2401396928853314,1.70505864378935,1.5878451058880652,1.5276113656652734,1.7054732851128716,2.1886295276561953,2.49702882456066,1.5598325792767969,1.5664880851251033,1.9099944725769167,1.484397321831184,1.729188452551776,1.3173189928551994,1.6553064827239852,1.9477462551255031,2.0758445513610053
2025-12-30,1.752555441235547,1.702281047585835,2.237851622889473,1.7044230426037876,1.5886796443585178,1.5281068116284502,1.7060867062486589,2.1860183670802975,2.49193386764085,1.5594254534552954,1.5669696194937677,1.9077471223213969,1.483486348620051,1.728017784553018,1.3168803382165128,1.6544139649228748,1.9449419005990423,2.071857404196355
2025-12-31,1.7438558350622313,1.694337016227059,2.2228914842486307,1.6966764091105941,1.5827068051794573,1.5239313916662223,1.7014535976390144,2.1710782211000423,2.47115315246848,1.5510344492913315,1.5586505861557298,1.8927836307034567,1.4752351366626795,1.718213795037049,1.3089413936098317,1.6454593288866308,1.9295381880658287,2.0540462228426017
2026-01-02,1.739845119248482,1.688651129946604,2.2234922436464037,1.6922250292241976,1.5799647446658152,1.5187258422864018,1.6946258980961542,2.1713380737364476,2.4841914316434264,1.5538255382633874,1.5615243449688552,1.8961685386730158,1.4772595889085007,1.72400694614308,1.3170041612711156,1.65361785731276,1.9340488502064983,2.0680733885190494
2026-01-05,1.735327026708094,1.6854033865467504,2.23287632660863,1.6848149151859129,1.5778738613708396,1.5011665590338752,1.6750788223389066,2.179533364961546,2.506242498629509,1.554048864012439,1.5619444514726228,1.907018530070758,1.4728863712733267,1.7222739648450989,1.3135147869499337,1.6455607521616984,1.944774399562256,2.0864823957460334
2026-01-06,1.7420774666867176,1.69238300306484,2.251774365306471,1.6906183226901599,1.584635183108467,1.505285441440262,1.6788935597471613,2.1984891413369487,2.5350504850740156,1.5585254271847746,1.567508911535798,1.9225000503908023,1.4721809680176123,1.7265996105748418,1.314164824671965,1.6485290198907974,1.9598733765660672,2.1091180045714166
2026-01-07,1.7388723387574752,1.6901084867608582,2.238957136846326,1.6918941417732265,1.5761687524212271,1.507060094991749,1.6812951434082974,2.1879841356073064,2.517674161003819,1.5516649528719404,1.5600423970567874,1.90471840285257,1.466180647463352,1.7115334460164304,1.3064894702035268,1.6410714577025654,1.9420514218433524,2.085707402076743
2026-01-08,1.754344867304606,1.7039911925388238,2.2561059078463606,1.70815820783638,1.6000805756046113,1.5267681863335472,1.7021634864288386,2.20245836464326,2.5169918552795423,1.5641794331653351,1.5731864010666772,1.9215337393001626,1.470170826314277,1.7292881419539106,1.308231820279037,1.643621394675585,1.959478932170976,2.1004237741634837
2026-01-09,1.760139686891872,1.7060021661679805,2.2625932770673027,1.715010154498704,1.606046021105702,1.5391470052418639,1.7136418027304088,2.2089681586900074,2.5342935167526224,1.569480969801951,1.5796777731941423,1.9268919842886847,1.4706143906642462,1.7300030772393564,1.3177040472243782,1.651046552167349,1.9657880462746282,2.1110447399691337
2026-01-12,1.7717927982281758,1.7141151143481377,2.2659138103574987,1.7262264013965758,1.6146994794880012,1.5592018032701074,1.735779635225877,2.2100943480508755,2.5347069625756546,1.5821263541375619,1.5930718255624297,1.9302561070200297,1.4848173402335714,1.7474017394110595,1.3386486548639356,1.6743392024113588,1.9707646226961129,2.1126406241812257
2026-01-13,1.773023891996057,1.71430497685631,2.2582959946842047,1.7308368479612823,1.6181951411676696,1.5694186373837469,1.7470552509590411,2.2046292763048188,2.5262571982641435,1.5916594224406198,1.6007443862482997,1.9308566628337078,1.499624673218314,1.7554197788550945,1.3474232102367265,1.6845222562934656,1.9720079755009652,2.1120036446934414
2026-01-14,1.773709429637284,1.71593194974862,2.2661395925165246,1.729369994317206,1.6208729753698072,1.5620649171053298,1.7378800829331247,2.2125614779427476,2.522553606888516,1.5980087931704996,1.608414856947697,1.9407054098418355,1.4987788023120237,1.7570046911166137,1.3484290206280305,1.6845366716381225,1.9824167078230006,2.1170872667711857
2026-01-15,1.7650297828097934,1.7096165405191583,2.264092191209584,1.7246959281542755,1.6180033529995843,1.5552681650476758,1.7310018096157573,2.210868159545244,2.5286054824116184,1.6066280746225015,1.6181254876904019,1.9462292182719214,1.5092473615313873,1.764329170860818,1.3627074510551151,1.701384788705507,1.9885394728321153,2.1254813403734274
2026-01-16,1.7629741880704044,1.7069308389765203,2.26249016904474,1.725902469755048,1.613473428244963,1.556016093879251,1.7326073732190705,2.2093765305454967,2.5280314963245423,1.6377514233679231,1.642388618408473,1.9601120146111288,1.5147909651471558,1.7834047711423544,1.3876321339872288,1.7292810781677082,2.0021793155696983,2.127965129550311
2026-01-20,1.759283293340334,1.701747126752971,2.2362024420481323,1.7188015314472622,1.6081529114062334,1.5609750669116915,1.7370685051726509,2.1840645615595955,2.4877982878296083,1.6413919153614052,1.6475923920547508,1.9363816715955857,1.5199941709454954,1.783915830374283,1.3911273155753292,1.7310159015115085,1.9789970803880697,2.094746286119203
2026-01-21,1.7635454945074043,1.7053775440605774,2.258642645410232,1.7286926573428218,1.6122135747621682,1.5610837417964347,1.736992151801922,2.2046244573718337,2.5180625933877203,1.6528548463893495,1.65818894682525,1.9568134311882832,1.5215201452666651,1.796415047861864,1.391222870428874,1.732431980129168,2.000974883439061,2.1256200397554745
2026-01-22,1.7656842351381408,1.707141173612253,2.258983902898822,1.7284879983132098,1.617200497062331,1.5636881902016886,1.7405699733360682,2.2056916783186833,2.5266202145371617,1.6581447164312337,1.662390721717482,1.9591839444045154,1.5226216516522504,1.800184973923209,1.3756820745552956,1.7188331169070272,2.0006887034125804,2.1292846703465913
2026-01-23,1.7768826124075106,1.7166557146592785,2.2585244998390124,1.74365279000244,1.6306894663424871,1.5822645378540645,1.7635881474364383,2.204922731135843,2.5163549628445177,1.6683698900464548,1.6741728730794512,1.957225247220709,1.5311689684316292,1.8081553919567626,1.3862694986572135,1.7308940604241883,1.9987838540508538,2.120687930081782
2026-01-26,1.7857673016139395,1.725771993030711,2.2690408963687734,1.7561523373462926,1.6400643290380195,1.59794808850084,1.7803742766684199,2.2133588489819473,2.5272140845273743,1.6726946871984625,1.6795895458530394,1.96435702390491,1.5339893185151396,1.813050562397903,1.3848341770672616,1.7326982827249675,2.0058388618735585,2.126771776950137
2026-01-27,1.7926232248013283,1.7288794962513654,2.2698085412069635,1.762061937974177,1.655426021582348,1.6209057862903593,1.8056287117756178,2.214494613383096,2.53105861515354,1.6792280072354562,1.683861149077989,1.9618827218060568,1.5415602236002435,1.8199389165081132,1.3953046646384077,1.7414865569407394,2.002626769769923,2.1233882689543195
2026-01-28,1.7936307362399408,1.730209084772273,2.264363576594167,1.7555046692157306,1.6491404847048332,1.6161757566494914,1.7995276331059138,2.209402044588581,2.5287487056058824,1.6819553396207023,1.687727892560302,1.9528258949814001,1.5396204667082212,1.8183543948293295,1.3893170488661903,1.7336033033559834,1.9928766414657775,2.11755259930435
2026-01-29,1.7859939256684567,1.7166945355720362,2.2701428631744416,1.745910852626997,1.6403250866999222,1.6089276746298256,1.7912555552281126,2.212379534748137,2.5298866673914944,1.6750216576746295,1.682419278087111,1.9522566869291775,1.5388713651075776,1.804405874496071,1.3768172573496007,1.7195743336785392,1.9908142991243294,2.1186609106669216
2026-01-30,1.8103104119609068,1.7390969811255854,2.283756592032353,1.7666936374874593,1.6586610459211915,1.6256932116904648,1.8094898734136,2.2212551496376625,2.514498523034192,1.6803889707851933,1.6900900547842033,1.9552551446395372,1.5440907639780024,1.8085919288474572,1.3752611380708062,1.7215497057094487,1.9945305222318865,2.1096030047029095
2026-02-02,1.8184627715080135,1.7437452725014246,2.2977611415354593,1.7728565074052507,1.660115564477321,1.628374419250027,1.812645848686946,2.2337234278054745,2.5306120211826943,1.6838654579555115,1.6959773093185468,1.9608237997818283,1.554191122944772,1.818912497070431,1.3847280455646507,1.732319028498852,1.999994257624013,2.119602281447719
2026-02-03,1.8315198122634992,1.7561846175675113,2.2915972739982187,1.7885707628016232,1.6721943224822622,1.651622267002163,1.8376545895340333,2.2211165180158545,2.5025136997380133,1.698841896704234,1.7090512846279484,1.9553612458626006,1.5848699202998147,1.8472629007029788,1.4115850675001602,1.767435040835848,1.9966197819866718,2.109618046318683
2026-02-04,1.8338521727246342,1.760305171327158,2.295133961653032,1.7910131375000455,1.6661859250296367,1.6532682058933195,1.8406881970841305,2.2254964025960677,2.4818115770302827,1.6985078304144585,1.7053790587357704,1.9693095166281696,1.583080062484253,1.8416273434131814,1.4078327700370066,1.7613689498512655,2.0115373628807136,2.122036134525939
2026-02-05,1.8389275628850814,1.7638371404101407,2.2860061581109483,1.793979386072167,1.6644994961918917,1.6571124280303557,1.8464745611873277,2.2145974865575258,2.4486659382791394,1.697666836794534,1.7061701334992971,1.9604346305628546,1.580218833756637,1.8211453454292048,1.404089662359008,1.7607056952891704,2.0032159116193986,2.099443987003338
2026-02-06,1.8625913470103443,1.7875174144295052,2.3163149362616804,1.8178772952190692,1.6808783888984764,1.6912915555473786,1.8818936183954007,2.2432409942351352,2.502034167023022,1.7147593834463524,1.7201020784253558,1.9843502959027126,1.5900431050590431,1.8363122114631,1.4129512867303982,1.774777583586485,2.0278868209653798,2.1411004916627445
2026-02-09,1.8663530462920561,1.7892272081611287,2.3144747500229883,1.8182493832428672,1.6836494021993702,1.6901985738083625,1.8819290207313701,2.242347940813137,2.516199617773715,1.7255770795662304,1.7313598744487602,1.9822695719610988,1.5999462640787392,1.847376882372227,1.4262578606201481,1.7880234227389213,2.0237940337686777,2.142595512099893
2026-02-10,1.8581050005712585,1.7829709198456862,2.3117784620192277,1.809196299140696,1.673756517489821,1.6783006164318264,1.8679393808166536,2.23647884399358,2.5096030267191485,1.719710909371095,1.7242478942835848,1.9856405339688479,1.594420659967491,1.830104213862144,1.4121092595402038,1.772604486766133,2.02615912990513,2.1458482288100824
2026-02-11,1.8656894924207879,1.7875085606119252,2.3200193808504075,1.8157874985655036,1.6798625000623926,1.6813634254408856,1.87235740514285,2.2404239808547453,2.511025752088878,1.7210604867368342,1.7257650856148243,1.9854097857126642,1.5968446418422135,1.8217792539951023,1.4110322419527115,1.7712079130819651,2.028028917345142,2.1468529559113163
2026-02-12,1.8637281736946931,1.7866238627048114,2.300145213427215,1.8242295039742935,1.6828018682126307,1.6843399989464989,1.8757819837739462,2.229957209392704,2.471848489014867,1.7198719716622728,1.7229026522605677,1.9719131315892102,1.5986245916215394,1.815957345608207,1.4094043663439602,1.76864995227227,2.0128832522380438,2.117767255897798
2026-02-13,1.8662696910823526,1.7934989748969001,2.31193445850002,1.8284698188370363,1.6803387560068799,1.6851361279973207,1.8775333440621471,2.2402060937997637,2.489817546225333,1.7253299749517004,1.7305177794922326,1.990260602180521,1.605245431695246,1.8148901165697022,1.417034912581528,1.7808509982001353,2.032351433877485,2.1408977312595328
2026-02-17,1.8641638697524392,1.793524109238208,2.310115862370062,1.8181400730606863,1.6788535032710223,1.6694793304223536,1.861086411694105,2.235589057188812,2.484810366412109,1.7274986352181885,1.7325485714008806,1.987410815445635,1.5969127215922727,1.8173044846215087,1.4015665873392769,1.7640111723891403,2.028571961823517,2.1364723170543574
2026-02-18,1.8664036608137493,1.7932728488611227,2.3123781631052664,1.8197044634602604,1.682259143836359,1.6734338559560484,1.8669504118205458,2.2368126393196484,2.495534966026591,1.7327607647320846,1.7353465265265269,1.9914295441228478,1.6046352858965838,1.8223206061911175,1.4098894687581627,1.7746519073664968,2.0323728943969237,2.147844101308021
2026-02-19,1.866230281656776,1.790235267646362,2.3074290932014856,1.816171623580342,1.688864144565412,1.6802916538819916,1.8735789943858168,2.2331282652116387,2.485808115972145,1.7444303878743757,1.7454542285359513,1.9908202780002657,1.6140602078011022,1.830050419663184,1.4224366987561672,1.7881880855068886,2.0326525888871885,2.1430011098316877
2026-02-20,1.8716575574790706,1.7913287283098493,2.317042193688013,1.8224649773988877,1.6912184836738666,1.6786026140018848,1.8704815845665854,2.2407952092437458,2.4963647410689656,1.7426030745000989,1.7428823570363632,1.9991306823517112,1.6130351450231477,1.8240850485227766,1.4171337398242738,1.7830379954564677,2.041230298900608,2.1538903011646173
2026-02-23,1.8842459505371183,1.7959399446981446,2.3035442107849198,1.8273506409973002,1.7029954718808213,1.690024697042714,1.8831871497020205,2.231188363080069,2.462568150503456,1.7521601190534004,1.7522511578706959,1.9893992258437319,1.620646612475342,1.8375136447451486,1.4179875822612233,1.7820394026154562,2.031121211397686,2.1251267882079
2026-02-24,1.8885704028404233,1.7977343105709782,2.3150036417344686,1.8287596142632492,1.7074206994728345,1.6883183431416715,1.8819561697995881,2.240228654601649,2.4827428993748293,1.7568749050635462,1.756101940870976,2.000914142916304,1.623233187521022,1.8445042578959778,1.4207749331531265,1.782907098469077,2.0426665400890514,2.142662097820839
2026-02-25,1.8928482984492754,1.8008357056014384,2.319284101188552,1.831052294197655,1.7048290501384773,1.6871466068599212,1.879746322931215,2.243411022928248,2.502539431787827,1.7595461765085842,1.7580974871919075,1.9986535548168607,1.6251767538842872,1.8460572295948277,1.4320066610717268,1.797085728869234,2.039908912636255,2.1485454286535774
2026-02-26,1.8948719177520572,1.8103364333010503,2.322429932210922,1.8346251343584972,1.7042741617188102,1.690034380618709,1.8826359581595946,2.2461041252466263,2.5012545460522397,1.7706421525816893,1.7708205649513435,2.012848145721187,1.6387173528936019,1.855563657692115,1.441975612465595,1.808658635229392,2.0536178714828814,2.1609279783142425
2026-02-27,1.9266020321476736,1.8406670167395034,2.3448121020577517,1.8669779025990965,1.7302806026541733,1.7207592320584573,1.9180407513226023,2.2719535338494428,2.5043991322806245,1.7964185846022207,1.7994653452445586,2.027302003853093,1.6619849454581745,1.8741964123249841,1.4673973198093335,1.8389120536933565,2.068781886803255,2.161704722690025
2026-03-02,1.9192662064605859,1.831669375673721,2.3371738173655663,1.855743758130431,1.7202938093372178,1.7097143251348865,1.906022796811141,2.265178135451744,2.501113017886479,1.805297915380575,1.8059902171294753,2.025079461657829,1.6688774404212416,1.8804777371704282,1.487514555448002,1.8589066105220164,2.066516183276528,2.1595189687314336
2026-03-03,1.9051083803935753,1.8221346915872438,2.3196025721302718,1.8462147865863527,1.7092091911100544,1.6994026731146172,1.894622761901335,2.2480939443563317,2.4698879267604616,1.7977725905697535,1.799413178216012,2.008755782280745,1.6638570936345374,1.8773837119445913,1.4871952143542628,1.857630986735091,2.048865177135869,2.1344330480152034
2026-03-04,1.906317322961118,1.8224199087102693,2.3274173481459304,1.8469155546405964,1.7079510466841186,1.6985236591997215,1.894377145789164,2.2554744893514838,2.4912025486586002,1.800527605584102,1.8022715275670487,2.0102841606275357,1.6649962286779683,1.873006232084377,1.490466135402118,1.860828092103072,2.0511395283640614,2.144517727692103
2026-03-05,1.8861673765798592,1.8075740688900719,2.3005246650213476,1.8288537589382596,1.6940906428662539,1.6922043564780112,1.8875653149023313,2.228908655042032,2.467467123379279,1.7830123479584514,1.784455304834915,1.98954802899501,1.643156083910733,1.8576117610559157,1.4730954057832437,1.8391045631438525,2.02964640565536,2.1233313899915682
2026-03-06,1.8845898246164945,1.811709227539001,2.286352926228327,1.8274203614893185,1.696856215170389,1.7008453209302328,1.900015604254893,2.219056042007176,2.435472065633887,1.7887538679034953,1.7885402613935621,1.9775109312883128,1.6469269751333528,1.8642579722358874,1.4825284362214395,1.8517040608164106,2.0167536499991905,2.09592080576239
2026-03-09,1.8875789395826976,1.8093635663220153,2.2896712931006924,1.8268738695659006,1.6991861697953787,1.7007268471360848,1.8977983244438028,2.223310374993929,2.450986544148285,1.7903190902208788,1.7897869877750054,1.9768494005943225,1.6479010880557807,1.8678088836323399,1.4778242468032865,1.8452669796209165,2.0174060872650212,2.1027525701344407
2026-03-10,1.8800735593378168,1.8004417224373153,2.28466340051952,1.8236998565484384,1.6895683208628376,1.6940112732835146,1.8908316218199601,2.2160564026558345,2.4471421122381005,1.773930955294859,1.7727433502423553,1.9601473935349112,1.6295062579411481,1.8467213545696513,1.4587559612641845,1.8253249173810113,2.0011318296093905,2.085875424135778
2026-03-11,1.8692298556853795,1.7925571815910706,2.271535518117448,1.811132575485302,1.6819514616689093,1.687879715373047,1.8829506155311666,2.2033671289142704,2.4384487301185107,1.7709573666249785,1.7704961237134837,1.94912940043537,1.626774059283481,1.8421388576169335,1.4583979892044792,1.8244673615632516,1.9903155021778216,2.0771075509637247
2026-03-12,1.864663600501336,1.786898160387284,2.2485360082620574,1.80796976613349,1.677875497115708,1.6904176781456526,1.8855289905931072,2.18313031244718,2.398173837874181,1.7815377369405632,1.7826719497661283,1.9300340376924596,1.6492570222866036,1.845365829827292,1.501137551610239,1.88035124116379,1.9678796916746402,2.0344359707512503
2026-03-13,1.8677247082146535,1.7902057530410662,2.2477248735340436,1.806043821526436,1.6764443338509476,1.684624991525368,1.8777522018765072,2.184474436330474,2.3950801969658713,1.7786559874601888,1.7801244447758788,1.93129411917956,1.643939676147085,1.8402648370005819,1.4955943853374347,1.87232794640149,1.9673852447282416,2.034126500214031
2026-03-16,1.8778113757671309,1.801755653676606,2.259491398552981,1.8170654205447678,1.684937389780679,1.6917849793634943,1.8859435355503653,2.195488059690423,2.415348483290837,1.7854426444650933,1.7855752449904316,1.9418631796487313,1.6485981483976646,1.846097697572053,1.4972895295510507,1.8753856105429514,1.9779691167931186,2.0510333145800046
2026-03-17,1.8728632786154025,1.7992273951714912,2.2572303407148655,1.8113473834400753,1.6810625983648384,1.6820891533835136,1.8744098010955976,2.1929299645607503,2.4206429789212227,1.7794092199511515,1.7796296546683075,1.942794339411399,1.6429101240108193,1.8408146746759182,1.4897013539396762,1.8659501030962462,1.978277031194689,2.0596397321753055
2026-03-18,1.8412527110167147,1.770704550532496,2.220405756796315,1.774999222436785,1.6547257376169453,1.6501889784848571,1.837530944321325,2.1563247692470404,2.387218357008274,1.75636192653383,1.7539078263324295,1.9116185529139993,1.6229261643131905,1.8159020797410075,1.47016366711357,1.840799597111446,1.946593749480882,2.031749307778524
2026-03-19,1.8306490165500122,1.760288887983453,2.2125547571848228,1.76781572657186,1.6505649086115082,1.643559143184126,1.8309352035116198,2.147966905695271,2.3829895703009387,1.752651655140807,1.7525162468639741,1.9049165680751088,1.6208053901264872,1.8127533636907984,1.472918185856384,1.8435038608971106,1.9399400893876817,2.029770654014547
2026-03-20,1.8153327672028872,1.7468140752879808,2.190735042855931,1.751593066729653,1.6346827355229716,1.6312695663994807,1.8166063849714147,2.125586003886131,2.3536229598097584,1.7349505094877042,1.7361251566227707,1.8799973692021823,1.6055336862070657,1.7911281414781766,1.4574666411999204,1.8222305317875374,1.9148599879593917,2.0001572043655074
2026-03-23,1.8186295909064214,1.7489566316882847,2.200638782366647,1.7552042166452144,1.6368672519276612,1.6328199079163155,1.8189537354548229,2.134979373170977,2.3743583955420275,1.734898684019105,1.7335790659519368,1.890166595968154,1.6002217248378372,1.788485208682579,1.4461935310115017,1.8121819524731104,1.924805189770318,2.020209207641611
2026-03-24,1.8087654282851555,1.740807068408705,2.1951923712755987,1.748180618671432,1.630505820836372,1.6271404991508787,1.811980241018298,2.1285684413267463,2.3658416258516546,1.7353790014358355,1.7331134724083803,1.8894151624614635,1.5979185251615367,1.7849935561562507,1.4377082280497446,1.8048493310292206,1.9240553322475369,2.0221157251367843
2026-03-25,1.810826339876861,1.7425269300617472,2.202042075118133,1.7525984590891805,1.6324574932813882,1.6290691846229892,1.8148909392201016,2.135372444684649,2.3771024210628626,1.7285154108089251,1.72781659444075,1.895974561601629,1.5932003234746062,1.7807910575663384,1.4316951032509906,1.7991547400055794,1.9321175457780946,2.0314499840218403
2026-03-26,1.8041095151477091,1.7387053927329166,2.191767215235043,1.7475501918684995,1.624946062277956,1.618130307935453,1.8032450082888773,2.124691182889378,2.342673342590664,1.7269212246580004,1.7242382978216293,1.8902780994000876,1.5861793337113472,1.7822297903259576,1.4222132672132912,1.788937354619749,1.924979837085692,2.0124576166274073
2026-03-27,1.791967820871983,1.7277626691149992,2.1670548595196966,1.7338252629487894,1.6147142294684733,1.608206544986052,1.7933774199304167,2.102722283475184,2.3051668074863567,1.7143154029795518,1.7102415321332594,1.8717355673433085,1.5743827006234548,1.7661057904634587,1.4145883946086135,1.7791039331472671,1.9049823016481762,1.9853057754087664
2026-03-30,1.8019579116509612,1.7357703878979112,2.1757588000422685,1.746087034669847,1.624316407850657,1.6177724811935035,1.803953342328905,2.112414898058517,2.3008876446973905,1.722489715456325,1.7165255470506715,1.8766970656814042,1.5855183126610621,1.783028550278515,1.4213132553610983,1.786540339043634,1.9080506993325996,1.9804445843272331
2026-03-31,1.8184416398972,1.750909248345179,2.2038355404556493,1.7619750986204235,1.6404449818416338,1.6344160607145217,1.8212402810578248,2.1401153576372516,2.3580261771777606,1.731262726018645,1.7259681371122961,1.898706660009948,1.5999339238669188,1.7927633134311307,1.434243758440591,1.8039011746036604,1.9317782508310888,2.0211496345535194
2026-04-01,1.8160196168523588,1.7476756497415828,2.204729361069661,1.7590824248199783,1.6402968596073473,1.634921426678513,1.8203842737552411,2.1423237808216586,2.3720666572161626,1.7325563810031879,1.727414282410253,1.901626631275325,1.6008488298616412,1.7888673458589162,1.4353704211386311,1.8039882146268413,1.9356747150501579,2.0287322454633103
2026-04-02,1.8253328946848024,1.7578757639179574,2.2113294187727766,1.7678920572906571,1.6512122067701462,1.6441446935695794,1.832549167788589,2.1478375562549084,2.373290256714001,1.7440088444332251,1.7364990956608868,1.9115461492281174,1.614085244409729,1.7996906017167054,1.4468765621101873,1.8197871847749723,1.9450499848981166,2.033935058807846
2026-04-06,1.8334846758644465,1.7614141026218628,2.21638178828634,1.7709957661949152,1.6579829403608897,1.6516239157858132,1.8395185422791371,2.1525935530439964,2.382099794050782,1.745013534618563,1.7373483281587232,1.916484405296989,1.6154265596948036,1.7982834081942265,1.4504739476164277,1.8242825190804983,1.9511741083906522,2.041026281268982
2026-04-07,1.8265663931843785,1.7567555668192676,2.2082946377348023,1.7676783148651471,1.6545310134379356,1.6512945810030561,1.8383603602188243,2.143951151081515,2.381641376228587,1.742222203150601,1.7358907643605959,1.9090254808604539,1.6117448414344093,1.7956767026174543,1.447706651720339,1.8211426422972241,1.9431939924661077,2.0359569338682824
2026-04-08,1.8416498339631624,1.7699053989915936,2.2453611447690163,1.7836281259818092,1.6696766477816218,1.6641824729203294,1.8519460875138039,2.1791560562802754,2.439505332348273,1.7517584334557372,1.7418940341409745,1.9397293832076397,1.6242068242854655,1.79922195855424,1.4578097318066594,1.8325905229796289,1.9767104192660108,2.0838773920224813
2026-04-09,1.8453741971554167,1.7723769392988478,2.2499547126619075,1.7910824995665011,1.675667401361286,1.6787865371852557,1.8677195529216761,2.1839005979722375,2.4457869500308376,1.756432326056536,1.7468949950018269,1.941737387686866,1.6311333634465652,1.806482169839445,1.475301993112014,1.8511401123338898,1.9799608619665634,2.083870217744906
2026-04-10,1.823390824209038,1.7499423900547018,2.223535429793506,1.773251433753204,1.6590575395622718,1.6669147069156285,1.8551554855537848,2.1578795077674515,2.4266475759880026,1.741263038077544,1.7323489150110536,1.9221628179921475,1.616551270707237,1.7939403097244866,1.467829800063681,1.8407608982958166,1.9602881943916082,2.066756363974324
2026-04-13,1.8293346200939866,1.7575354642709424,2.237577374290775,1.7790949690843014,1.6644502110357808,1.6682607867306056,1.8556327157093704,2.1697037416246774,2.4577392792031447,1.7444305475913877,1.737408201044568,1.9318649158216654,1.615246174535954,1.7981317914036434,1.469495710400281,1.840081108272366,1.9708945237229887,2.090478751774664
2026-04-14,1.8578825408531248,1.7646438311711958,2.2337445418858204,1.7950884646073173,1.6774195627626565,1.6366013250827502,1.8337238628854373,2.159327339807097,2.4169271575332054,1.767418556897778,1.7567322357476796,1.9327907042264443,1.6217333235412517,1.8121363398108994,1.4992844528610967,1.865584308281273,1.9716056229831425,2.086633775997588
2026-04-15,1.8604275153638448,1.7673521721117051,2.235086135475429,1.7993175752408268,1.6847486966471632,1.639910653630697,1.8378641621045373,2.1607044614794795,2.4205358685872858,1.7625434316976714,1.751310724025005,1.9283902315181296,1.614422645796278,1.8099897878992761,1.4925685041566854,1.8566941979934226,1.967351391908507,2.086836145751919
2026-04-16,1.863933968194978,1.7696492621691624,2.2340967968215826,1.7995167805617296,1.6798353586621544,1.6418528526096459,1.8414805854700484,2.1604345654517263,2.4241471670420625,1.7726758858776532,1.7606319664842538,1.9330612806612448,1.6225910519373548,1.814500433764374,1.5014503505692636,1.8673318755536856,1.9716104145595543,2.0953928878223906
2026-04-17,1.8618117675666306,1.7687220383833997,2.249369858291968,1.798019158690659,1.6782408687247057,1.6373911522525257,1.8356013390804684,2.1738314455162415,2.4520227384096995,1.7683683252641398,1.7578305576572943,1.94692180257454,1.616540073201353,1.8080422249915629,1.4945592086447572,1.855765052512077,1.986977583293175,2.118570446142417
2026-04-20,1.855699092850468,1.7651957331917172,2.241325735220732,1.7910287438443604,1.672146197250193,1.629109349014268,1.8265692392723334,2.1673292484764954,2.4471484867528064,1.7652480684020886,1.7527997849804122,1.9451663688713046,1.6144644631385274,1.8030581449270595,1.4907305607235342,1.8497543340537417,1.9857942159064526,2.123050944560999
2026-04-21,1.843713913366696,1.7508119682958156,2.219393889312491,1.7785889339989187,1.6549124348798225,1.618834613771282,1.814654964847755,2.145824694512113,2.431401072660919,1.7541027417377337,1.7408299895095465,1.9276236178245407,1.6052567861192972,1.7899090090610572,1.4847173315787197,1.8428703825534765,1.9668199583561103,2.1090971028516012
2026-04-22,1.8433738326315399,1.7499675440596951,2.2187018816856194,1.781912498167257,1.6527149631199634,1.6243825985699876,1.8211464391586896,2.144583703316008,2.4452633981397507,1.7579419406110046,1.7460130305377781,1.9242532255763378,1.6101930893988343,1.796370457305036,1.4934417663125197,1.8564419556373104,1.9642353850382852,2.1088814895614605
2026-04-23,1.8574178023810004,1.7638616265689775,2.228136134985352,1.7918584203610062,1.6663082357877228,1.6394989935795727,1.8375363209036266,2.153827340056261,2.4397713165472767,1.7849250029675692,1.7718618598316234,1.935701112606095,1.6336493705597537,1.8235907458862461,1.5124768710343692,1.8805960909922304,1.9747889280722983,2.1094613436027707
2026-04-24,1.8507258126454718,1.7566790041591729,2.218266081467826,1.788265204495022,1.664803032337659,1.6431152126569968,1.837319399849368,2.143826141640017,2.4468023219815276,1.7856844579152191,1.7704089725391,1.9244534813803036,1.632987449333777,1.8306163545405938,1.514942037315543,1.8882098119377029,1.9629724962243438,2.1046234370346832
2026-04-27,1.8487808753295152,1.7526824030332337,2.209332021867057,1.7841788301224377,1.6593815436685377,1.6394133406800664,1.8324725938391495,2.1383063337070576,2.442008620997118,1.8697038721496226,1.898845091038933,1.8916268516042494,1.6520120171998005,2.007770600219244,1.55226595185125,1.9793585206653168,1.9307739019741261,2.0825289087444965
2026-04-28,1.859306081403266,1.7658562132987505,2.2130088890111317,1.7970201070999163,1.6743892098330542,1.6545564402780808,1.848901752811813,2.1425275779453634,2.4247841787831463,1.796052014376011,1.7802132360986145,1.921568533857031,1.6363409657279835,1.848542050990357,1.5105426782246083,1.8830714145223086,1.9579060896890466,2.097692147518103
2026-04-29,1.8572360590100045,1.760164086723493,2.2057080099060116,1.7929981413288236,1.6668581520596604,1.648209812630279,1.8459875394376086,2.1371493762667906,2.4276790337429954,1.8120306496802392,1.7940140195854375,1.917350698055913,1.6442611662843063,1.870317811020365,1.5265336710241797,1.90610945634839,1.9523912164415227,2.0913936130904163
2026-04-30,1.86655651478191,1.7672190605540266,2.2315075227272727,1.805470682556078,1.6718249738038542,1.6493439514660002,1.8491986919284682,2.159565025842608,2.467046327823713,1.8254923925143278,1.8051136161966514,1.941411502383852,1.6626083250370498,1.8734763051026027,1.5404712373932694,1.9203872407928515,1.975607140322762,2.1214096162306473
2026-05-01,1.835578152228388,1.7286796366680708,2.2435116967468356,1.7863156477821183,1.6438305385448806,1.621705054002202,1.825204090493886,2.1661132144381066,2.480542791080244,1.7957964436717653,1.781429723270422,1.9364074872321762,1.6590548791854196,1.8468564195692068,1.5383382437632538,1.921233598039964,1.9697397551235176,2.1188179469561295
2026-05-04,1.8220749415913966,1.71393980115266,2.224827404062627,1.7731171806175021,1.633647438705516,1.6094921072703499,1.8121770619499358,2.148282038005775,2.4688482468316826,1.778949062183133,1.7641693820330389,1.9207112297472753,1.6438719421861523,1.8378533581455752,1.5233769434591988,1.906180970160739,1.9534268583619352,2.098498240577946
2026-05-05,1.8238144144231394,1.7152033033859293,2.230467168147358,1.7745493051785535,1.6373489326968471,1.6137893873382676,1.8155580013875168,2.1521228759541025,2.49004814137719,1.7792296027463548,1.759350135984611,1.9256448908549004,1.6440511312187291,1.8363492876759657,1.5237961707776573,1.907347187659231,1.9588183211862034,2.111858064409767
2026-05-06,1.8224687737673058,1.712086747768711,2.244672361219044,1.7804547812566167,1.637203900866068,1.617586163092618,1.8184399657928947,2.169065213962552,2.5259045223159466,1.7742315433167966,1.7512668588133493,1.9281418525790888,1.6362947594671955,1.819157228725476,1.5110971587563753,1.891802712630031,1.9622717042686775,2.1268371374913744
2026-05-07,1.8178949944842282,1.7083675564167657,2.236029162489022,1.7775489617495421,1.6314499883096483,1.6125168028983896,1.8126206399681517,2.1621719664641073,2.5080975709740767,1.773988422082744,1.7524323889290991,1.9193219961185062,1.6344376116475907,1.8282542630832435,1.5129278088526994,1.8939258448865504,1.9528553815229288,2.1115570902353524
2026-05-08,1.8083122589493308,1.696506122088079,2.230216619771944,1.7694807839831166,1.6187449169917516,1.603107120900773,1.801135897532605,2.1580876969151377,2.5230127184230633,1.770282543214936,1.7408711959149943,1.9113204399241701,1.6287573347633764,1.8134540248357969,1.5007146300818714,1.8765447164859164,1.944439903394991,2.111982161039985
2026-05-11,1.8079471440985353,1.6976393024509768,2.2280943271997864,1.768932107509072,1.6119761387016855,1.5968826846628421,1.7971714899434286,2.1559002231295255,2.529544142420459,1.7725367979044353,1.739899177861243,1.906573594341625,1.6336254101997014,1.814631024575269,1.5039755672126123,1.8792857536270273,1.9391200841389025,2.1092038143921306
2026-05-12,1.8247555300327545,1.7133939201663304,2.244781908115597,1.7858997430231351,1.6289117134889974,1.6091176170206227,1.8127641523700604,2.1715092832901166,2.530610488133341,1.7832419056935296,1.7498783062339536,1.9159621158034523,1.640962153722803,1.830697859590237,1.5131372500209848,1.893116024023607,1.948402760610966,2.1097688210142787
2026-05-13,1.827693716459293,1.7165886563391812,2.2415762000533155,1.7885467167353153,1.6361532856687153,1.6158936569892157,1.8186640752073104,2.1687139671321263,2.527813413552464,1.7920298040956493,1.7565511432724958,1.9096289319966688,1.6492711818238797,1.843520849872157,1.519289402338075,1.905419898589913,1.9415886603995687,2.09993548385658
2026-05-14,1.8378373653414162,1.7224422788601372,2.2503122934033333,1.7930528397658019,1.642882153549938,1.6210570978769252,1.8263766522340992,2.176572192208236,2.5402583606534765,1.7979726723251597,1.761788512290033,1.915158847447656,1.6519893422640157,1.848207788089625,1.5230806084746225,1.9109845967040457,1.9457017387449265,2.1091213551043313
2026-05-15,1.8363650237071718,1.7197696135932041,2.2361790308660927,1.7917769731657718,1.6438137922750526,1.605312669935613,1.83036762224941,2.16087520778977,2.492252638824905,1.7947558089769682,1.759263633573202,1.899760816618771,1.6556687314537144,1.8524201081389102,1.518631530237194,1.9171879939015533,1.9279333819349893,2.0841657801359554
2026-05-18,1.857160880074494,1.7408218791062364,2.2553534954200924,1.80912082561682,1.6627031933535832,1.617682395409989,1.8500317004467706,2.179230412342432,2.488158942769703,1.8133653361426745,1.779308573242933,1.92225062440797,1.6730352090977647,1.8713085987557185,1.5360646368693336,1.9378288314149723,1.9481147842273947,2.09655687998493
2026-05-19,1.8550568741498452,1.7372906662139571,2.250610678887642,1.8073175091439238,1.6613072741441486,1.614501208790818,1.8497481177522064,2.174435259530821,2.4757354895825396,1.811941129641962,1.776514601301619,1.9169948216799142,1.6725034722451455,1.8660588342342042,1.5356215181992652,1.9366717553635353,1.9423691947917596,2.0853318252343738
2026-05-20,1.853679704737504,1.7355522492194722,2.256507991804442,1.806269033662674,1.658546974911783,1.6180658499429326,1.848588307753786,2.1796869022676524,2.499384179372103,1.8064413537160433,1.7706496865666452,1.9244015826222935,1.6681057217345898,1.860134690013177,1.533557515719287,1.9330260399690309,1.9504062477398267,2.1066318877162105
2026-05-21,1.8483049904573767,1.730010938624596,2.2566837398000335,1.801127971699697,1.650525609194916,1.6180761882188244,1.8337973924890247,2.179358881745856,2.516976724283548,1.797700129746799,1.7627170117191753,1.9258761970490632,1.6610718348572193,1.8490213055020932,1.5282509407135216,1.9166567631475158,1.952686893131412,2.112134222526544
2026-05-22,1.8529910597599488,1.7333028517580487,2.2667103424056596,1.8040285415192954,1.651547822528968,1.6252978317746052,1.833410548669571,2.188477600704453,2.5357202806811228,1.8113619979319748,1.775923852282399,1.9370539341741857,1.6695591259466265,1.8633339558763988,1.5395091937935184,1.9293892144053484,1.965914506362338,2.129416837573591
2026-05-26,1.8398308879608367,1.7196846704782507,2.2562408231260815,1.7899928432775551,1.6366701162728758,1.6175622947251833,1.8192367486444403,2.1777451311415725,2.553636387820219,1.8027152376416435,1.7647225542216416,1.9316333101732868,1.656614679611107,1.84449031075165,1.5302419145607906,1.9154174066096221,1.9613203655384979,2.1362342500137155
2026-05-27,1.8356938506085887,1.71297032573641,2.252765311597508,1.7866396144797843,1.6304599042165717,1.6158424697837233,1.8174577594922023,2.174748494597385,2.5504408409975587,1.797781799313169,1.757172709199091,1.9260217234854469,1.6514791933708322,1.84249268096295,1.524154829943401,1.9146234754481626,1.9560976831383599,2.1330784367526343
2026-05-28,1.8290969083025157,1.7082117500415377,2.2512175535405947,1.7840643152181546,1.6283469915253668,1.6183526016195016,1.8135677983125842,2.174789899764025,2.5625056547198044,1.7885516659246439,1.7470480858982615,1.9234812672044974,1.6443932333005393,1.8392474028922123,1.5223827172289468,1.9082461120504788,1.953104087499762,2.138491359289834
2026-05-29,1.8246638354416098,1.7042762865981014,2.2444627301740905,1.7751287267945288,1.6173548864041556,1.6179389195522935,1.8034164712847,2.1693866687855796,2.5771180099793765,1.7820740863780444,1.7392643538198211,1.9138022494817817,1.637386053390559,1.8261609403784274,1.5166061992730302,1.8978141104584791,1.9430840220972392,2.1406331190060737
2026-06-01,1.8324666144619848,1.7090358734844597,2.229420243062302,1.7781072902995947,1.6204042456067604,1.613949407779992,1.8170774089230133,2.1553780096321056,2.572859531611029,1.7785902960421074,1.7357429805602866,1.9056323799631438,1.6409339674232708,1.8227257943644546,1.520077794160811,1.9107240824616938,1.9324839171863364,2.139448384132556
2026-06-02,1.8282042073828293,1.705109862161573,2.2289084803688555,1.7715702999772958,1.6177067741758344,1.6114767061984483,1.809657805553721,2.151140983114218,2.5812120038989197,1.773542717617959,1.7258688604076866,1.9052609142823154,1.630489413541175,1.8082628589927028,1.5164830894258485,1.8973307597310594,1.9312828149425716,2.145506437238149
2026-06-03,1.8234452050254435,1.7001802978974254,2.2268261697481,1.7687963677697145,1.610271054172421,1.6041801531999662,1.8043183285132938,2.146201006251142,2.573392182217824,1.7701054324378107,1.7229159773320208,1.9001612325661226,1.6292353906962553,1.8101120930687733,1.5126691786832693,1.8968558737667243,1.927986284691625,2.1360515922091703
2026-06-04,1.8288996830020396,1.7080820442406437,2.245127831283996,1.77872800306658,1.6156349597414748,1.6169164825780062,1.8119818617609085,2.164020692258155,2.5886954650581044,1.7723369322612397,1.7273702883527577,1.9171881922991199,1.6341199673739815,1.8152903141708583,1.5203624934605413,1.9043413999388448,1.9449706586894167,2.1551831112327067
2026-06-05,1.8364048090080132,1.71730809409216,2.244961745412483,1.7841367286284873,1.6219233447553987,1.6110901845358998,1.813655225607756,2.162718990095762,2.531567926246286,1.7725875897543855,1.729527718567536,1.9198433637039698,1.6369411327420618,1.8123366338025522,1.5193552637872219,1.905013767478951,1.947552555611259,2.130845371371829
2026-06-08,1.8285000498605495,1.7071764241946994,2.2335991815210874,1.776310078209817,1.6164387719526463,1.604012251146242,1.8092490376153973,2.150943628278796,2.5415491133068886,1.7640826890015813,1.720022836452624,1.9032304863846385,1.6266443648518059,1.8037654597743895,1.5080430666418394,1.8929899844655715,1.9311496718571772,2.1248520869614547
2026-06-09,1.8362767383992384,1.7149457643611183,2.2480587260812825,1.7819842864499924,1.6258376765534848,1.6106266621647591,1.8146823018068476,2.163295174351497,2.544203144015141,1.770235452899294,1.7282720733280155,1.9240159372811465,1.6326982715727758,1.8117771651708765,1.5132906601530938,1.8947082134177855,1.952866249064493,2.140365281927569
2026-06-10,1.8376462180294255,1.710643176639724,2.2386524177149605,1.7776551766537434,1.635010137733925,1.6015076276398554,1.8128088732664156,2.153601642937235,2.507340697757961,1.7746870283604932,1.7292499238331505,1.9186164760284663,1.63376010136233,1.819139135664141,1.5141264445107159,1.8925718421888564,1.9469992025994118,2.1149765414583164
2026-06-11,1.8340569906291515,1.7111921468768705,2.255605857812956,1.7771866359830866,1.630291274596232,1.6102968348810582,1.8043884260656884,2.170805675568109,2.5617358790859215,1.7672905048133867,1.7225211087544008,1.9283141601433647,1.6266098927168886,1.810294842846898,1.5094900702800291,1.8797471097755916,1.9585415699028987,2.1451118964906146
2026-06-12,1.8437406573066968,1.71936562248684,2.2702716853792158,1.7866468223528336,1.6373025372050045,1.6198434690043166,1.8131825813981948,2.1839378087446586,2.5882142750745345,1.7754647895573936,1.7305389285514885,1.9417128688316927,1.6358351938182247,1.816395755793967,1.5182682259111666,1.8910372396343922,1.9714740835590574,2.1623865974663317
2026-06-15,1.8435686110404643,1.7194821161352463,2.2743691751342183,1.7897614467822642,1.636974117781559,1.6249254058854359,1.8166925899572623,2.1864005921153535,2.6260196945121237,1.7710472532838903,1.7282113384934428,1.937405691296127,1.63480296342922,1.8144264951309101,1.5166388793093148,1.8878639733056504,1.967464255058875,2.1721378404950107
2026-06-16,1.8433222112399141,1.7216535457110227,2.2793898542974804,1.7878750528032534,1.631736167566999,1.626302525273672,1.8129566693646688,2.1909288325965184,2.6179197715867586,1.7710735633759134,1.7302539828195165,1.9393352629426104,1.633055078213785,1.8138024383015836,1.512798120992424,1.8807633135246073,1.969412416775069,2.169946708400925
2026-06-17,1.8208277486467805,1.6988536740617983,2.250280690784385,1.7652119507645547,1.6121581995661551,1.6054955015131,1.7926164983768647,2.161920552190611,2.5986908622488087,1.745817841295397,1.7072696619714918,1.905582951512622,1.6123730100304055,1.7858074174089584,1.4895231078971283,1.8574279149079151,1.936494534327343,2.135767006701866
2026-06-18,1.8127454213669707,1.6883793201216923,2.2434147135656746,1.7552733947320134,1.603645672521753,1.6000838833285538,1.7798372425384723,2.1545015816808073,2.617621382476023,1.7441562962532744,1.7035171936330857,1.901267381092979,1.6078537679082463,1.785250335477482,1.4826989411054725,1.851076783406683,1.9320390658849103,2.140024442755373
2026-06-22,1.8073842537137865,1.681455421036949,2.2434771595014618,1.751249584408263,1.592706855932552,1.596283436668224,1.7710158222644652,2.155457535484061,2.627109122839086,1.7446724088311232,1.701132807132067,1.9002600740435012,1.6076790378692165,1.779476234878481,1.4826911726023382,1.8494498246583089,1.9308329478279893,2.1444898344313152
2026-06-23,1.8211112585769762,1.6943765383076248,2.2561312401155487,1.7663958609422101,1.6066419603928643,1.6039032785195537,1.7914336285232495,2.1662920138336976,2.5926195845176823,1.7525197633859109,1.7090435915275592,1.9113249692268652,1.6176725439777004,1.785341445168499,1.4926230092293042,1.8634202613037951,1.9426648515897742,2.1372530047856455
2026-06-24,1.8211012253599812,1.6948801877801114,2.2623646790291394,1.765202706342526,1.6013405718938916,1.6037524963784682,1.786095640122589,2.1715681395102613,2.593207077503698,1.7524126042085495,1.7096370840451094,1.922265154565259,1.6210221929935815,1.7817042724732397,1.4945500425620772,1.86501433247952,1.953778463518676,2.1478166875728872
2026-06-25,1.8091120072296774,1.6815914349302652,2.255251090911061,1.7532216847939588,1.588087723730183,1.5987761724423166,1.7755865445074348,2.1700717161130374,2.613754269241639,1.7517402980145993,1.707074551690329,1.9220871002362254,1.619609606798981,1.7850908076154484,1.4911445127482998,1.8565919720476438,1.9545645300781416,2.163030515253949
2026-06-26,1.8333977094112284,1.7062568213433316,2.2813477939960616,1.7778486326593412,1.613601042253564,1.61571247456749,1.798062915961041,2.1972822399741867,2.606863440486747,1.759891433304988,1.71519419821858,1.9400090937935943,1.6315523330245898,1.8024016530744391,1.5027918609933981,1.865169310347024,1.9727160094442793,2.169148962861334
2026-06-29,1.8312489429611287,1.6996342838476548,2.2808086237180825,1.7752131421795068,1.60633771421418,1.6171388922832879,1.7946473450558993,2.1975038823275606,2.635979462067434,1.755146739272004,1.7101655984170006,1.9354133651058605,1.63024870039277,1.7990981210900425,1.5032471722882248,1.8656945707245753,1.9665625370554982,2.1723463478907847
2026-06-30,1.8215074920992835,1.6906038936136183,2.2713097256731967,1.7671719366869454,1.5956643633895613,1.6087159956831327,1.7791565175666915,2.1871610566438378,2.648396046759739,1.7540832179595722,1.7096011014130943,1.9299343109421125,1.626443360811609,1.7939380637898155,1.4984572045590692,1.8625993768555695,1.961149079458733,2.175259284086188
2026-07-01,1.8342642879206286,1.7060166568175035,2.28898525945735,1.781164297206159,1.6056405981388506,1.6212184115353612,1.7916763966195899,2.2040149690057547,2.6411136254009695,1.7588245611133413,1.7156316613196785,1.9420132635405967,1.6353780999743557,1.8063971298936317,1.507037402937209,1.873202671005083,1.9732045467053683,2.1815288454443724
2026-07-02,1.8698204646745145,1.7451224912329344,2.3310458946905106,1.8166704389735864,1.6365045424756044,1.6492029069936476,1.8265942107733137,2.2481090179004233,2.640139934296764,1.7880558078359354,1.7439919808648674,1.9751814211651386,1.6605538341625028,1.8359242997391716,1.5288532755959543,1.8979384317448322,2.0065213141660383,2.1978313979045554
2026-07-06,1.8642568807685527,1.7397604666761195,2.328338445642604,1.8109667419218907,1.6301745307688429,1.6490948818549878,1.8190998359045771,2.244546397403748,2.6598991707137656,1.786765100753777,1.742202284128089,1.9667188392273713,1.6566854697893485,1.8315465549258245,1.5249638685294566,1.8956003701964683,1.9980970580903024,2.2004847909423133
2026-07-07,1.8795712882099582,1.7547745265766463,2.337882933243525,1.8250883270330518,1.6465498261055997,1.6577036572893773,1.8377985285293406,2.254587075918485,2.6380768455070904,1.7996376219675307,1.7559087799514332,1.979147475870973,1.669894139824536,1.8439828076923372,1.538831794258661,1.9108555401096041,2.00993557278812,2.199645921662105
2026-07-08,1.8644125534427383,1.7377020384669426,2.313195004574619,1.808983968473165,1.6348886942194147,1.6419840803937842,1.8212069452233788,2.2305446067970878,2.621741663540095,1.7948202744857833,1.7501688453961932,1.9598870381668776,1.6590251891315781,1.839190086271636,1.5316165348645836,1.9000495192023326,1.9896564096507592,2.1786387022021816
2026-07-09,1.8522059508294646,1.7236221839685022,2.308052962011792,1.794492611386473,1.6230970883883458,1.6377712560707953,1.8024513008982803,2.226557558560604,2.644446567219233,1.7849275455337201,1.7403042095448806,1.957933522192478,1.6502502959506489,1.8287054045243711,1.525143965288873,1.8893252593795582,1.9878137434882135,2.191789421178585
2026-07-10,1.8602685092112239,1.730548259332509,2.311087342108313,1.8002674836375423,1.63200955627128,1.641123994276112,1.8140061323421472,2.228614498452552,2.645196706187414,1.7900751729700939,1.7456933565554018,1.96537215126735,1.6534551116761003,1.8363080922310153,1.5323588073076853,1.897116484114372,1.9955371776846065,2.1980084566898137
2026-07-13,1.8700120091187422,1.7408221849646193,2.316368168285725,1.8078940901688845,1.6427049041199766,1.6452398784562767,1.8262084725016523,2.234031618986012,2.621273603725452,1.7984876097286953,1.7551916122161362,1.9727746101486856,1.6632409112842104,1.8489438629666899,1.5414515214046858,1.9053058482155707,2.001680578209682,2.19625382612922
2026-07-14,1.8563735458195463,1.7238844609373765,2.2952598498821675,1.7891216589058074,1.6344828066222232,1.6305123583542929,1.8128763384381346,2.210181502458877,2.621011511522221,1.7878278589695678,1.7437017428681802,1.9569842901805317,1.655029447049276,1.8422659956583183,1.5290987913345908,1.892178910233979,1.9855214931392662,2.1894940294927263
2026-07-15,1.8503016111198216,1.7227143590909924,2.2912558284711673,1.7812842166751135,1.6307550265329864,1.631211879430432,1.8061060103556301,2.209975377529305,2.611975711877659,1.7839396828157565,1.7413612902781803,1.9522311994187034,1.647077866709182,1.8402385014722427,1.5216844476253708,1.8839532560327006,1.979449895850722,2.1843247162055506
